image_id,label,xmin,ymin,xmax,ymax,bbox_width,bbox_height,bbox_area
000001,0,223,90,286,131,63,41,2583
000002,0,488,90,539,130,51,40,2040
000003,0,151,129,313,252,162,123,19926
000004,0,331,115,441,185,110,70,7700
000005,0,382,143,485,230,103,87,8961
000006,0,248,125,495,297,247,172,42484
000007,0,1,99,658,462,657,363,238491
000008,0,264,94,648,331,384,237,91008
000009,0,203,80,614,384,411,304,124944
000010,0,180,103,445,331,265,228,60420
000011,0,340,140,483,208,143,68,9724
000012,1,254,153,575,356,321,203,65163
000013,1,179,223,277,326,98,103,10094
000014,0,63,93,716,406,653,313,204389
000015,0,115,91,484,335,369,244,90036
000016,0,308,97,538,217,230,120,27600
000017,0,395,159,436,216,41,57,2337
000018,0,157,67,635,478,478,411,196458
000019,0,130,68,677,487,547,419,229193
000020,0,286,153,365,203,79,50,3950
000021,0,211,139,285,205,74,66,4884
000022,0,89,160,165,272,76,112,8512
000023,1,223,237,318,345,95,108,10260
000024,0,58,142,420,368,362,226,81812
000025,0,203,79,304,137,101,58,5858
000026,0,87,111,243,199,156,88,13728
000027,0,214,91,295,144,81,53,4293
000028,0,111,114,194,162,83,48,3984
000029,0,79,106,448,328,369,222,81918
000030,0,106,118,376,352,270,234,63180
000031,0,124,75,211,125,87,50,4350
000032,0,239,250,297,357,58,107,6206
000033,0,340,217,404,269,64,52,3328
000034,0,299,149,357,209,58,60,3480
000035,0,153,62,694,372,541,310,167710
000036,0,70,64,449,336,379,272,103088
000037,0,101,54,406,266,305,212,64660
000038,0,174,69,373,218,199,149,29651
000039,0,210,62,336,162,126,100,12600
000040,0,177,50,400,221,223,171,38133
000041,0,179,135,604,409,425,274,116450
000042,0,264,178,333,256,69,78,5382
000043,0,236,159,326,204,90,45,4050
000044,0,403,83,460,125,57,42,2394
000045,0,300,118,497,367,197,249,49053
000046,0,211,105,501,300,290,195,56550
000047,0,313,107,538,341,225,234,52650
000048,0,410,133,635,325,225,192,43200
000049,0,294,187,367,268,73,81,5913
000050,0,204,193,268,260,64,67,4288
000051,0,302,77,404,175,102,98,9996
000052,0,278,84,380,184,102,100,10200
000053,0,395,69,569,202,174,133,23142
000054,0,206,82,285,155,79,73,5767
000055,0,168,74,350,198,182,124,22568
000056,1,196,189,281,277,85,88,7480
000057,0,290,75,503,210,213,135,28755
000058,1,302,197,383,274,81,77,6237
000059,0,325,181,546,339,221,158,34918
000060,0,324,174,579,362,255,188,47940
000061,0,331,80,552,195,221,115,25415
000062,0,346,91,544,201,198,110,21780
000063,0,206,185,464,367,258,182,46956
000064,0,305,119,571,269,266,150,39900
000065,0,316,61,490,143,174,82,14268
000066,1,104,130,230,255,126,125,15750
000067,1,162,143,307,280,145,137,19865
000068,0,241,88,364,192,123,104,12792
000069,0,279,121,443,364,164,243,39852
000070,0,214,148,299,218,85,70,5950
000071,0,135,56,591,290,456,234,106704
000072,0,267,123,599,279,332,156,51792
000073,0,223,153,580,276,357,123,43911
000074,0,311,167,396,217,85,50,4250
000075,0,136,174,334,264,198,90,17820
000076,1,149,165,262,301,113,136,15368
000077,1,172,124,236,194,64,70,4480
000078,1,251,55,359,161,108,106,11448
000079,1,109,86,201,143,92,57,5244
000080,1,170,87,279,155,109,68,7412
000081,1,335,233,417,313,82,80,6560
000082,0,307,161,389,258,82,97,7954
000083,0,243,170,315,261,72,91,6552
000084,0,314,172,410,282,96,110,10560
000085,1,160,93,243,219,83,126,10458
000086,0,427,232,456,265,29,33,957
000087,0,357,155,393,179,36,24,864
000088,1,177,81,282,186,105,105,11025
000089,1,282,72,395,167,113,95,10735
000090,1,270,126,352,206,82,80,6560
000091,0,446,115,520,189,74,74,5476
000092,0,459,93,517,169,58,76,4408
000093,0,324,127,461,200,137,73,10001
000094,1,286,216,392,309,106,93,9858
000095,1,315,228,423,307,108,79,8532
000096,1,284,267,357,360,73,93,6789
000097,1,363,152,407,196,44,44,1936
000098,1,252,150,331,223,79,73,5767
000099,0,57,66,419,420,362,354,128148
000100,0,151,57,457,288,306,231,70686
000101,1,336,150,561,323,225,173,38925
000102,1,358,174,510,352,152,178,27056
000103,1,434,163,539,274,105,111,11655
000104,0,324,66,479,187,155,121,18755
000105,0,382,66,625,174,243,108,26244
000106,0,184,119,288,232,104,113,11752
000107,0,171,130,336,259,165,129,21285
000108,1,308,130,515,284,207,154,31878
000109,1,255,142,423,312,168,170,28560
000110,1,420,119,522,230,102,111,11322
000111,0,313,74,474,202,161,128,20608
000112,0,364,86,524,213,160,127,20320
000113,0,99,110,553,319,454,209,94886
000114,1,328,82,403,187,75,105,7875
000115,1,315,145,384,206,69,61,4209
000116,1,349,156,397,209,48,53,2544
000117,0,421,79,594,196,173,117,20241
000118,0,293,100,444,192,151,92,13892
000119,0,492,85,671,222,179,137,24523
000120,0,435,96,682,179,247,83,20501
000121,0,341,164,587,358,246,194,47724
000122,0,398,171,498,261,100,90,9000
000123,0,423,196,500,256,77,60,4620
000124,0,300,151,528,284,228,133,30324
000125,0,114,84,435,319,321,235,75435
000126,0,179,105,435,267,256,162,41472
000127,0,226,98,379,244,153,146,22338
000128,0,99,70,439,333,340,263,89420
000129,0,88,58,428,324,340,266,90440
000130,0,180,163,268,233,88,70,6160
000131,0,343,196,398,257,55,61,3355
000132,0,267,177,351,258,84,81,6804
000133,0,411,75,572,180,161,105,16905
000134,0,322,80,364,111,42,31,1302
000135,0,382,47,546,158,164,111,18204
000136,0,166,102,234,138,68,36,2448
000137,0,145,66,422,325,277,259,71743
000138,0,347,70,591,337,244,267,65148
000139,0,413,82,601,299,188,217,40796
000140,0,190,90,509,369,319,279,89001
000141,0,176,82,501,378,325,296,96200
000142,0,224,99,552,378,328,279,91512
000143,0,246,118,345,177,99,59,5841
000144,0,281,113,326,163,45,50,2250
000145,0,165,78,223,111,58,33,1914
000146,1,210,149,296,228,86,79,6794
000147,1,213,115,311,197,98,82,8036
000148,0,314,117,382,166,68,49,3332
000149,0,354,43,501,181,147,138,20286
000150,1,319,92,551,209,232,117,27144
000151,0,240,147,438,265,198,118,23364
000152,0,218,143,420,264,202,121,24442
000153,0,281,124,438,262,157,138,21666
000154,0,253,131,411,229,158,98,15484
000155,0,202,119,392,259,190,140,26600
000156,0,307,58,436,192,129,134,17286
000157,0,267,84,315,139,48,55,2640
000158,0,390,178,463,242,73,64,4672
000159,0,103,156,324,376,221,220,48620
000160,0,305,157,345,195,40,38,1520
000161,0,382,154,419,202,37,48,1776
000162,0,184,93,495,418,311,325,101075
000163,1,127,169,201,226,74,57,4218
000164,1,179,166,261,257,82,91,7462
000165,0,284,100,367,178,83,78,6474
000166,0,338,106,406,186,68,80,5440
000167,0,206,125,279,207,73,82,5986
000168,0,162,127,332,262,170,135,22950
000169,0,323,158,421,237,98,79,7742
000170,1,19,71,187,173,168,102,17136
000171,0,179,67,328,141,149,74,11026
000172,0,199,92,293,142,94,50,4700
000173,0,267,116,465,270,198,154,30492
000174,0,131,119,313,272,182,153,27846
000175,0,264,94,473,267,209,173,36157
000176,0,349,109,539,258,190,149,28310
000177,0,287,119,379,197,92,78,7176
000178,1,193,71,335,172,142,101,14342
000179,1,217,74,342,145,125,71,8875
000180,1,349,85,525,289,176,204,35904
000181,1,333,85,511,280,178,195,34710
000182,1,243,94,465,301,222,207,45954
000183,1,130,118,546,409,416,291,121056
000184,0,255,92,691,479,436,387,168732
000185,0,286,186,606,475,320,289,92480
000186,1,234,85,504,338,270,253,68310
000187,0,315,93,372,155,57,62,3534
000188,0,184,75,545,419,361,344,124184
000189,0,322,52,701,393,379,341,129239
000190,0,151,185,475,443,324,258,83592
000191,0,280,103,483,367,203,264,53592
000192,0,197,82,364,185,167,103,17201
000193,0,152,91,609,331,457,240,109680
000194,1,188,140,403,363,215,223,47945
000195,1,204,84,610,332,406,248,100688
000196,1,342,165,473,280,131,115,15065
000197,0,385,125,567,262,182,137,24934
000198,0,406,146,515,253,109,107,11663
000199,0,198,156,268,195,70,39,2730
000200,1,335,108,447,201,112,93,10416
000201,0,337,166,395,219,58,53,3074
000202,0,174,92,406,242,232,150,34800
000203,0,106,69,507,344,401,275,110275
000204,0,65,52,604,346,539,294,158466
000205,0,331,107,533,251,202,144,29088
000206,0,285,103,443,224,158,121,19118
000207,0,315,169,390,220,75,51,3825
000208,0,376,179,488,260,112,81,9072
000209,0,54,51,685,382,631,331,208861
000210,0,110,59,588,393,478,334,159652
000211,0,168,69,623,355,455,286,130130
000212,0,110,82,424,357,314,275,86350
000213,0,279,141,376,239,97,98,9506
000214,0,232,162,327,218,95,56,5320
000215,0,410,153,474,193,64,40,2560
000216,0,23,66,648,451,625,385,240625
000217,0,430,133,554,210,124,77,9548
000218,0,202,159,305,227,103,68,7004
000219,0,327,142,432,198,105,56,5880
000220,0,427,122,487,157,60,35,2100
000221,0,354,249,451,297,97,48,4656
000222,0,359,108,558,274,199,166,33034
000223,0,259,110,464,273,205,163,33415
000224,0,270,186,408,303,138,117,16146
000225,0,295,179,422,296,127,117,14859
000226,0,343,192,425,304,82,112,9184
000227,0,152,200,244,261,92,61,5612
000228,0,182,141,504,386,322,245,78890
000229,0,203,137,299,220,96,83,7968
000230,0,350,142,438,227,88,85,7480
000231,0,395,133,553,218,158,85,13430
000232,0,434,138,505,216,71,78,5538
000233,0,285,133,392,221,107,88,9416
000234,0,242,150,315,201,73,51,3723
000235,0,256,46,489,151,233,105,24465
000236,0,223,179,290,214,67,35,2345
000237,0,158,103,580,372,422,269,113518
000238,0,448,201,512,245,64,44,2816
000239,0,143,64,608,441,465,377,175305
000240,1,311,96,424,220,113,124,14012
000241,0,100,56,564,355,464,299,138736
000242,0,63,99,481,266,418,167,69806
000243,0,303,186,464,284,161,98,15778
000244,0,310,165,441,264,131,99,12969
000245,0,319,165,427,267,108,102,11016
000246,0,520,130,570,182,50,52,2600
000247,0,276,265,382,333,106,68,7208
000248,0,294,229,377,281,83,52,4316
000249,1,326,94,453,218,127,124,15748
000250,1,95,81,369,244,274,163,44662
000251,1,125,61,302,220,177,159,28143
000252,0,440,134,509,205,69,71,4899
000253,0,323,166,380,264,57,98,5586
000254,0,371,197,535,287,164,90,14760
000255,0,529,134,575,189,46,55,2530
000256,0,356,96,461,165,105,69,7245
000257,1,167,95,393,292,226,197,44522
000258,1,167,110,398,295,231,185,42735
000259,0,167,211,324,356,157,145,22765
000260,0,140,232,270,333,130,101,13130
000261,0,194,70,578,366,384,296,113664
000262,0,285,65,614,319,329,254,83566
000263,1,120,121,366,300,246,179,44034
000264,1,137,144,332,320,195,176,34320
000265,0,252,60,396,142,144,82,11808
000266,0,187,109,435,322,248,213,52824
000267,0,312,281,434,386,122,105,12810
000268,0,318,89,433,177,115,88,10120
000269,0,239,74,355,182,116,108,12528
000270,1,233,184,306,302,73,118,8614
000271,0,313,91,416,161,103,70,7210
000272,0,297,117,422,192,125,75,9375
000273,0,303,95,420,156,117,61,7137
000274,0,390,173,433,218,43,45,1935
000275,0,361,95,476,173,115,78,8970
000276,0,237,100,472,189,235,89,20915
000277,0,121,85,241,154,120,69,8280
000278,0,384,126,422,153,38,27,1026
000279,0,307,118,387,180,80,62,4960
000280,0,264,113,350,175,86,62,5332
000281,0,387,143,477,201,90,58,5220
000282,0,291,179,387,253,96,74,7104
000283,0,185,44,536,363,351,319,111969
000284,0,223,170,319,245,96,75,7200
000285,0,198,80,441,274,243,194,47142
000286,0,292,125,390,193,98,68,6664
000287,0,167,73,551,435,384,362,139008
000288,0,216,87,562,404,346,317,109682
000289,0,408,135,562,213,154,78,12012
000290,0,308,173,395,264,87,91,7917
000291,1,140,170,215,299,75,129,9675
000292,0,19,114,475,389,456,275,125400
000293,0,176,184,272,298,96,114,10944
000294,0,148,196,213,242,65,46,2990
000295,0,199,105,492,438,293,333,97569
000296,0,292,122,530,440,238,318,75684
000297,1,133,115,303,247,170,132,22440
000298,1,159,68,288,241,129,173,22317
000299,0,240,173,531,351,291,178,51798
000300,0,363,167,584,356,221,189,41769
000301,0,468,96,741,411,273,315,85995
000302,0,476,124,571,204,95,80,7600
000303,0,254,99,680,400,426,301,128226
000304,0,103,118,602,345,499,227,113273
000305,0,319,74,393,135,74,61,4514
000306,0,425,116,508,179,83,63,5229
000307,0,57,88,594,308,537,220,118140
000308,0,337,189,395,236,58,47,2726
000309,0,222,161,294,232,72,71,5112
000310,0,269,193,417,289,148,96,14208
000311,0,84,107,649,430,565,323,182495
000312,0,129,109,540,441,411,332,136452
000313,0,367,139,440,180,73,41,2993
000314,0,85,39,638,344,553,305,168665
000315,0,212,38,619,345,407,307,124949
000316,0,349,61,625,270,276,209,57684
000317,0,198,90,584,360,386,270,104220
000318,0,255,115,505,267,250,152,38000
000319,0,186,72,613,306,427,234,99918
000320,0,339,122,477,189,138,67,9246
000321,1,75,119,200,231,125,112,14000
000322,1,143,110,282,221,139,111,15429
000323,0,102,108,580,426,478,318,152004
000324,0,78,83,528,395,450,312,140400
000325,0,215,51,333,147,118,96,11328
000326,0,385,155,489,264,104,109,11336
000327,0,348,103,413,135,65,32,2080
000328,0,354,170,451,287,97,117,11349
000329,0,436,159,522,295,86,136,11696
000330,0,354,98,435,138,81,40,3240
000331,0,341,240,388,260,47,20,940
000332,0,215,280,266,319,51,39,1989
000333,0,239,95,420,211,181,116,20996
000334,0,235,139,321,219,86,80,6880
000335,0,200,104,344,164,144,60,8640
000336,0,170,73,354,185,184,112,20608
000337,0,213,66,393,178,180,112,20160
000338,0,165,81,265,142,100,61,6100
000339,0,302,149,543,295,241,146,35186
000340,0,274,116,488,273,214,157,33598
000341,0,151,87,640,335,489,248,121272
000342,0,412,247,471,296,59,49,2891
000343,0,353,99,464,169,111,70,7770
000344,0,331,127,519,242,188,115,21620
000345,0,283,259,433,348,150,89,13350
000346,0,369,147,446,221,77,74,5698
000347,0,489,127,577,213,88,86,7568
000348,0,155,79,588,418,433,339,146787
000349,0,241,117,650,386,409,269,110021
000350,0,203,105,619,427,416,322,133952
000351,0,332,140,631,374,299,234,69966
000352,1,131,105,277,237,146,132,19272
000353,0,240,210,390,355,150,145,21750
000354,1,164,99,314,230,150,131,19650
000355,1,277,53,484,249,207,196,40572
000356,0,427,115,491,163,64,48,3072
000357,0,365,211,538,386,173,175,30275
000358,0,245,193,434,379,189,186,35154
000359,0,354,260,388,299,34,39,1326
000360,0,224,126,587,333,363,207,75141
000361,0,277,130,519,264,242,134,32428
000362,0,283,106,437,229,154,123,18942
000363,0,90,86,635,391,545,305,166225
000364,0,129,105,522,423,393,318,124974
000365,0,371,191,411,209,40,18,720
000366,0,500,188,569,252,69,64,4416
000367,0,208,87,317,195,109,108,11772
000368,0,177,87,206,112,29,25,725
000369,0,218,95,319,154,101,59,5959
000370,0,356,90,400,122,44,32,1408
000371,0,192,127,374,258,182,131,23842
000372,0,205,122,372,243,167,121,20207
000373,0,290,279,397,350,107,71,7597
000374,0,429,181,522,259,93,78,7254
000375,0,311,207,380,278,69,71,4899
000376,0,360,167,466,232,106,65,6890
000377,0,140,63,630,327,490,264,129360
000378,0,128,61,561,323,433,262,113446
000379,0,189,192,225,238,36,46,1656
000380,0,372,359,389,389,17,30,510
000381,0,537,220,651,359,114,139,15846
000382,0,490,234,614,368,124,134,16616
000383,0,330,110,390,151,60,41,2460
000384,0,338,190,460,284,122,94,11468
000385,0,108,159,202,234,94,75,7050
000386,1,58,101,206,227,148,126,18648
000387,0,109,81,307,208,198,127,25146
000388,0,153,91,205,120,52,29,1508
000389,0,171,77,253,147,82,70,5740
000390,0,285,84,425,162,140,78,10920
000391,0,211,96,645,521,434,425,184450
000392,0,386,148,493,210,107,62,6634
000393,0,470,201,554,250,84,49,4116
000394,0,421,176,663,345,242,169,40898
000395,0,403,206,529,373,126,167,21042
000396,0,390,169,629,332,239,163,38957
000397,0,248,156,316,194,68,38,2584
000398,0,345,170,510,282,165,112,18480
000399,0,233,180,386,290,153,110,16830
000400,0,393,95,446,151,53,56,2968
000401,0,311,79,394,140,83,61,5063
000402,0,212,98,364,177,152,79,12008
000403,0,82,133,546,338,464,205,95120
000404,0,138,118,533,332,395,214,84530
000405,0,182,62,337,171,155,109,16895
000406,0,313,66,543,236,230,170,39100
000407,0,451,58,593,146,142,88,12496
000408,0,207,106,402,227,195,121,23595
000409,0,220,167,279,211,59,44,2596
000410,0,235,217,303,265,68,48,3264
000411,1,178,125,323,251,145,126,18270
000412,1,191,80,348,245,157,165,25905
000413,0,351,60,514,136,163,76,12388
000414,0,296,148,473,239,177,91,16107
000415,0,436,150,530,207,94,57,5358
000416,1,168,114,352,243,184,129,23736
000417,0,145,139,627,385,482,246,118572
000418,0,36,143,400,349,364,206,74984
000419,0,123,158,239,254,116,96,11136
000420,0,273,130,297,162,24,32,768
000421,0,365,98,388,130,23,32,736
000422,0,608,193,638,223,30,30,900
000423,0,347,159,429,228,82,69,5658
000424,0,428,161,499,231,71,70,4970
000425,0,482,81,519,119,37,38,1406
000426,0,280,158,501,248,221,90,19890
000427,0,232,108,606,357,374,249,93126
000428,0,192,261,259,313,67,52,3484
000429,0,302,126,465,252,163,126,20538
000430,0,475,237,546,282,71,45,3195
000431,0,263,106,366,155,103,49,5047
000432,0,281,162,324,216,43,54,2322
000433,0,435,172,480,211,45,39,1755
000434,0,511,93,662,203,151,110,16610
000435,0,290,161,482,282,192,121,23232
000436,0,325,116,399,169,74,53,3922
000437,0,168,189,357,391,189,202,38178
000438,0,224,220,433,423,209,203,42427
000439,0,253,113,541,268,288,155,44640
000440,0,104,105,767,435,663,330,218790
000441,0,297,125,570,245,273,120,32760
000442,0,284,114,314,152,30,38,1140
000443,0,514,171,661,308,147,137,20139
000444,0,316,147,458,276,142,129,18318
000445,0,139,163,216,228,77,65,5005
000446,0,347,103,421,151,74,48,3552
000447,0,104,81,233,194,129,113,14577
000448,0,307,215,352,267,45,52,2340
000449,0,260,224,301,292,41,68,2788
000450,0,403,91,454,133,51,42,2142
000451,0,276,141,429,236,153,95,14535
000452,0,244,192,309,239,65,47,3055
000453,0,350,188,404,230,54,42,2268
000454,0,268,116,314,145,46,29,1334
000455,0,352,66,494,164,142,98,13916
000456,0,179,169,297,259,118,90,10620
000457,0,131,178,203,231,72,53,3816
000458,0,225,141,366,214,141,73,10293
000459,0,179,93,212,115,33,22,726
000460,0,223,123,354,188,131,65,8515
000461,0,195,119,325,188,130,69,8970
000462,0,315,168,386,218,71,50,3550
000463,0,245,175,293,227,48,52,2496
000464,1,229,130,402,264,173,134,23182
000465,0,490,67,610,129,120,62,7440
000466,0,263,147,341,210,78,63,4914
000467,0,80,107,445,346,365,239,87235
000468,0,90,58,433,335,343,277,95011
000469,0,411,240,507,305,96,65,6240
000470,0,381,122,544,224,163,102,16626
000471,0,356,172,539,312,183,140,25620
000472,0,385,182,559,320,174,138,24012
000473,0,130,159,338,289,208,130,27040
000474,0,138,112,229,187,91,75,6825
000475,0,289,183,333,219,44,36,1584
000476,0,503,134,550,186,47,52,2444
000477,0,243,195,269,228,26,33,858
000478,0,390,126,426,167,36,41,1476
000479,0,332,131,373,171,41,40,1640
000480,0,220,168,284,230,64,62,3968
000481,0,416,197,492,275,76,78,5928
000482,1,273,60,441,197,168,137,23016
000483,1,271,67,452,210,181,143,25883
000484,0,196,87,247,129,51,42,2142
000485,0,145,153,282,246,137,93,12741
000486,0,305,82,341,109,36,27,972
000487,0,289,118,334,162,45,44,1980
000488,0,468,123,501,150,33,27,891
000489,0,500,146,556,186,56,40,2240
000490,0,346,194,436,238,90,44,3960
000491,0,306,248,358,291,52,43,2236
000492,1,272,56,449,195,177,139,24603
000493,0,390,214,531,320,141,106,14946
000494,0,387,218,524,322,137,104,14248
000495,0,536,217,627,271,91,54,4914
000496,0,52,47,463,269,411,222,91242
000497,0,478,138,648,258,170,120,20400
000498,1,284,51,447,189,163,138,22494
000499,0,215,172,259,211,44,39,1716
000500,1,231,57,410,198,179,141,25239
000501,0,250,86,598,326,348,240,83520
000502,0,216,93,570,336,354,243,86022
000503,0,204,79,567,337,363,258,93654
000504,0,424,118,492,158,68,40,2720
000505,0,155,238,249,308,94,70,6580
000506,0,306,195,473,309,167,114,19038
000507,0,259,186,305,230,46,44,2024
000508,0,289,135,352,191,63,56,3528
000509,0,187,93,582,328,395,235,92825
000510,0,251,121,272,150,21,29,609
000511,0,236,158,259,192,23,34,782
000512,1,178,53,404,203,226,150,33900
000513,1,227,60,394,212,167,152,25384
000514,0,342,127,454,184,112,57,6384
000515,0,281,109,337,154,56,45,2520
000516,0,358,164,413,207,55,43,2365
000517,0,260,188,312,223,52,35,1820
000518,0,271,111,357,171,86,60,5160
000519,0,253,188,361,271,108,83,8964
000520,1,210,184,403,314,193,130,25090
000521,0,346,174,495,296,149,122,18178
000522,0,365,176,510,284,145,108,15660
000523,0,280,169,401,277,121,108,13068
000524,0,239,127,416,227,177,100,17700
000525,0,421,168,465,210,44,42,1848
000526,1,311,196,441,318,130,122,15860
000527,0,484,235,517,275,33,40,1320
000528,0,134,78,309,149,175,71,12425
000529,0,301,288,395,328,94,40,3760
000530,0,416,270,450,308,34,38,1292
000531,0,311,68,342,103,31,35,1085
000532,0,411,206,581,328,170,122,20740
000533,0,337,180,394,226,57,46,2622
000534,0,402,275,499,362,97,87,8439
000535,0,145,170,295,286,150,116,17400
000536,0,425,130,525,199,100,69,6900
000537,0,197,106,316,215,119,109,12971
000538,0,272,140,308,178,36,38,1368
000539,1,410,187,579,297,169,110,18590
000540,0,137,156,570,410,433,254,109982
000541,0,453,264,546,303,93,39,3627
000542,0,191,245,233,279,42,34,1428
000543,0,225,97,301,143,76,46,3496
000544,0,381,224,436,271,55,47,2585
000545,0,251,200,301,238,50,38,1900
000546,0,299,148,377,204,78,56,4368
000547,0,373,105,581,227,208,122,25376
000548,0,313,191,402,250,89,59,5251
000549,0,474,219,504,248,30,29,870
000550,0,500,99,581,137,81,38,3078
000551,0,133,72,296,154,163,82,13366
000552,0,411,125,458,163,47,38,1786
000553,0,514,154,628,234,114,80,9120
000554,0,338,223,397,251,59,28,1652
000555,0,260,182,299,215,39,33,1287
000556,0,344,160,399,200,55,40,2200
000557,0,370,113,448,171,78,58,4524
000558,0,299,129,386,174,87,45,3915
000559,0,123,99,313,179,190,80,15200
000560,0,167,95,333,188,166,93,15438
000561,0,340,105,376,140,36,35,1260
000562,0,388,126,425,159,37,33,1221
000563,1,309,57,393,140,84,83,6972
000564,1,323,182,406,278,83,96,7968
000565,0,103,196,303,306,200,110,22000
000566,0,323,129,362,166,39,37,1443
000567,0,219,137,259,159,40,22,880
000568,0,220,60,397,167,177,107,18939
000569,0,217,57,373,127,156,70,10920
000570,0,83,130,143,171,60,41,2460
000571,0,189,62,551,335,362,273,98826
000572,0,74,123,212,302,138,179,24702
000573,0,223,65,527,317,304,252,76608
000574,0,428,93,603,203,175,110,19250
000575,0,334,125,385,159,51,34,1734
000576,0,382,155,417,210,35,55,1925
000577,0,288,98,526,226,238,128,30464
000578,0,197,146,279,186,82,40,3280
000579,0,197,129,253,167,56,38,2128
000580,0,143,106,578,345,435,239,103965
000581,0,150,121,200,170,50,49,2450
000582,0,311,142,353,187,42,45,1890
000583,0,273,112,312,159,39,47,1833
000584,0,262,113,297,146,35,33,1155
000585,0,259,82,306,119,47,37,1739
000586,0,409,89,468,142,59,53,3127
000587,0,235,135,287,178,52,43,2236
000588,0,261,131,497,234,236,103,24308
000589,0,345,90,404,126,59,36,2124
000590,0,346,109,396,133,50,24,1200
000591,0,327,78,472,183,145,105,15225
000592,0,448,330,539,393,91,63,5733
000593,0,257,126,360,190,103,64,6592
000594,0,353,166,470,306,117,140,16380
000595,0,275,193,328,235,53,42,2226
000596,0,295,119,350,164,55,45,2475
000597,0,342,95,424,148,82,53,4346
000598,0,168,123,220,166,52,43,2236
000599,0,374,167,593,294,219,127,27813
000600,0,318,101,378,124,60,23,1380
000601,0,249,217,330,272,81,55,4455
000602,0,511,163,639,294,128,131,16768
000603,0,381,118,589,256,208,138,28704
000604,0,265,159,325,214,60,55,3300
000605,0,288,158,357,215,69,57,3933
000606,0,434,143,497,202,63,59,3717
000607,0,316,86,361,142,45,56,2520
000608,0,300,105,332,134,32,29,928
000609,0,341,133,381,159,40,26,1040
000610,0,259,138,320,176,61,38,2318
000611,0,448,212,485,243,37,31,1147
000612,0,394,53,497,114,103,61,6283
000613,0,295,39,404,109,109,70,7630
000614,0,245,45,381,102,136,57,7752
000615,0,197,117,272,148,75,31,2325
000616,0,240,204,350,327,110,123,13530
000617,0,373,159,489,226,116,67,7772
000618,1,185,139,271,224,86,85,7310
000619,1,157,143,245,227,88,84,7392
000620,1,174,154,261,243,87,89,7743
000621,0,442,362,605,526,163,164,26732
000622,0,442,322,624,492,182,170,30940
000623,0,424,336,584,505,160,169,27040
000624,0,357,173,668,443,311,270,83970
000625,0,211,126,608,413,397,287,113939
000626,0,381,325,551,495,170,170,28900
000627,1,268,146,392,260,124,114,14136
000628,0,404,177,500,225,96,48,4608
000629,1,535,140,639,199,104,59,6136
000630,0,469,186,544,242,75,56,4200
000631,0,551,174,729,308,178,134,23852
000632,0,172,49,450,286,278,237,65886
000633,0,280,167,402,252,122,85,10370
000634,0,185,30,502,246,317,216,68472
000635,0,276,72,386,183,110,111,12210
000636,0,281,66,607,333,326,267,87042
000637,0,287,58,422,172,135,114,15390
000638,0,224,155,588,401,364,246,89544
000639,0,328,133,412,186,84,53,4452
000640,0,473,152,535,194,62,42,2604
000641,0,317,147,362,192,45,45,2025
000642,0,304,164,546,339,242,175,42350
000643,0,201,150,268,201,67,51,3417
000644,0,234,160,299,206,65,46,2990
000645,0,207,139,321,248,114,109,12426
000646,1,495,145,576,199,81,54,4374
000647,1,167,59,490,271,323,212,68476
000648,0,203,81,404,179,201,98,19698
000649,0,372,118,502,203,130,85,11050
000650,0,199,211,277,312,78,101,7878
000651,0,321,236,476,328,155,92,14260
000652,0,311,170,454,279,143,109,15587
000653,0,287,171,454,291,167,120,20040
000654,0,369,180,478,320,109,140,15260
000655,0,330,29,528,161,198,132,26136
000656,0,434,195,473,242,39,47,1833
000657,0,330,89,438,182,108,93,10044
000658,0,410,107,489,180,79,73,5767
000659,0,299,110,410,178,111,68,7548
000660,0,504,271,550,319,46,48,2208
000661,0,95,101,541,389,446,288,128448
000662,0,166,129,246,185,80,56,4480
000663,0,78,41,331,269,253,228,57684
000664,0,300,135,361,168,61,33,2013
000665,0,295,109,333,152,38,43,1634
000666,1,337,89,514,238,177,149,26373
000667,1,203,79,546,326,343,247,84721
000668,1,179,177,355,321,176,144,25344
000669,0,378,111,493,184,115,73,8395
000670,0,132,43,306,125,174,82,14268
000671,0,342,84,384,133,42,49,2058
000672,0,135,216,286,276,151,60,9060
000673,0,110,157,178,235,68,78,5304
000674,0,279,153,517,367,238,214,50932
000675,0,265,135,353,192,88,57,5016
000676,0,409,184,453,231,44,47,2068
000677,0,281,188,337,238,56,50,2800
000678,0,237,166,273,200,36,34,1224
000679,1,382,115,476,200,94,85,7990
000680,1,273,288,402,389,129,101,13029
000681,1,364,151,417,226,53,75,3975
000682,1,493,154,539,215,46,61,2806
000683,1,230,169,420,314,190,145,27550
000684,1,449,133,539,223,90,90,8100
000685,1,179,53,344,210,165,157,25905
000686,1,342,111,472,183,130,72,9360
000687,1,357,45,559,187,202,142,28684
000688,1,396,53,569,183,173,130,22490
000689,1,333,53,501,199,168,146,24528
000690,1,292,130,428,232,136,102,13872
000691,1,231,69,344,160,113,91,10283
000692,1,326,91,420,171,94,80,7520
000693,1,296,109,392,222,96,113,10848
000694,1,316,142,433,208,117,66,7722
000695,1,311,118,475,214,164,96,15744
000696,1,336,47,497,186,161,139,22379
000697,1,347,136,418,217,71,81,5751
000698,1,294,78,467,197,173,119,20587
000699,1,363,231,434,305,71,74,5254
000700,1,388,107,494,243,106,136,14416
000701,1,266,119,328,193,62,74,4588
000702,1,181,239,268,369,87,130,11310
000703,1,317,111,385,219,68,108,7344
000704,1,284,122,345,203,61,81,4941
000705,1,348,170,434,255,86,85,7310
000706,1,249,217,351,323,102,106,10812
000707,1,301,66,482,155,181,89,16109
000708,1,133,70,297,178,164,108,17712
000709,1,382,83,559,204,177,121,21417
000710,1,128,42,289,154,161,112,18032
000711,1,150,58,379,194,229,136,31144
000712,1,146,51,365,196,219,145,31755
000713,1,168,152,225,223,57,71,4047
000714,1,357,126,416,204,59,78,4602
000715,1,403,120,491,205,88,85,7480
000716,1,296,115,390,210,94,95,8930
000717,1,102,146,240,260,138,114,15732
000718,1,210,123,342,230,132,107,14124
000719,1,258,90,342,170,84,80,6720
000720,1,380,240,461,327,81,87,7047
000721,1,255,61,396,194,141,133,18753
000722,1,263,58,400,162,137,104,14248
000723,1,279,94,401,202,122,108,13176
000724,1,313,81,586,203,273,122,33306
000725,1,264,89,369,182,105,93,9765
000726,1,319,137,392,214,73,77,5621
000727,1,367,65,545,250,178,185,32930
000728,1,129,121,452,353,323,232,74936
000729,1,183,105,540,357,357,252,89964
000730,1,264,103,608,367,344,264,90816
000731,1,322,207,474,369,152,162,24624
000732,1,236,99,414,271,178,172,30616
000733,1,370,31,565,197,195,166,32370
000734,1,143,90,206,146,63,56,3528
000735,1,152,114,195,148,43,34,1462
000736,1,340,61,464,202,124,141,17484
000737,1,301,83,405,196,104,113,11752
000738,1,220,186,301,283,81,97,7857
000739,1,364,142,452,251,88,109,9592
000740,1,253,119,358,214,105,95,9975
000741,1,219,114,332,212,113,98,11074
000742,1,319,33,368,109,49,76,3724
000743,1,224,105,319,184,95,79,7505
000744,1,282,101,321,146,39,45,1755
000745,1,376,87,477,185,101,98,9898
000746,1,349,183,410,262,61,79,4819
000747,1,211,67,602,337,391,270,105570
000748,1,216,74,300,160,84,86,7224
000749,1,331,224,421,320,90,96,8640
000750,1,158,39,468,248,310,209,64790
000751,1,357,164,431,294,74,130,9620
000752,1,288,140,372,210,84,70,5880
000753,1,279,139,361,218,82,79,6478
000754,1,401,170,453,218,52,48,2496
000755,1,363,208,435,274,72,66,4752
000756,1,154,178,212,279,58,101,5858
000757,1,424,254,495,347,71,93,6603
000758,1,341,99,428,204,87,105,9135
000759,1,460,86,564,171,104,85,8840
000760,1,465,85,558,164,93,79,7347
000761,1,424,210,513,307,89,97,8633
000762,1,309,161,366,219,57,58,3306
000763,1,385,184,517,309,132,125,16500
000764,1,271,109,543,339,272,230,62560
000765,1,259,101,562,284,303,183,55449
000766,1,252,71,497,283,245,212,51940
000767,1,366,82,453,191,87,109,9483
000768,1,292,82,380,179,88,97,8536
000769,1,347,83,411,159,64,76,4864
000770,1,298,111,484,288,186,177,32922
000771,1,293,77,413,187,120,110,13200
000772,1,269,71,412,196,143,125,17875
000773,1,292,77,428,195,136,118,16048
000774,1,307,74,428,191,121,117,14157
000775,1,375,117,544,301,169,184,31096
000776,1,414,72,553,186,139,114,15846
000777,1,430,247,560,373,130,126,16380
000778,1,434,239,582,377,148,138,20424
000779,1,306,234,415,324,109,90,9810
000780,1,213,131,293,192,80,61,4880
000781,1,291,119,364,188,73,69,5037
000782,1,277,69,368,137,91,68,6188
000783,1,319,91,390,159,71,68,4828
000784,1,350,95,513,220,163,125,20375
000785,1,388,94,558,220,170,126,21420
000786,1,353,91,515,215,162,124,20088
000787,1,348,122,429,243,81,121,9801
000788,1,230,174,347,270,117,96,11232
000789,1,343,150,466,250,123,100,12300
000790,1,371,119,505,221,134,102,13668
000791,1,381,122,483,234,102,112,11424
000792,1,360,180,434,274,74,94,6956
000793,1,363,135,412,188,49,53,2597
000794,1,315,61,545,203,230,142,32660
000795,1,537,252,598,316,61,64,3904
000796,1,294,193,418,299,124,106,13144
000797,1,286,251,372,367,86,116,9976
000798,1,303,109,378,172,75,63,4725
000799,1,402,289,485,386,83,97,8051
000800,1,157,85,349,223,192,138,26496
000801,1,534,255,696,441,162,186,30132
000802,1,248,108,414,257,166,149,24734
000803,1,151,113,307,258,156,145,22620
000804,1,500,139,622,269,122,130,15860
000805,1,350,156,493,286,143,130,18590
000806,1,321,140,438,231,117,91,10647
000807,1,204,115,374,257,170,142,24140
000808,1,375,244,492,380,117,136,15912
000809,1,449,250,547,367,98,117,11466
000810,1,293,42,444,142,151,100,15100
000811,1,442,172,618,335,176,163,28688
000812,1,279,188,435,336,156,148,23088
000813,1,374,201,526,369,152,168,25536
000814,1,316,220,493,383,177,163,28851
000815,1,308,131,410,227,102,96,9792
000816,1,252,153,321,222,69,69,4761
000817,1,385,99,513,164,128,65,8320
000818,1,323,139,438,230,115,91,10465
000819,1,421,204,497,292,76,88,6688
000820,1,279,134,408,228,129,94,12126
000821,1,248,109,402,234,154,125,19250
000822,1,372,198,493,328,121,130,15730
000823,1,385,144,537,267,152,123,18696
000824,1,331,123,489,245,158,122,19276
000825,1,323,123,510,238,187,115,21505
000826,1,171,123,324,313,153,190,29070
000827,1,400,129,540,261,140,132,18480
000828,1,390,115,562,251,172,136,23392
000829,1,378,109,626,257,248,148,36704
000830,1,426,125,496,204,70,79,5530
000831,1,303,134,382,191,79,57,4503
000832,1,276,118,353,202,77,84,6468
000833,1,324,121,378,200,54,79,4266
000834,1,456,139,520,228,64,89,5696
000835,1,399,156,500,262,101,106,10706
000836,1,358,157,452,252,94,95,8930
000837,1,357,220,466,313,109,93,10137
000838,1,426,196,529,312,103,116,11948
000839,1,209,176,376,298,167,122,20374
000840,1,110,168,292,324,182,156,28392
000841,1,296,137,401,266,105,129,13545
000842,1,380,164,520,377,140,213,29820
000843,1,422,159,672,372,250,213,53250
000844,1,314,92,665,356,351,264,92664
000845,1,289,102,637,352,348,250,87000
000846,1,368,106,668,389,300,283,84900
000847,1,311,152,648,394,337,242,81554
000848,1,319,156,685,420,366,264,96624
000849,1,301,144,651,406,350,262,91700
000850,1,208,164,336,270,128,106,13568
000851,1,412,214,449,279,37,65,2405
000852,1,433,271,486,352,53,81,4293
000853,1,336,267,385,339,49,72,3528
000854,1,448,136,531,241,83,105,8715
000855,1,257,175,332,284,75,109,8175
000856,1,104,91,233,204,129,113,14577
000857,1,136,135,309,295,173,160,27680
000858,1,399,211,496,325,97,114,11058
000859,1,353,213,482,325,129,112,14448
000860,1,428,183,479,242,51,59,3009
000861,1,200,196,345,319,145,123,17835
000862,1,476,69,565,137,89,68,6052
000863,1,348,74,426,154,78,80,6240
000864,1,393,182,444,232,51,50,2550
000865,1,295,148,377,224,82,76,6232
000866,1,406,158,466,222,60,64,3840
000867,1,248,267,308,321,60,54,3240
000868,1,267,89,357,194,90,105,9450
000869,1,293,89,377,192,84,103,8652
000870,1,259,171,340,228,81,57,4617
000871,1,249,211,317,274,68,63,4284
000872,1,524,197,594,296,70,99,6930
000873,1,316,197,405,296,89,99,8811
000874,1,307,187,395,274,88,87,7656
000875,1,307,176,406,299,99,123,12177
000876,1,280,156,396,288,116,132,15312
000877,1,354,151,478,295,124,144,17856
000878,1,169,121,324,239,155,118,18290
000879,1,189,134,317,223,128,89,11392
000880,1,285,102,364,227,79,125,9875
000881,1,185,163,293,242,108,79,8532
000882,1,309,191,436,328,127,137,17399
000883,1,365,63,523,216,158,153,24174
000884,1,498,77,631,216,133,139,18487
000885,1,358,131,409,203,51,72,3672
000886,1,291,70,418,174,127,104,13208
000887,1,297,187,412,291,115,104,11960
000888,1,277,157,549,360,272,203,55216
000889,1,215,43,345,162,130,119,15470
000890,1,341,47,454,142,113,95,10735
000891,1,205,151,321,262,116,111,12876
000892,1,299,154,381,266,82,112,9184
000893,1,345,137,442,252,97,115,11155
000894,1,253,144,356,268,103,124,12772
000895,1,184,122,244,195,60,73,4380
000896,1,297,101,376,176,79,75,5925
000897,1,195,139,325,228,130,89,11570
000898,1,245,152,329,260,84,108,9072
000899,1,221,125,373,242,152,117,17784
000900,1,260,90,571,343,311,253,78683
000901,1,468,147,571,234,103,87,8961
000902,1,202,94,303,207,101,113,11413
000903,1,180,114,274,190,94,76,7144
000904,1,158,56,245,134,87,78,6786
000905,1,303,183,469,317,166,134,22244
000906,1,168,171,396,296,228,125,28500
000907,1,348,71,435,149,87,78,6786
000908,1,364,116,407,183,43,67,2881
000909,1,313,180,514,371,201,191,38391
000910,1,274,78,343,151,69,73,5037
000911,1,373,91,434,154,61,63,3843
000912,1,323,78,394,149,71,71,5041
000913,1,223,62,337,186,114,124,14136
000914,1,273,51,416,195,143,144,20592
000915,1,293,77,417,178,124,101,12524
000916,1,175,73,315,162,140,89,12460
000917,1,319,62,453,168,134,106,14204
000918,1,234,314,320,436,86,122,10492
000919,1,334,308,430,420,96,112,10752
000920,1,338,146,408,214,70,68,4760
000921,1,201,178,368,361,167,183,30561
000922,1,273,170,442,254,169,84,14196
000923,1,106,73,679,357,573,284,162732
000924,1,333,82,514,263,181,181,32761
000925,1,316,54,522,194,206,140,28840
000926,1,251,90,481,248,230,158,36340
000927,1,203,135,284,195,81,60,4860
000928,1,213,134,308,191,95,57,5415
000929,1,404,117,496,210,92,93,8556
000930,1,421,127,500,201,79,74,5846
000931,1,263,130,352,227,89,97,8633
000932,1,301,135,401,227,100,92,9200
000933,1,272,164,366,270,94,106,9964
000934,1,275,156,330,217,55,61,3355
000935,1,370,144,460,258,90,114,10260
000936,1,382,176,461,271,79,95,7505
000937,1,389,170,460,264,71,94,6674
000938,1,345,102,489,199,144,97,13968
000939,1,236,152,334,250,98,98,9604
000940,1,425,96,481,153,56,57,3192
000941,1,397,190,518,275,121,85,10285
000942,1,260,184,344,262,84,78,6552
000943,1,401,99,481,173,80,74,5920
000944,1,123,74,168,142,45,68,3060
000945,1,377,105,595,222,218,117,25506
000946,1,469,143,547,196,78,53,4134
000947,1,281,90,505,295,224,205,45920
000948,1,247,187,394,276,147,89,13083
000949,1,344,170,442,310,98,140,13720
000950,1,281,134,438,256,157,122,19154
000951,1,292,81,350,130,58,49,2842
000952,1,350,74,405,113,55,39,2145
000953,1,257,87,366,135,109,48,5232
000954,1,321,82,393,138,72,56,4032
000955,1,244,84,311,137,67,53,3551
000956,1,289,101,406,168,117,67,7839
000957,1,445,142,543,230,98,88,8624
000958,1,432,199,598,339,166,140,23240
000959,1,208,175,381,324,173,149,25777
000960,1,224,167,401,335,177,168,29736
000961,1,267,172,421,303,154,131,20174
000962,1,309,121,374,194,65,73,4745
000963,1,297,111,362,184,65,73,4745
000964,1,280,102,398,198,118,96,11328
000965,1,244,91,368,194,124,103,12772
000966,1,400,129,554,228,154,99,15246
000967,1,422,163,651,353,229,190,43510
000968,1,273,155,534,375,261,220,57420
000969,1,330,151,446,280,116,129,14964
000970,1,340,144,499,286,159,142,22578
000971,1,409,154,554,306,145,152,22040
000972,1,309,154,392,254,83,100,8300
000973,1,318,135,406,271,88,136,11968
000974,1,277,138,396,280,119,142,16898
000975,1,233,125,346,295,113,170,19210
000976,1,253,29,401,122,148,93,13764
000977,1,304,31,444,130,140,99,13860
000978,1,301,87,388,167,87,80,6960
000979,1,294,208,363,291,69,83,5727
000980,1,306,180,394,262,88,82,7216
000981,1,232,67,277,125,45,58,2610
000982,1,100,154,229,254,129,100,12900
000983,1,135,119,277,236,142,117,16614
000984,1,255,85,357,208,102,123,12546
000985,1,419,125,669,272,250,147,36750
000986,1,371,144,546,284,175,140,24500
000987,1,226,130,268,186,42,56,2352
000988,1,93,232,157,282,64,50,3200
000989,1,89,213,175,268,86,55,4730
000990,1,469,244,612,353,143,109,15587
000991,1,466,159,534,240,68,81,5508
000992,1,468,218,597,335,129,117,15093
000993,1,221,96,300,172,79,76,6004
000994,1,397,125,460,218,63,93,5859
000995,1,152,77,256,180,104,103,10712
000996,1,422,69,518,167,96,98,9408
000997,1,269,79,372,162,103,83,8549
000998,1,470,77,566,166,96,89,8544
000999,1,303,105,374,187,71,82,5822
001000,1,330,103,422,195,92,92,8464
001001,1,326,98,416,202,90,104,9360
001002,1,417,75,460,137,43,62,2666
001003,1,473,58,534,130,61,72,4392
001004,1,420,86,466,130,46,44,2024
001005,1,292,146,372,232,80,86,6880
001006,1,260,152,349,232,89,80,7120
001007,1,341,106,389,142,48,36,1728
001008,1,312,159,392,254,80,95,7600
001009,1,344,154,449,211,105,57,5985
001010,1,346,240,389,280,43,40,1720
001011,1,142,224,180,262,38,38,1444
001012,1,296,109,511,291,215,182,39130
001013,1,353,119,397,178,44,59,2596
001014,1,419,107,468,159,49,52,2548
001015,1,308,123,487,251,179,128,22912
001016,1,353,140,539,258,186,118,21948
001017,1,317,138,444,308,127,170,21590
001018,1,197,131,327,308,130,177,23010
001019,1,205,140,346,306,141,166,23406
001020,1,187,117,289,203,102,86,8772
001021,1,410,246,474,339,64,93,5952
001022,1,289,252,399,342,110,90,9900
001023,1,431,245,524,339,93,94,8742
001024,1,299,71,510,228,211,157,33127
001025,1,406,95,613,280,207,185,38295
001026,1,482,62,601,167,119,105,12495
001027,1,433,74,540,180,107,106,11342
001028,1,428,55,535,178,107,123,13161
001029,1,501,66,603,160,102,94,9588
001030,1,195,235,241,282,46,47,2162
001031,1,337,271,390,333,53,62,3286
001032,1,513,216,586,314,73,98,7154
001033,1,124,235,196,329,72,94,6768
001034,1,518,114,598,196,80,82,6560
001035,1,530,130,622,235,92,105,9660
001036,1,471,190,548,263,77,73,5621
001037,1,209,90,430,259,221,169,37349
001038,1,338,89,550,240,212,151,32012
001039,1,315,186,390,271,75,85,6375
001040,1,326,119,549,295,223,176,39248
001041,1,192,89,346,182,154,93,14322
001042,1,306,175,378,307,72,132,9504
001043,1,341,217,446,328,105,111,11655
001044,1,463,168,614,286,151,118,17818
001045,1,207,110,258,165,51,55,2805
001046,1,141,129,192,188,51,59,3009
001047,1,285,113,358,185,73,72,5256
001048,1,238,63,329,123,91,60,5460
001049,1,60,97,397,287,337,190,64030
001050,1,106,85,405,270,299,185,55315
001051,1,111,79,450,282,339,203,68817
001052,1,80,87,428,290,348,203,70644
001053,1,95,78,390,280,295,202,59590
001054,1,92,107,289,292,197,185,36445
001055,1,282,145,361,250,79,105,8295
001056,1,75,93,514,340,439,247,108433
001057,1,318,140,421,257,103,117,12051
001058,1,319,207,411,284,92,77,7084
001059,1,141,208,228,296,87,88,7656
001060,1,297,47,426,135,129,88,11352
001061,1,338,101,476,199,138,98,13524
001062,1,277,127,432,303,155,176,27280
001063,1,241,129,412,311,171,182,31122
001064,1,256,160,365,262,109,102,11118
001065,1,315,166,432,279,117,113,13221
001066,1,217,98,472,298,255,200,51000
001067,1,283,132,441,281,158,149,23542
001068,1,306,51,414,124,108,73,7884
001069,1,329,55,409,107,80,52,4160
001070,1,142,191,210,260,68,69,4692
001071,1,305,138,406,226,101,88,8888
001072,1,386,108,455,182,69,74,5106
001073,1,297,139,413,274,116,135,15660
001074,1,244,133,376,272,132,139,18348
001075,1,225,64,288,115,63,51,3213
001076,1,260,113,364,224,104,111,11544
001077,1,328,113,436,239,108,126,13608
001078,1,332,111,432,230,100,119,11900
001079,1,171,99,281,192,110,93,10230
001080,1,282,188,428,309,146,121,17666
001081,1,187,177,338,320,151,143,21593
001082,1,412,251,478,314,66,63,4158
001083,1,416,98,491,186,75,88,6600
001084,1,344,194,472,349,128,155,19840
001085,1,276,198,435,323,159,125,19875
001086,1,358,203,513,352,155,149,23095
001087,1,392,234,485,302,93,68,6324
001088,1,353,167,466,264,113,97,10961
001089,1,281,176,341,263,60,87,5220
001090,1,428,135,484,220,56,85,4760
001091,1,440,121,513,219,73,98,7154
001092,1,469,123,551,231,82,108,8856
001093,1,353,352,441,432,88,80,7040
001094,1,472,343,537,404,65,61,3965
001095,1,171,191,315,287,144,96,13824
001096,1,244,299,357,376,113,77,8701
001097,1,138,62,402,256,264,194,51216
001098,1,561,89,614,144,53,55,2915
001099,1,272,105,356,164,84,59,4956
001100,1,357,111,426,176,69,65,4485
001101,1,457,122,569,217,112,95,10640
001102,1,233,105,292,151,59,46,2714
001103,1,360,98,461,206,101,108,10908
001104,1,288,90,366,183,78,93,7254
001105,1,227,96,326,198,99,102,10098
001106,1,381,269,480,394,99,125,12375
001107,1,322,143,437,241,115,98,11270
001108,1,411,193,502,285,91,92,8372
001109,1,468,179,567,279,99,100,9900
001110,1,470,179,561,277,91,98,8918
001111,1,534,193,638,275,104,82,8528
001112,1,503,193,590,299,87,106,9222
001113,1,247,85,328,155,81,70,5670
001114,1,313,102,404,170,91,68,6188
001115,1,293,111,485,259,192,148,28416
001116,1,397,129,594,295,197,166,32702
001117,1,333,109,578,282,245,173,42385
001118,1,272,157,372,281,100,124,12400
001119,1,271,247,346,329,75,82,6150
001120,1,340,169,397,221,57,52,2964
001121,1,177,77,307,163,130,86,11180
001122,1,200,154,304,238,104,84,8736
001123,1,167,168,237,278,70,110,7700
001124,1,297,99,397,185,100,86,8600
001125,1,171,164,271,244,100,80,8000
001126,1,212,98,285,188,73,90,6570
001127,1,213,114,285,223,72,109,7848
001128,1,292,146,429,239,137,93,12741
001129,1,364,154,476,230,112,76,8512
001130,1,235,148,410,228,175,80,14000
001131,1,340,113,461,219,121,106,12826
001132,1,389,110,513,227,124,117,14508
001133,1,421,107,555,227,134,120,16080
001134,1,457,103,574,224,117,121,14157
001135,1,458,103,582,228,124,125,15500
001136,1,157,97,321,196,164,99,16236
001137,1,298,56,383,145,85,89,7565
001138,1,219,95,554,262,335,167,55945
001139,1,264,71,450,295,186,224,41664
001140,1,268,110,441,347,173,237,41001
001141,1,234,103,406,307,172,204,35088
001142,1,228,172,315,296,87,124,10788
001143,1,446,180,527,304,81,124,10044
001144,1,402,188,469,307,67,119,7973
001145,1,291,159,426,284,135,125,16875
001146,1,340,70,437,148,97,78,7566
001147,1,409,85,502,164,93,79,7347
001148,1,429,82,519,162,90,80,7200
001149,1,428,172,517,247,89,75,6675
001150,1,285,184,354,255,69,71,4899
001151,1,419,207,465,265,46,58,2668
001152,1,326,161,424,241,98,80,7840
001153,1,533,174,604,238,71,64,4544
001154,1,469,173,558,242,89,69,6141
001155,1,378,173,462,261,84,88,7392
001156,1,363,142,410,191,47,49,2303
001157,1,194,69,318,179,124,110,13640
001158,1,332,183,440,283,108,100,10800
001159,1,271,146,328,197,57,51,2907
001160,1,317,105,485,269,168,164,27552
001161,1,324,186,432,321,108,135,14580
001162,1,231,36,340,110,109,74,8066
001163,1,226,150,316,265,90,115,10350
001164,1,170,231,250,312,80,81,6480
001165,1,102,83,535,441,433,358,155014
001166,1,398,159,558,325,160,166,26560
001167,1,255,127,398,219,143,92,13156
001168,1,281,143,365,255,84,112,9408
001169,1,437,150,571,282,134,132,17688
001170,1,324,102,496,223,172,121,20812
001171,1,523,208,617,308,94,100,9400
001172,1,469,200,566,319,97,119,11543
001173,1,207,199,315,316,108,117,12636
001174,1,216,113,308,162,92,49,4508
001175,1,114,144,246,246,132,102,13464
001176,1,368,148,445,272,77,124,9548
001177,1,281,160,361,251,80,91,7280
001178,1,389,93,468,179,79,86,6794
001179,1,324,97,400,182,76,85,6460
001180,1,309,131,396,215,87,84,7308
001181,1,313,59,446,162,133,103,13699
001182,1,458,87,550,213,92,126,11592
001183,1,362,168,468,246,106,78,8268
001184,1,376,170,446,259,70,89,6230
001185,1,275,116,440,240,165,124,20460
001186,1,360,63,610,302,250,239,59750
001187,1,332,186,441,315,109,129,14061
001188,1,320,234,468,382,148,148,21904
001189,1,249,103,329,202,80,99,7920
001190,1,213,105,311,202,98,97,9506
001191,1,299,147,408,240,109,93,10137
001192,1,365,134,477,278,112,144,16128
001193,1,119,73,529,311,410,238,97580
001194,1,195,93,401,258,206,165,33990
001195,1,252,119,482,387,230,268,61640
001196,1,384,137,696,384,312,247,77064
001197,1,205,13,674,489,469,476,223244
001198,1,305,57,653,471,348,414,144072
001199,1,313,227,412,311,99,84,8316
001200,1,483,189,658,311,175,122,21350
001201,1,416,214,587,326,171,112,19152
001202,1,269,250,398,337,129,87,11223
001203,1,405,164,610,343,205,179,36695
001204,1,571,176,791,352,220,176,38720
001205,1,408,173,590,336,182,163,29666
001206,1,267,118,382,242,115,124,14260
001207,1,414,135,502,236,88,101,8888
001208,1,300,83,452,198,152,115,17480
001209,1,320,85,463,215,143,130,18590
001210,1,312,174,414,303,102,129,13158
001211,1,311,105,650,216,339,111,37629
001212,1,193,258,337,386,144,128,18432
001213,1,278,211,384,324,106,113,11978
001214,1,248,233,346,324,98,91,8918
001215,1,265,106,300,147,35,41,1435
001216,1,336,96,380,159,44,63,2772
001217,1,285,115,370,199,85,84,7140
001218,1,421,136,553,272,132,136,17952
001219,1,411,142,476,230,65,88,5720
001220,1,297,120,460,258,163,138,22494
001221,1,161,131,260,242,99,111,10989
001222,1,298,130,387,228,89,98,8722
001223,1,408,106,505,210,97,104,10088
001224,1,257,179,341,276,84,97,8148
001225,1,365,110,472,224,107,114,12198
001226,1,257,168,332,244,75,76,5700
001227,1,200,156,308,228,108,72,7776
001228,1,395,317,468,421,73,104,7592
001229,1,353,84,467,173,114,89,10146
001230,1,452,252,554,346,102,94,9588
001231,1,476,262,583,372,107,110,11770
001232,1,294,183,380,258,86,75,6450
001233,1,227,148,398,323,171,175,29925
001234,1,382,137,582,331,200,194,38800
001235,1,233,129,412,303,179,174,31146
001236,1,212,228,408,355,196,127,24892
001237,1,358,105,559,204,201,99,19899
001238,1,418,78,577,220,159,142,22578
001239,1,334,99,581,234,247,135,33345
001240,1,440,271,504,341,64,70,4480
001241,1,426,239,511,311,85,72,6120
001242,1,187,75,326,180,139,105,14595
001243,1,372,125,448,195,76,70,5320
001244,1,410,110,490,190,80,80,6400
001245,1,68,71,557,317,489,246,120294
001246,1,319,176,378,252,59,76,4484
001247,1,191,87,249,153,58,66,3828
001248,1,319,183,481,361,162,178,28836
001249,1,215,228,373,399,158,171,27018
001250,1,308,102,445,191,137,89,12193
001251,1,354,95,449,188,95,93,8835
001252,1,325,118,413,200,88,82,7216
001253,1,373,106,465,194,92,88,8096
001254,1,471,104,569,187,98,83,8134
001255,1,250,89,339,147,89,58,5162
001256,1,247,149,322,211,75,62,4650
001257,1,284,134,440,246,156,112,17472
001258,1,213,67,418,192,205,125,25625
001259,1,267,86,453,231,186,145,26970
001260,1,179,156,274,258,95,102,9690
001261,1,263,114,367,281,104,167,17368
001262,1,47,114,180,263,133,149,19817
001263,1,196,67,326,175,130,108,14040
001264,1,219,53,402,203,183,150,27450
001265,1,240,29,425,184,185,155,28675
001266,1,209,140,273,198,64,58,3712
001267,1,249,156,323,227,74,71,5254
001268,1,339,187,426,275,87,88,7656
001269,1,349,125,480,223,131,98,12838
001270,1,149,179,327,332,178,153,27234
001271,1,472,147,537,219,65,72,4680
001272,1,380,121,448,200,68,79,5372
001273,1,163,98,225,171,62,73,4526
001274,1,417,123,484,206,67,83,5561
001275,1,385,119,486,219,101,100,10100
001276,1,348,93,417,174,69,81,5589
001277,1,295,171,460,327,165,156,25740
001278,1,149,189,282,321,133,132,17556
001279,1,150,147,270,270,120,123,14760
001280,1,195,155,309,284,114,129,14706
001281,1,363,143,441,240,78,97,7566
001282,1,331,152,407,237,76,85,6460
001283,1,238,108,290,173,52,65,3380
001284,1,241,163,386,284,145,121,17545
001285,1,499,215,612,339,113,124,14012
001286,1,497,134,565,211,68,77,5236
001287,1,327,107,489,244,162,137,22194
001288,1,234,110,366,240,132,130,17160
001289,1,152,76,299,176,147,100,14700
001290,1,313,170,410,246,97,76,7372
001291,1,324,203,404,274,80,71,5680
001292,1,220,135,376,244,156,109,17004
001293,1,401,87,594,194,193,107,20651
001294,1,151,26,598,363,447,337,150639
001295,1,292,122,404,256,112,134,15008
001296,1,264,93,398,220,134,127,17018
001297,1,115,127,404,331,289,204,58956
001298,1,102,107,353,312,251,205,51455
001299,1,377,198,456,282,79,84,6636
001300,1,136,79,360,284,224,205,45920
001301,1,167,116,672,306,505,190,95950
001302,1,147,130,585,306,438,176,77088
001303,1,337,126,606,333,269,207,55683
001304,1,29,116,338,349,309,233,71997
001305,1,100,78,436,315,336,237,79632
001306,1,1,81,324,325,323,244,78812
001307,1,302,122,419,213,117,91,10647
001308,1,280,170,376,252,96,82,7872
001309,1,236,161,342,255,106,94,9964
001310,1,201,171,329,258,128,87,11136
001311,1,236,236,325,311,89,75,6675
001312,1,87,41,270,184,183,143,26169
001313,1,368,119,454,196,86,77,6622
001314,1,333,216,502,295,169,79,13351
001315,1,381,140,461,211,80,71,5680
001316,1,381,167,558,336,177,169,29913
001317,1,211,208,469,382,258,174,44892
001318,1,365,224,456,312,91,88,8008
001319,1,424,194,520,276,96,82,7872
001320,1,327,206,375,259,48,53,2544
001321,1,480,241,628,367,148,126,18648
001322,1,311,146,354,208,43,62,2666
001323,1,275,91,424,212,149,121,18029
001324,1,292,138,320,195,28,57,1596
001325,1,225,211,348,332,123,121,14883
001326,1,407,177,527,312,120,135,16200
001327,1,196,65,585,267,389,202,78578
001328,1,301,143,384,220,83,77,6391
001329,1,309,119,389,199,80,80,6400
001330,1,255,37,424,174,169,137,23153
001331,1,424,142,513,212,89,70,6230
001332,1,521,126,579,200,58,74,4292
001333,1,228,105,320,168,92,63,5796
001334,1,46,138,140,226,94,88,8272
001335,1,328,131,392,216,64,85,5440
001336,1,300,238,397,321,97,83,8051
001337,1,233,75,286,114,53,39,2067
001338,1,281,73,317,112,36,39,1404
001339,1,208,121,281,181,73,60,4380
001340,1,196,68,269,131,73,63,4599
001341,1,269,45,414,194,145,149,21605
001342,1,244,171,338,279,94,108,10152
001343,1,362,154,441,242,79,88,6952
001344,1,330,142,437,226,107,84,8988
001345,1,177,111,330,275,153,164,25092
001346,1,275,98,434,223,159,125,19875
001347,1,411,184,456,252,45,68,3060
001348,1,244,129,346,240,102,111,11322
001349,1,301,156,469,306,168,150,25200
001350,1,284,106,374,178,90,72,6480
001351,1,384,99,472,187,88,88,7744
001352,1,184,88,265,146,81,58,4698
001353,1,313,113,466,289,153,176,26928
001354,1,242,93,421,301,179,208,37232
001355,1,290,177,527,338,237,161,38157
001356,1,482,191,555,274,73,83,6059
001357,1,336,54,445,122,109,68,7412
001358,1,319,78,418,143,99,65,6435
001359,1,341,180,513,374,172,194,33368
001360,1,385,163,492,267,107,104,11128
001361,1,303,159,420,282,117,123,14391
001362,1,128,97,326,252,198,155,30690
001363,1,454,191,502,255,48,64,3072
001364,1,243,184,296,259,53,75,3975
001365,1,280,179,356,275,76,96,7296
001366,1,401,117,591,241,190,124,23560
001367,1,233,179,368,294,135,115,15525
001368,1,431,172,561,288,130,116,15080
001369,1,378,187,502,290,124,103,12772
001370,1,333,170,482,275,149,105,15645
001371,1,233,149,313,233,80,84,6720
001372,1,463,305,563,407,100,102,10200
001373,1,325,165,396,255,71,90,6390
001374,1,106,160,240,331,134,171,22914
001375,1,185,133,321,303,136,170,23120
001376,1,181,187,280,279,99,92,9108
001377,1,393,175,502,278,109,103,11227
001378,1,333,191,441,271,108,80,8640
001379,1,227,179,398,328,171,149,25479
001380,1,344,174,453,271,109,97,10573
001381,1,412,119,488,223,76,104,7904
001382,1,273,105,366,202,93,97,9021
001383,1,353,111,444,216,91,105,9555
001384,1,262,57,365,153,103,96,9888
001385,1,243,127,669,370,426,243,103518
001386,1,253,67,364,124,111,57,6327
001387,1,185,70,275,124,90,54,4860
001388,1,363,240,435,363,72,123,8856
001389,1,204,242,319,374,115,132,15180
001390,1,312,159,421,268,109,109,11881
001391,1,390,61,497,158,107,97,10379
001392,1,549,129,674,259,125,130,16250
001393,1,155,171,320,328,165,157,25905
001394,1,280,181,351,239,71,58,4118
001395,1,342,135,478,258,136,123,16728
001396,1,215,118,268,172,53,54,2862
001397,1,251,147,412,250,161,103,16583
001398,1,477,219,543,272,66,53,3498
001399,1,300,127,441,266,141,139,19599
001400,1,276,94,374,184,98,90,8820
001401,1,214,99,338,183,124,84,10416
001402,1,438,269,544,390,106,121,12826
001403,1,557,316,689,413,132,97,12804
001404,1,40,29,460,334,420,305,128100
001405,1,370,164,520,250,150,86,12900
001406,1,352,122,497,246,145,124,17980
001407,1,299,93,462,256,163,163,26569
001408,1,223,50,561,311,338,261,88218
001409,1,144,53,657,304,513,251,128763
001410,1,114,54,643,331,529,277,146533
001411,1,308,79,663,292,355,213,75615
001412,1,357,77,617,267,260,190,49400
001413,1,268,133,418,266,150,133,19950
001414,1,153,130,277,264,124,134,16616
001415,1,275,151,385,264,110,113,12430
001416,1,354,146,445,274,91,128,11648
001417,1,303,102,428,210,125,108,13500
001418,1,392,113,550,230,158,117,18486
001419,1,283,158,354,211,71,53,3763
001420,1,204,146,442,306,238,160,38080
001421,1,241,59,372,150,131,91,11921
001422,1,261,69,382,155,121,86,10406
001423,1,346,164,431,272,85,108,9180
001424,1,367,133,430,204,63,71,4473
001425,1,198,105,343,201,145,96,13920
001426,1,305,106,463,230,158,124,19592
001427,1,314,258,449,355,135,97,13095
001428,1,287,115,362,236,75,121,9075
001429,1,259,102,376,216,117,114,13338
001430,1,250,116,386,211,136,95,12920
001431,1,325,115,390,201,65,86,5590
001432,1,57,76,165,179,108,103,11124
001433,1,165,74,269,177,104,103,10712
001434,1,209,78,325,155,116,77,8932
001435,1,276,119,369,184,93,65,6045
001436,1,255,107,369,200,114,93,10602
001437,1,247,98,337,155,90,57,5130
001438,1,188,131,320,254,132,123,16236
001439,1,280,106,400,227,120,121,14520
001440,1,428,134,482,203,54,69,3726
001441,1,166,65,245,152,79,87,6873
001442,1,208,169,330,303,122,134,16348
001443,1,286,143,509,376,223,233,51959
001444,1,202,74,321,155,119,81,9639
001445,1,160,206,387,331,227,125,28375
001446,1,376,88,530,184,154,96,14784
001447,1,410,264,518,360,108,96,10368
001448,1,315,117,450,251,135,134,18090
001449,1,138,222,410,367,272,145,39440
001450,1,397,87,578,214,181,127,22987
001451,1,509,83,681,211,172,128,22016
001452,1,289,222,523,377,234,155,36270
001453,1,546,290,662,395,116,105,12180
001454,1,265,117,356,218,91,101,9191
001455,1,244,115,361,227,117,112,13104
001456,1,338,118,400,190,62,72,4464
001457,1,414,214,509,317,95,103,9785
001458,1,223,218,326,325,103,107,11021
001459,1,263,208,346,314,83,106,8798
001460,1,331,81,490,194,159,113,17967
001461,1,246,170,495,349,249,179,44571
001462,1,326,230,514,430,188,200,37600
001463,1,317,227,573,433,256,206,52736
001464,1,327,242,544,444,217,202,43834
001465,1,301,167,377,243,76,76,5776
001466,1,291,105,426,234,135,129,17415
001467,1,308,121,410,254,102,133,13566
001468,1,346,167,405,235,59,68,4012
001469,1,225,114,397,265,172,151,25972
001470,1,437,157,496,226,59,69,4071
001471,1,384,117,489,226,105,109,11445
001472,1,297,110,406,226,109,116,12644
001473,1,319,118,429,247,110,129,14190
001474,1,406,117,472,191,66,74,4884
001475,1,244,125,332,218,88,93,8184
001476,1,244,131,325,211,81,80,6480
001477,1,244,91,448,259,204,168,34272
001478,1,187,66,452,235,265,169,44785
001479,1,233,150,500,299,267,149,39783
001480,1,485,157,607,309,122,152,18544
001481,1,209,207,326,289,117,82,9594
001482,1,229,168,421,299,192,131,25152
001483,1,235,164,372,343,137,179,24523
001484,1,192,171,288,296,96,125,12000
001485,1,300,138,386,263,86,125,10750
001486,1,265,158,350,284,85,126,10710
001487,1,337,156,446,291,109,135,14715
001488,1,222,73,317,160,95,87,8265
001489,1,307,214,384,329,77,115,8855
001490,1,440,51,496,134,56,83,4648
001491,1,402,82,473,139,71,57,4047
001492,1,429,67,494,139,65,72,4680
001493,1,283,89,409,184,126,95,11970
001494,1,324,231,476,391,152,160,24320
001495,1,189,114,288,203,99,89,8811
001496,1,143,81,346,224,203,143,29029
001497,1,82,79,295,217,213,138,29394
001498,1,219,81,337,178,118,97,11446
001499,1,267,94,353,199,86,105,9030
001500,1,345,67,466,171,121,104,12584
001501,1,307,76,422,165,115,89,10235
001502,1,276,74,409,188,133,114,15162
001503,1,295,73,412,174,117,101,11817
001504,1,304,81,420,175,116,94,10904
001505,1,366,213,450,294,84,81,6804
001506,1,136,183,235,270,99,87,8613
001507,1,519,123,622,211,103,88,9064
001508,1,266,98,381,221,115,123,14145
001509,1,493,119,571,217,78,98,7644
001510,1,345,34,562,235,217,201,43617
001511,1,345,39,585,262,240,223,53520
001512,1,239,231,370,343,131,112,14672
001513,1,168,255,316,381,148,126,18648
001514,1,353,42,459,153,106,111,11766
001515,1,376,59,476,147,100,88,8800
001516,1,224,58,357,164,133,106,14098
001517,1,277,104,366,194,89,90,8010
001518,1,132,51,418,291,286,240,68640
001519,1,248,138,374,219,126,81,10206
001520,1,238,139,378,229,140,90,12600
001521,1,176,61,579,283,403,222,89466
001522,1,320,207,447,333,127,126,16002
001523,1,309,164,431,286,122,122,14884
001524,1,149,38,362,171,213,133,28329
001525,1,104,30,340,168,236,138,32568
001526,1,361,231,425,309,64,78,4992
001527,1,506,177,614,294,108,117,12636
001528,1,531,81,648,196,117,115,13455
001529,1,183,189,264,270,81,81,6561
001530,1,365,69,520,186,155,117,18135
001531,1,271,108,414,247,143,139,19877
001532,1,204,66,372,242,168,176,29568
001533,1,193,79,362,240,169,161,27209
001534,1,185,194,287,278,102,84,8568
001535,1,215,122,364,231,149,109,16241
001536,1,325,194,498,310,173,116,20068
001537,1,400,200,473,307,73,107,7811
001538,1,336,240,436,343,100,103,10300
001539,1,345,247,426,339,81,92,7452
001540,1,260,59,523,255,263,196,51548
001541,1,265,54,488,246,223,192,42816
001542,1,126,61,615,336,489,275,134475
001543,1,208,148,256,215,48,67,3216
001544,1,347,134,414,226,67,92,6164
001545,1,106,168,197,248,91,80,7280
001546,1,362,124,464,210,102,86,8772
001547,1,250,143,414,232,164,89,14596
001548,1,262,126,357,218,95,92,8740
001549,1,297,92,546,272,249,180,44820
001550,1,181,184,404,316,223,132,29436
001551,1,340,163,546,309,206,146,30076
001552,1,151,85,320,228,169,143,24167
001553,1,199,91,312,230,113,139,15707
001554,1,103,112,221,206,118,94,11092
001555,1,189,117,313,240,124,123,15252
001556,1,202,62,260,111,58,49,2842
001557,1,346,75,461,228,115,153,17595
001558,1,380,79,472,200,92,121,11132
001559,1,228,123,311,204,83,81,6723
001560,1,212,123,312,223,100,100,10000
001561,1,255,74,370,180,115,106,12190
001562,1,409,77,518,172,109,95,10355
001563,1,288,105,418,204,130,99,12870
001564,1,436,94,547,176,111,82,9102
001565,1,276,89,394,164,118,75,8850
001566,1,432,87,535,168,103,81,8343
001567,1,392,142,484,216,92,74,6808
001568,1,334,151,409,228,75,77,5775
001569,1,289,77,361,172,72,95,6840
001570,1,337,59,424,150,87,91,7917
001571,1,112,25,501,303,389,278,108142
001572,1,327,123,406,215,79,92,7268
001573,1,235,115,421,298,186,183,34038
001574,1,172,30,458,264,286,234,66924
001575,1,201,13,574,268,373,255,95115
001576,1,123,11,412,247,289,236,68204
001577,1,236,18,606,270,370,252,93240
001578,1,289,190,404,335,115,145,16675
001579,1,220,58,434,252,214,194,41516
001580,1,257,26,505,222,248,196,48608
001581,1,300,119,448,278,148,159,23532
001582,1,222,113,298,182,76,69,5244
001583,1,203,172,454,332,251,160,40160
001584,1,169,148,350,335,181,187,33847
001585,1,334,125,437,270,103,145,14935
001586,1,323,109,485,315,162,206,33372
001587,1,392,129,549,278,157,149,23393
001588,1,422,120,575,265,153,145,22185
001589,1,300,148,380,254,80,106,8480
001590,1,143,155,254,267,111,112,12432
001591,1,155,155,241,278,86,123,10578
001592,1,222,79,479,213,257,134,34438
001593,1,232,137,288,210,56,73,4088
001594,1,349,95,460,191,111,96,10656
001595,1,282,186,373,292,91,106,9646
001596,1,202,198,294,294,92,96,8832
001597,1,404,57,645,214,241,157,37837
001598,1,64,82,322,216,258,134,34572
001599,1,295,111,397,196,102,85,8670
001600,1,267,47,488,155,221,108,23868
001601,1,337,107,559,267,222,160,35520
001602,1,100,69,563,377,463,308,142604
001603,1,164,38,674,319,510,281,143310
001604,1,256,102,384,203,128,101,12928
001605,1,295,146,443,282,148,136,20128
001606,1,282,131,421,244,139,113,15707
001607,1,152,57,518,251,366,194,71004
001608,1,87,65,474,282,387,217,83979
001609,1,136,140,206,199,70,59,4130
001610,1,172,149,240,206,68,57,3876
001611,1,373,69,592,221,219,152,33288
001612,1,95,83,294,226,199,143,28457
001613,1,218,184,322,289,104,105,10920
001614,1,249,238,346,339,97,101,9797
001615,1,234,223,346,299,112,76,8512
001616,1,351,284,451,366,100,82,8200
001617,1,289,245,404,325,115,80,9200
001618,1,284,240,392,336,108,96,10368
001619,1,522,147,580,214,58,67,3886
001620,1,376,191,450,299,74,108,7992
001621,1,481,167,572,237,91,70,6370
001622,1,303,163,381,232,78,69,5382
001623,1,248,214,322,318,74,104,7696
001624,1,317,158,392,248,75,90,6750
001625,1,505,113,559,179,54,66,3564
001626,1,326,119,421,195,95,76,7220
001627,1,244,86,325,166,81,80,6480
001628,1,369,93,477,178,108,85,9180
001629,1,232,73,332,159,100,86,8600
001630,1,337,142,533,335,196,193,37828
001631,1,246,120,441,323,195,203,39585
001632,1,284,234,382,351,98,117,11466
001633,1,467,160,514,220,47,60,2820
001634,1,91,153,176,228,85,75,6375
001635,1,313,133,542,246,229,113,25877
001636,1,309,124,492,250,183,126,23058
001637,1,417,180,474,250,57,70,3990
001638,1,285,140,362,214,77,74,5698
001639,1,366,163,428,264,62,101,6262
001640,1,96,65,212,154,116,89,10324
001641,1,259,84,371,179,112,95,10640
001642,1,323,164,470,319,147,155,22785
001643,1,353,154,432,239,79,85,6715
001644,1,305,159,372,231,67,72,4824
001645,1,72,94,412,293,340,199,67660
001646,1,209,137,424,344,215,207,44505
001647,1,360,110,477,255,117,145,16965
001648,1,388,133,522,235,134,102,13668
001649,1,362,95,470,180,108,85,9180
001650,1,168,188,394,357,226,169,38194
001651,1,107,158,410,328,303,170,51510
001652,1,409,134,460,180,51,46,2346
001653,1,329,125,506,235,177,110,19470
001654,1,284,110,460,234,176,124,21824
001655,1,444,118,615,197,171,79,13509
001656,1,288,99,418,236,130,137,17810
001657,1,291,99,425,250,134,151,20234
001658,1,281,107,412,247,131,140,18340
001659,1,365,129,562,246,197,117,23049
001660,1,360,147,537,278,177,131,23187
001661,1,294,159,449,291,155,132,20460
001662,1,237,158,336,290,99,132,13068
001663,1,394,218,534,343,140,125,17500
001664,1,449,149,526,245,77,96,7392
001665,1,275,147,585,512,310,365,113150
001666,1,179,217,255,299,76,82,6232
001667,1,486,198,584,298,98,100,9800
001668,1,262,145,328,227,66,82,5412
001669,1,312,160,444,271,132,111,14652
001670,1,176,98,267,180,91,82,7462
001671,1,88,144,169,236,81,92,7452
001672,1,188,49,473,187,285,138,39330
001673,1,425,71,575,200,150,129,19350
001674,1,407,130,504,224,97,94,9118
001675,1,275,82,627,384,352,302,106304
001676,1,387,113,502,211,115,98,11270
001677,1,409,164,502,251,93,87,8091
001678,1,377,144,428,199,51,55,2805
001679,1,236,125,297,259,61,134,8174
001680,1,337,135,440,240,103,105,10815
001681,1,240,176,323,244,83,68,5644
001682,1,222,164,304,245,82,81,6642
001683,1,177,165,330,298,153,133,20349
001684,1,195,168,324,315,129,147,18963
001685,1,214,86,292,164,78,78,6084
001686,1,478,185,608,329,130,144,18720
001687,1,319,241,381,309,62,68,4216
001688,1,371,101,458,199,87,98,8526
001689,1,209,101,373,234,164,133,21812
001690,1,358,115,493,218,135,103,13905
001691,1,224,125,339,259,115,134,15410
001692,1,201,188,296,258,95,70,6650
001693,1,164,29,378,188,214,159,34026
001694,1,42,53,708,468,666,415,276390
001695,1,1,71,718,472,717,401,287517
001696,1,287,71,559,219,272,148,40256
001697,1,191,119,369,283,178,164,29192
001698,1,394,129,533,238,139,109,15151
001699,1,283,126,404,206,121,80,9680
001700,1,204,71,308,171,104,100,10400
001701,1,232,111,284,187,52,76,3952
001702,1,127,117,209,210,82,93,7626
001703,1,142,123,203,202,61,79,4819
001704,1,183,106,260,208,77,102,7854
001705,1,102,118,169,222,67,104,6968
001706,1,538,121,609,187,71,66,4686
001707,1,446,98,547,166,101,68,6868
001708,1,430,136,538,227,108,91,9828
001709,1,311,139,519,347,208,208,43264
001710,1,457,116,561,221,104,105,10920
001711,1,306,140,423,237,117,97,11349
001712,1,363,180,563,343,200,163,32600
001713,1,229,83,509,331,280,248,69440
001714,1,378,118,438,167,60,49,2940
001715,1,136,175,201,284,65,109,7085
001716,1,90,81,373,433,283,352,99616
001717,1,173,134,482,333,309,199,61491
001718,1,212,129,537,315,325,186,60450
001719,1,220,97,542,377,322,280,90160
001720,1,201,83,289,164,88,81,7128
001721,1,193,1,515,206,322,205,66010
001722,1,349,63,529,188,180,125,22500
001723,1,136,1,500,211,364,210,76440
001724,1,325,81,502,236,177,155,27435
001725,1,316,329,406,401,90,72,6480
001726,1,269,304,376,397,107,93,9951
001727,1,248,120,493,350,245,230,56350
001728,1,242,144,520,355,278,211,58658
001729,0,45,50,407,191,362,141,51042
001730,0,297,83,485,189,188,106,19928
001731,0,215,154,417,301,202,147,29694
001732,0,432,130,509,185,77,55,4235
001733,0,487,159,541,201,54,42,2268
001734,0,408,137,454,174,46,37,1702
001735,0,386,130,443,180,57,50,2850
001736,0,438,132,489,181,51,49,2499
001737,0,386,198,436,234,50,36,1800
001738,0,309,189,363,234,54,45,2430
001739,0,179,190,335,268,156,78,12168
001740,0,184,103,225,147,41,44,1804
001741,0,219,103,293,148,74,45,3330
001742,0,372,218,427,267,55,49,2695
001743,0,256,228,319,269,63,41,2583
001744,1,436,163,607,386,171,223,38133
001745,0,326,187,376,217,50,30,1500
001746,1,401,141,602,347,201,206,41406
001747,1,262,144,483,356,221,212,46852
001748,1,323,65,438,207,115,142,16330
001749,1,400,82,538,226,138,144,19872
001750,0,147,52,511,319,364,267,97188
001751,0,310,74,365,113,55,39,2145
001752,0,162,71,424,210,262,139,36418
001753,0,434,217,548,297,114,80,9120
001754,0,363,207,451,284,88,77,6776
001755,0,381,158,453,215,72,57,4104
001756,0,198,99,384,251,186,152,28272
001757,1,433,76,568,220,135,144,19440
001758,0,229,186,295,232,66,46,3036
001759,0,252,153,330,229,78,76,5928
001760,1,233,118,355,254,122,136,16592
001761,1,409,116,529,241,120,125,15000
001762,0,331,111,551,201,220,90,19800
001763,0,339,59,566,196,227,137,31099
001764,0,207,137,283,180,76,43,3268
001765,0,163,133,244,177,81,44,3564
001766,0,318,121,434,204,116,83,9628
001767,0,270,124,376,217,106,93,9858
001768,0,95,90,509,417,414,327,135378
001769,0,337,198,418,230,81,32,2592
001770,0,346,145,599,346,253,201,50853
001771,0,196,191,245,232,49,41,2009
001772,0,450,190,506,236,56,46,2576
001773,0,306,158,386,214,80,56,4480
001774,1,81,88,191,186,110,98,10780
001775,0,399,300,421,348,22,48,1056
001776,0,310,246,347,287,37,41,1517
001777,1,373,160,494,292,121,132,15972
001778,1,373,163,480,263,107,100,10700
001779,0,505,256,679,369,174,113,19662
001780,0,262,248,341,308,79,60,4740
001781,0,298,115,373,155,75,40,3000
001782,0,495,133,558,181,63,48,3024
001783,0,340,108,419,166,79,58,4582
001784,0,278,196,350,240,72,44,3168
001785,0,207,169,487,321,280,152,42560
001786,0,279,138,582,388,303,250,75750
001787,0,335,69,393,108,58,39,2262
001788,1,125,118,231,223,106,105,11130
001789,1,387,155,526,329,139,174,24186
001790,0,247,130,443,341,196,211,41356
001791,0,230,171,382,259,152,88,13376
001792,0,106,80,403,277,297,197,58509
001793,0,300,125,426,181,126,56,7056
001794,0,338,235,396,301,58,66,3828
001795,0,116,169,147,218,31,49,1519
001796,0,338,175,387,209,49,34,1666
001797,0,406,194,454,232,48,38,1824
001798,0,457,201,504,244,47,43,2021
001799,0,366,141,446,211,80,70,5600
001800,0,307,71,454,171,147,100,14700
001801,0,162,91,627,352,465,261,121365
001802,0,160,181,265,246,105,65,6825
001803,0,303,101,566,281,263,180,47340
001804,1,285,182,430,362,145,180,26100
001805,1,355,193,487,332,132,139,18348
001806,0,45,182,102,226,57,44,2508
001807,0,82,185,131,216,49,31,1519
001808,1,238,162,298,216,60,54,3240
001809,1,192,152,271,203,79,51,4029
001810,1,218,142,349,221,131,79,10349
001811,0,240,114,396,185,156,71,11076
001812,0,533,85,643,154,110,69,7590
001813,0,223,86,421,242,198,156,30888
001814,0,280,84,475,253,195,169,32955
001815,0,323,139,484,235,161,96,15456
001816,0,137,159,180,198,43,39,1677
001817,0,176,109,356,213,180,104,18720
001818,0,158,61,541,345,383,284,108772
001819,0,261,195,508,324,247,129,31863
001820,1,224,150,349,233,125,83,10375
001821,1,342,153,416,216,74,63,4662
001822,1,238,167,329,251,91,84,7644
001823,0,126,124,183,162,57,38,2166
001824,0,400,122,459,184,59,62,3658
001825,1,345,176,438,260,93,84,7812
001826,0,309,153,449,230,140,77,10780
001827,1,271,167,353,247,82,80,6560
001828,0,25,148,324,262,299,114,34086
001829,0,418,99,517,163,99,64,6336
001830,0,488,240,568,296,80,56,4480
001831,0,341,190,390,227,49,37,1813
001832,0,422,92,563,214,141,122,17202
001833,0,190,105,248,145,58,40,2320
001834,0,157,93,228,137,71,44,3124
001835,0,203,39,315,113,112,74,8288
001836,0,270,102,381,181,111,79,8769
001837,0,399,196,442,244,43,48,2064
001838,0,388,125,617,296,229,171,39159
001839,1,410,126,593,271,183,145,26535
001840,1,423,103,593,280,170,177,30090
001841,1,532,108,589,177,57,69,3933
001842,1,447,75,654,264,207,189,39123
001843,0,400,102,501,174,101,72,7272
001844,0,341,104,399,149,58,45,2610
001845,0,313,87,553,228,240,141,33840
001846,0,309,236,355,293,46,57,2622
001847,0,416,74,459,116,43,42,1806
001848,0,238,172,378,254,140,82,11480
001849,0,421,206,457,249,36,43,1548
001850,0,348,173,406,227,58,54,3132
001851,0,121,151,230,217,109,66,7194
001852,0,202,181,294,237,92,56,5152
001853,0,188,156,348,269,160,113,18080
001854,0,366,83,444,138,78,55,4290
001855,0,131,119,272,201,141,82,11562
001856,0,400,171,422,210,22,39,858
001857,0,339,145,392,208,53,63,3339
001858,0,428,248,554,314,126,66,8316
001859,0,428,118,568,202,140,84,11760
001860,0,272,127,368,178,96,51,4896
001861,1,255,157,409,285,154,128,19712
001862,0,423,286,613,449,190,163,30970
001863,0,165,106,267,157,102,51,5202
001864,0,327,177,412,243,85,66,5610
001865,0,393,154,475,222,82,68,5576
001866,0,306,130,354,181,48,51,2448
001867,0,208,118,324,204,116,86,9976
001868,0,275,133,390,234,115,101,11615
001869,0,226,104,295,147,69,43,2967
001870,1,407,85,563,189,156,104,16224
001871,0,283,181,346,252,63,71,4473
001872,0,511,115,627,189,116,74,8584
001873,0,313,86,528,220,215,134,28810
001874,0,400,116,555,198,155,82,12710
001875,0,317,179,433,245,116,66,7656
001876,0,267,135,395,230,128,95,12160
001877,0,151,140,246,208,95,68,6460
001878,0,239,122,353,224,114,102,11628
001879,0,323,79,496,237,173,158,27334
001880,0,327,109,593,295,266,186,49476
001881,0,163,120,528,446,365,326,118990
001882,0,483,123,520,153,37,30,1110
001883,0,266,30,393,122,127,92,11684
001884,1,357,99,411,163,54,64,3456
001885,0,355,106,421,140,66,34,2244
001886,0,266,108,452,212,186,104,19344
001887,0,296,125,382,200,86,75,6450
001888,0,157,141,240,208,83,67,5561
001889,0,388,30,452,93,64,63,4032
001890,0,236,71,274,100,38,29,1102
001891,0,167,105,300,200,133,95,12635
001892,0,264,127,678,453,414,326,134964
001893,1,474,125,586,245,112,120,13440
001894,0,463,115,503,149,40,34,1360
001895,0,475,99,504,127,29,28,812
001896,0,527,157,590,203,63,46,2898
001897,0,406,119,487,153,81,34,2754
001898,0,498,135,537,172,39,37,1443
001899,0,156,43,614,375,458,332,152056
001900,0,228,126,258,155,30,29,870
001901,0,243,139,275,162,32,23,736
001902,0,297,93,446,205,149,112,16688
001903,0,396,106,622,234,226,128,28928
001904,1,309,122,437,250,128,128,16384
001905,0,308,127,362,156,54,29,1566
001906,0,343,66,477,139,134,73,9782
001907,0,444,98,484,142,40,44,1760
001908,0,365,200,432,246,67,46,3082
001909,0,274,134,325,166,51,32,1632
001910,0,488,243,554,294,66,51,3366
001911,1,254,129,372,263,118,134,15812
001912,0,247,59,432,143,185,84,15540
001913,0,380,69,473,143,93,74,6882
001914,0,179,87,302,157,123,70,8610
001915,0,282,109,331,148,49,39,1911
001916,0,322,55,428,122,106,67,7102
001917,0,198,190,384,295,186,105,19530
001918,0,238,182,402,284,164,102,16728
001919,0,324,151,456,228,132,77,10164
001920,0,359,143,435,190,76,47,3572
001921,0,324,152,418,237,94,85,7990
001922,0,520,149,599,202,79,53,4187
001923,0,574,138,631,186,57,48,2736
001924,0,156,101,531,364,375,263,98625
001925,0,175,110,553,403,378,293,110754
001926,0,292,116,608,371,316,255,80580
001927,0,283,156,329,206,46,50,2300
001928,0,457,138,488,167,31,29,899
001929,0,208,162,298,258,90,96,8640
001930,0,219,159,268,196,49,37,1813
001931,0,251,188,326,235,75,47,3525
001932,0,142,189,215,234,73,45,3285
001933,0,246,190,308,241,62,51,3162
001934,1,161,82,531,277,370,195,72150
001935,0,549,146,616,194,67,48,3216
001936,0,263,228,301,270,38,42,1596
001937,0,349,217,408,269,59,52,3068
001938,0,206,110,276,142,70,32,2240
001939,0,214,98,295,145,81,47,3807
001940,0,366,97,524,185,158,88,13904
001941,0,94,86,160,139,66,53,3498
001942,0,212,71,365,169,153,98,14994
001943,0,276,74,436,169,160,95,15200
001944,0,449,151,497,188,48,37,1776
001945,0,376,190,414,238,38,48,1824
001946,0,207,177,456,309,249,132,32868
001947,0,157,148,259,205,102,57,5814
001948,1,492,200,561,268,69,68,4692
001949,1,384,133,462,214,78,81,6318
001950,1,243,94,385,215,142,121,17182
001951,1,288,110,386,215,98,105,10290
001952,1,280,85,465,262,185,177,32745
001953,1,374,83,539,243,165,160,26400
001954,1,154,34,240,110,86,76,6536
001955,1,227,99,569,290,342,191,65322
001956,1,340,149,420,235,80,86,6880
001957,1,195,149,260,224,65,75,4875
001958,1,173,138,275,248,102,110,11220
001959,1,407,167,521,265,114,98,11172
001960,1,351,130,487,229,136,99,13464
001961,1,138,56,416,281,278,225,62550
001962,1,272,81,376,155,104,74,7696
001963,1,380,123,492,218,112,95,10640
001964,1,356,152,474,251,118,99,11682
001965,1,299,189,353,242,54,53,2862
001966,1,259,10,430,94,171,84,14364
001967,1,297,83,429,184,132,101,13332
001968,1,268,122,404,196,136,74,10064
001969,1,261,98,430,248,169,150,25350
001970,1,194,103,294,202,100,99,9900
001971,1,108,116,242,235,134,119,15946
001972,1,362,236,529,401,167,165,27555
001973,1,380,217,518,341,138,124,17112
001974,1,274,181,408,262,134,81,10854
001975,1,199,146,358,261,159,115,18285
001976,1,240,185,362,296,122,111,13542
001977,1,103,196,227,307,124,111,13764
001978,1,327,193,443,296,116,103,11948
001979,1,333,180,379,243,46,63,2898
001980,1,323,113,424,212,101,99,9999
001981,1,372,36,466,118,94,82,7708
001982,1,151,92,582,410,431,318,137058
001983,1,121,85,541,441,420,356,149520
001984,1,255,61,413,225,158,164,25912
001985,1,228,68,468,249,240,181,43440
001986,1,223,149,316,209,93,60,5580
001987,1,442,149,528,212,86,63,5418
001988,1,300,171,414,283,114,112,12768
001989,1,302,169,408,279,106,110,11660
001990,1,290,155,377,267,87,112,9744
001991,1,289,177,381,243,92,66,6072
001992,1,277,123,355,202,78,79,6162
001993,1,221,121,340,218,119,97,11543
001994,1,321,118,443,256,122,138,16836
001995,1,250,75,521,202,271,127,34417
001996,1,247,132,385,266,138,134,18492
001997,1,285,146,395,267,110,121,13310
001998,1,405,201,461,249,56,48,2688
001999,1,266,198,347,268,81,70,5670
002000,1,349,172,412,252,63,80,5040
002001,1,251,62,472,272,221,210,46410
002002,1,389,63,559,245,170,182,30940
002003,1,206,216,443,418,237,202,47874
002004,1,364,143,441,245,77,102,7854
002005,1,322,146,411,254,89,108,9612
002006,1,275,264,337,311,62,47,2914
002007,1,174,107,425,308,251,201,50451
002008,1,299,260,359,313,60,53,3180
002009,1,282,204,496,371,214,167,35738
002010,1,324,184,568,340,244,156,38064
002011,1,299,170,421,285,122,115,14030
002012,1,299,173,468,276,169,103,17407
002013,1,314,142,416,258,102,116,11832
002014,1,223,122,293,188,70,66,4620
002015,1,217,92,356,211,139,119,16541
002016,1,64,50,297,273,233,223,51959
002017,1,378,169,483,291,105,122,12810
002018,1,269,136,399,243,130,107,13910
002019,1,365,139,498,290,133,151,20083
002020,1,135,126,330,281,195,155,30225
002021,1,380,99,500,202,120,103,12360
002022,1,295,110,384,214,89,104,9256
002023,1,221,110,307,200,86,90,7740
002024,1,292,111,384,201,92,90,8280
002025,1,227,118,300,194,73,76,5548
002026,1,264,109,469,233,205,124,25420
002027,1,356,135,481,234,125,99,12375
002028,1,390,132,509,230,119,98,11662
002029,1,374,131,498,234,124,103,12772
002030,1,165,116,348,198,183,82,15006
002031,1,258,227,630,360,372,133,49476
002032,1,480,190,570,290,90,100,9000
002033,1,298,171,471,293,173,122,21106
002034,1,269,173,345,268,76,95,7220
002035,1,451,179,569,297,118,118,13924
002036,1,268,71,413,211,145,140,20300
002037,1,308,90,382,177,74,87,6438
002038,1,345,157,402,228,57,71,4047
002039,1,309,152,372,223,63,71,4473
002040,1,247,106,552,374,305,268,81740
002041,1,467,142,541,233,74,91,6734
002042,1,286,129,401,245,115,116,13340
002043,1,354,136,440,254,86,118,10148
002044,1,350,92,485,221,135,129,17415
002045,1,338,95,508,236,170,141,23970
002046,1,141,84,524,361,383,277,106091
002047,1,228,200,469,355,241,155,37355
002048,1,271,227,428,390,157,163,25591
002049,1,44,77,690,395,646,318,205428
002050,1,77,93,631,399,554,306,169524
002051,1,31,46,693,363,662,317,209854
002052,1,133,70,383,294,250,224,56000
002053,1,346,180,456,332,110,152,16720
002054,1,172,153,244,249,72,96,6912
002055,1,267,140,315,194,48,54,2592
002056,1,303,124,436,246,133,122,16226
002057,1,445,154,533,258,88,104,9152
002058,1,330,149,433,254,103,105,10815
002059,1,348,131,429,210,81,79,6399
002060,1,343,79,609,250,266,171,45486
002061,1,237,43,389,209,152,166,25232
002062,1,143,91,430,297,287,206,59122
002063,1,229,69,400,212,171,143,24453
002064,1,206,170,303,362,97,192,18624
002065,1,231,172,308,325,77,153,11781
002066,1,370,78,627,401,257,323,83011
002067,1,218,100,537,379,319,279,89001
002068,1,133,122,361,425,228,303,69084
002069,1,354,222,522,377,168,155,26040
002070,1,182,117,438,426,256,309,79104
002071,1,451,206,592,356,141,150,21150
002072,1,275,86,522,360,247,274,67678
002073,1,457,284,619,426,162,142,23004
002074,1,167,117,261,209,94,92,8648
002075,1,241,78,545,289,304,211,64144
002076,1,135,102,365,311,230,209,48070
002077,1,511,94,673,272,162,178,28836
002078,1,438,84,580,196,142,112,15904
002079,1,174,119,250,203,76,84,6384
002080,1,261,99,488,242,227,143,32461
002081,1,126,88,378,259,252,171,43092
002082,1,231,91,463,233,232,142,32944
002083,1,551,94,611,189,60,95,5700
002084,1,430,141,592,256,162,115,18630
002085,1,398,162,564,285,166,123,20418
002086,1,327,180,457,328,130,148,19240
002087,1,457,74,546,157,89,83,7387
002088,1,418,80,525,159,107,79,8453
002089,1,496,86,587,151,91,65,5915
002090,1,354,223,489,402,135,179,24165
002091,1,323,226,523,374,200,148,29600
002092,1,446,193,605,379,159,186,29574
002093,1,352,230,501,416,149,186,27714
002094,1,54,154,386,426,332,272,90304
002095,1,219,40,428,171,209,131,27379
002096,1,100,38,374,181,274,143,39182
002097,1,290,29,533,167,243,138,33534
002098,1,540,170,660,279,120,109,13080
002099,1,294,220,588,375,294,155,45570
002100,1,135,165,255,291,120,126,15120
002101,1,296,124,402,223,106,99,10494
002102,1,280,180,392,294,112,114,12768
002103,1,235,24,584,390,349,366,127734
002104,1,101,42,612,362,511,320,163520
002105,1,268,83,420,210,152,127,19304
002106,1,308,97,522,218,214,121,25894
002107,1,305,163,432,296,127,133,16891
002108,1,132,138,256,268,124,130,16120
002109,1,183,126,259,196,76,70,5320
002110,1,339,158,398,214,59,56,3304
002111,1,398,151,479,214,81,63,5103
002112,1,436,108,629,238,193,130,25090
002113,1,362,103,625,251,263,148,38924
002114,1,492,149,609,251,117,102,11934
002115,1,134,111,375,270,241,159,38319
002116,1,164,108,229,150,65,42,2730
002117,1,231,97,461,270,230,173,39790
002118,1,223,182,269,245,46,63,2898
002119,1,458,154,492,213,34,59,2006
002120,1,173,172,328,318,155,146,22630
002121,1,138,130,208,196,70,66,4620
002122,1,405,178,483,248,78,70,5460
002123,1,406,121,479,214,73,93,6789
002124,1,411,176,490,243,79,67,5293
002125,1,146,96,241,181,95,85,8075
002126,1,408,125,478,209,70,84,5880
002127,1,178,131,243,220,65,89,5785
002128,1,331,84,427,193,96,109,10464
002129,1,241,73,440,193,199,120,23880
002130,1,386,110,461,198,75,88,6600
002131,1,367,182,432,253,65,71,4615
002132,1,227,209,357,339,130,130,16900
002133,1,253,86,427,276,174,190,33060
002134,1,345,295,438,373,93,78,7254
002135,1,240,106,477,258,237,152,36024
002136,1,487,174,588,270,101,96,9696
002137,1,282,165,375,260,93,95,8835
002138,1,365,132,575,307,210,175,36750
002139,1,307,189,467,390,160,201,32160
002140,1,485,135,583,235,98,100,9800
002141,1,397,119,491,214,94,95,8930
002142,1,246,230,375,385,129,155,19995
002143,1,308,106,550,268,242,162,39204
002144,1,295,80,348,126,53,46,2438
002145,1,435,80,499,135,64,55,3520
002146,1,342,115,395,189,53,74,3922
002147,1,230,200,404,375,174,175,30450
002148,1,230,211,403,386,173,175,30275
002149,1,141,174,319,364,178,190,33820
002150,1,263,226,357,324,94,98,9212
002151,1,476,212,566,315,90,103,9270
002152,1,119,121,236,222,117,101,11817
002153,1,242,108,370,202,128,94,12032
002154,1,235,134,299,209,64,75,4800
002155,1,285,100,358,195,73,95,6935
002156,1,213,119,287,216,74,97,7178
002157,1,81,100,612,406,531,306,162486
002158,1,356,173,442,313,86,140,12040
002159,1,221,178,366,279,145,101,14645
002160,1,181,169,324,267,143,98,14014
002161,1,210,164,291,290,81,126,10206
002162,1,354,162,473,288,119,126,14994
002163,1,113,77,391,326,278,249,69222
002164,1,117,29,415,320,298,291,86718
002165,1,343,92,517,211,174,119,20706
002166,1,309,93,463,206,154,113,17402
002167,1,390,108,513,204,123,96,11808
002168,1,305,123,492,253,187,130,24310
002169,1,373,148,489,236,116,88,10208
002170,1,302,212,465,347,163,135,22005
002171,1,321,221,433,325,112,104,11648
002172,1,240,138,329,253,89,115,10235
002173,1,232,147,314,242,82,95,7790
002174,1,228,175,327,282,99,107,10593
002175,1,367,121,461,236,94,115,10810
002176,1,300,103,354,161,54,58,3132
002177,1,107,35,603,351,496,316,156736
002178,1,131,263,234,380,103,117,12051
002179,1,344,206,452,336,108,130,14040
002180,1,363,195,516,297,153,102,15606
002181,1,400,144,511,280,111,136,15096
002182,1,343,260,396,342,53,82,4346
002183,1,355,247,424,317,69,70,4830
002184,1,371,115,523,313,152,198,30096
002185,1,247,108,512,240,265,132,34980
002186,1,271,99,449,250,178,151,26878
002187,1,263,179,419,261,156,82,12792
002188,1,465,166,516,211,51,45,2295
002189,1,469,127,523,184,54,57,3078
002190,1,295,202,382,304,87,102,8874
002191,1,359,196,425,291,66,95,6270
002192,1,228,152,292,229,64,77,4928
002193,1,148,151,227,237,79,86,6794
002194,1,219,122,373,288,154,166,25564
002195,1,402,99,480,158,78,59,4602
002196,1,366,80,440,147,74,67,4958
002197,1,274,86,340,138,66,52,3432
002198,1,325,274,624,466,299,192,57408
002199,1,236,268,393,418,157,150,23550
002200,1,105,166,451,444,346,278,96188
002201,1,220,72,514,372,294,300,88200
002202,1,203,85,538,394,335,309,103515
002203,1,188,78,645,404,457,326,148982
002204,1,140,92,603,380,463,288,133344
002205,1,103,75,512,353,409,278,113702
002206,1,275,159,509,403,234,244,57096
002207,1,156,133,313,288,157,155,24335
002208,1,191,70,558,385,367,315,115605
002209,1,232,91,385,174,153,83,12699
002210,1,243,111,363,251,120,140,16800
002211,1,340,110,425,163,85,53,4505
002212,1,409,123,487,179,78,56,4368
002213,1,204,98,559,232,355,134,47570
002214,1,234,143,562,454,328,311,102008
002215,1,416,105,479,158,63,53,3339
002216,1,88,125,325,282,237,157,37209
002217,1,190,48,309,134,119,86,10234
002218,1,188,102,308,232,120,130,15600
002219,1,289,118,392,204,103,86,8858
002220,1,321,131,433,225,112,94,10528
002221,1,117,256,177,331,60,75,4500
002222,1,282,118,367,187,85,69,5865
002223,1,287,150,338,206,51,56,2856
002224,1,224,154,409,305,185,151,27935
002225,1,259,134,378,283,119,149,17731
002226,1,301,97,419,218,118,121,14278
002227,1,332,110,446,220,114,110,12540
002228,1,238,113,372,270,134,157,21038
002229,1,283,100,519,252,236,152,35872
002230,1,278,90,517,241,239,151,36089
002231,1,344,121,478,215,134,94,12596
002232,1,211,215,273,289,62,74,4588
002233,1,158,193,219,257,61,64,3904
002234,1,386,116,458,193,72,77,5544
002235,1,242,147,389,309,147,162,23814
002236,1,465,127,606,252,141,125,17625
002237,1,457,129,574,232,117,103,12051
002238,1,266,88,398,190,132,102,13464
002239,1,276,130,393,266,117,136,15912
002240,1,129,170,362,402,233,232,54056
002241,1,162,127,432,412,270,285,76950
002242,1,292,153,421,315,129,162,20898
002243,1,234,142,402,271,168,129,21672
002244,1,321,100,520,222,199,122,24278
002245,1,206,97,427,227,221,130,28730
002246,1,183,99,402,226,219,127,27813
002247,1,289,48,479,171,190,123,23370
002248,1,330,165,404,276,74,111,8214
002249,1,370,165,460,243,90,78,7020
002250,1,200,132,291,256,91,124,11284
002251,1,276,206,340,308,64,102,6528
002252,1,240,141,318,234,78,93,7254
002253,1,284,261,402,340,118,79,9322
002254,1,186,95,317,225,131,130,17030
002255,1,245,140,356,274,111,134,14874
002256,1,278,130,411,266,133,136,18088
002257,1,319,115,366,153,47,38,1786
002258,1,269,135,396,244,127,109,13843
002259,1,384,208,435,275,51,67,3417
002260,1,146,264,401,400,255,136,34680
002261,1,174,264,378,431,204,167,34068
002262,1,205,90,272,153,67,63,4221
002263,1,364,95,410,139,46,44,2024
002264,1,321,169,400,256,79,87,6873
002265,1,298,87,361,131,63,44,2772
002266,1,209,106,298,184,89,78,6942
002267,1,220,145,325,232,105,87,9135
002268,1,140,178,204,267,64,89,5696
002269,1,101,94,252,189,151,95,14345
002270,1,164,98,285,203,121,105,12705
002271,1,109,133,655,368,546,235,128310
002272,1,56,82,496,412,440,330,145200
002273,1,448,122,525,187,77,65,5005
002274,1,335,112,411,190,76,78,5928
002275,1,283,158,444,281,161,123,19803
002276,1,185,146,239,237,54,91,4914
002277,1,172,218,222,290,50,72,3600
002278,1,313,266,381,348,68,82,5576
002279,1,252,159,419,276,167,117,19539
002280,1,186,120,258,196,72,76,5472
002281,1,306,89,373,170,67,81,5427
002282,1,203,111,281,183,78,72,5616
002283,1,396,89,473,172,77,83,6391
002284,1,160,45,290,138,130,93,12090
002285,1,282,163,421,277,139,114,15846
002286,1,62,119,244,245,182,126,22932
002287,1,228,103,306,156,78,53,4134
002288,1,226,84,385,254,159,170,27030
002289,1,102,69,440,422,338,353,119314
002290,1,174,79,424,264,250,185,46250
002291,1,198,272,268,347,70,75,5250
002292,1,357,83,566,212,209,129,26961
002293,1,289,92,473,279,184,187,34408
002294,1,443,98,535,181,92,83,7636
002295,1,409,159,481,226,72,67,4824
002296,1,156,229,286,338,130,109,14170
002297,1,147,204,305,331,158,127,20066
002298,1,145,226,284,346,139,120,16680
002299,1,365,231,466,333,101,102,10302
002300,1,333,207,482,307,149,100,14900
002301,1,346,214,440,306,94,92,8648
002302,1,235,83,339,161,104,78,8112
002303,1,192,123,293,202,101,79,7979
002304,1,308,121,373,177,65,56,3640
002305,1,283,164,424,264,141,100,14100
002306,1,471,111,583,206,112,95,10640
002307,1,449,132,530,216,81,84,6804
002308,1,234,115,333,230,99,115,11385
002309,1,357,109,480,208,123,99,12177
002310,1,383,118,457,209,74,91,6734
002311,1,385,197,482,272,97,75,7275
002312,1,404,170,532,267,128,97,12416
002313,1,327,211,595,438,268,227,60836
002314,1,436,156,478,203,42,47,1974
002315,1,207,123,404,234,197,111,21867
002316,1,104,161,488,376,384,215,82560
002317,1,261,266,372,388,111,122,13542
002318,1,133,74,459,328,326,254,82804
002319,1,141,78,471,316,330,238,78540
002320,1,329,139,410,218,81,79,6399
002321,1,123,59,425,332,302,273,82446
002322,1,181,60,450,371,269,311,83659
002323,1,81,48,357,383,276,335,92460
002324,1,54,64,354,403,300,339,101700
002325,1,331,77,465,173,134,96,12864
002326,1,238,140,322,190,84,50,4200
002327,1,308,245,366,314,58,69,4002
002328,1,369,245,435,306,66,61,4026
002329,1,222,151,380,237,158,86,13588
002330,1,262,166,405,241,143,75,10725
002331,1,233,148,386,230,153,82,12546
002332,1,234,106,480,237,246,131,32226
002333,1,235,109,474,243,239,134,32026
002334,1,12,94,248,420,236,326,76936
002335,1,188,78,570,349,382,271,103522
002336,1,190,90,569,368,379,278,105362
002337,1,373,164,448,256,75,92,6900
002338,1,217,62,416,170,199,108,21492
002339,0,393,185,440,217,47,32,1504
002340,0,362,184,402,217,40,33,1320
002341,0,350,139,395,182,45,43,1935
002342,0,239,127,279,175,40,48,1920
002343,0,339,99,379,142,40,43,1720
002344,0,362,166,437,208,75,42,3150
002345,0,244,162,311,225,67,63,4221
002346,0,347,283,406,337,59,54,3186
002347,1,235,69,373,173,138,104,14352
002348,0,174,179,211,212,37,33,1221
002349,0,246,71,505,211,259,140,36260
002350,0,145,124,253,213,108,89,9612
002351,0,98,163,134,198,36,35,1260
002352,0,353,67,409,111,56,44,2464
002353,0,491,143,533,179,42,36,1512
002354,0,389,59,506,130,117,71,8307
002355,1,309,143,450,221,141,78,10998
002356,0,345,188,382,213,37,25,925
002357,0,232,145,541,331,309,186,57474
002358,0,533,199,586,231,53,32,1696
002359,0,291,196,370,251,79,55,4345
002360,0,353,178,451,248,98,70,6860
002361,0,347,137,474,205,127,68,8636
002362,0,520,180,586,254,66,74,4884
002363,0,198,235,299,299,101,64,6464
002364,0,325,148,463,274,138,126,17388
002365,0,205,157,285,222,80,65,5200
002366,0,221,54,491,193,270,139,37530
002367,0,397,117,514,189,117,72,8424
002368,0,306,82,403,177,97,95,9215
002369,0,422,100,500,171,78,71,5538
002370,0,363,83,434,123,71,40,2840
002371,0,411,257,456,327,45,70,3150
002372,0,409,187,509,283,100,96,9600
002373,0,199,180,278,220,79,40,3160
002374,0,358,58,497,134,139,76,10564
002375,0,442,92,544,143,102,51,5202
002376,0,556,153,639,201,83,48,3984
002377,0,340,72,382,106,42,34,1428
002378,0,428,80,479,111,51,31,1581
002379,0,323,118,575,277,252,159,40068
002380,0,271,243,381,327,110,84,9240
002381,0,294,211,350,259,56,48,2688
002382,0,241,144,378,222,137,78,10686
002383,0,347,196,389,232,42,36,1512
002384,0,379,171,413,206,34,35,1190
002385,0,310,104,575,234,265,130,34450
002386,0,61,80,426,319,365,239,87235
002387,0,324,95,641,229,317,134,42478
002388,0,420,172,469,202,49,30,1470
002389,0,388,167,564,267,176,100,17600
002390,0,405,186,577,272,172,86,14792
002391,0,179,175,219,201,40,26,1040
002392,0,205,141,296,197,91,56,5096
002393,0,464,169,542,247,78,78,6084
002394,0,320,121,376,162,56,41,2296
002395,0,196,212,293,269,97,57,5529
002396,0,382,123,413,161,31,38,1178
002397,0,345,362,397,425,52,63,3276
002398,0,361,353,412,428,51,75,3825
002399,0,202,112,238,150,36,38,1368
002400,0,343,206,574,374,231,168,38808
002401,0,216,95,592,221,376,126,47376
002402,0,171,275,254,329,83,54,4482
002403,0,262,278,298,318,36,40,1440
002404,0,359,211,401,288,42,77,3234
002405,0,386,100,473,171,87,71,6177
002406,0,279,82,361,165,82,83,6806
002407,0,238,86,322,148,84,62,5208
002408,0,294,143,385,193,91,50,4550
002409,0,607,262,709,347,102,85,8670
002410,0,409,259,540,336,131,77,10087
002411,0,120,127,206,176,86,49,4214
002412,0,272,148,482,270,210,122,25620
002413,0,548,173,718,331,170,158,26860
002414,0,202,134,427,264,225,130,29250
002415,0,203,164,506,335,303,171,51813
002416,0,490,166,685,324,195,158,30810
002417,0,223,146,425,257,202,111,22422
002418,0,319,224,458,315,139,91,12649
002419,0,430,121,503,183,73,62,4526
002420,0,403,331,458,364,55,33,1815
002421,0,355,106,404,142,49,36,1764
002422,0,416,121,586,221,170,100,17000
002423,0,258,90,308,133,50,43,2150
002424,0,211,68,276,100,65,32,2080
002425,0,332,111,504,249,172,138,23736
002426,0,142,105,331,244,189,139,26271
002427,0,190,153,248,213,58,60,3480
002428,0,372,193,413,226,41,33,1353
002429,0,405,165,456,210,51,45,2295
002430,0,340,156,451,238,111,82,9102
002431,0,278,21,343,56,65,35,2275
002432,0,281,133,332,190,51,57,2907
002433,0,161,134,234,192,73,58,4234
002434,0,151,177,206,233,55,56,3080
002435,0,337,221,396,281,59,60,3540
002436,0,334,192,396,253,62,61,3782
002437,0,405,134,454,182,49,48,2352
002438,0,374,138,422,167,48,29,1392
002439,0,274,171,337,212,63,41,2583
002440,0,459,94,500,133,41,39,1599
002441,0,175,123,240,161,65,38,2470
002442,0,263,166,400,292,137,126,17262
002443,0,238,178,369,274,131,96,12576
002444,0,279,178,394,280,115,102,11730
002445,0,239,71,396,163,157,92,14444
002446,0,367,93,520,171,153,78,11934
002447,0,281,242,483,369,202,127,25654
002448,0,310,284,376,367,66,83,5478
002449,0,403,279,442,338,39,59,2301
002450,0,189,238,318,325,129,87,11223
002451,0,292,305,377,367,85,62,5270
002452,0,271,295,335,366,64,71,4544
002453,0,326,125,625,287,299,162,48438
002454,0,443,252,466,285,23,33,759
002455,0,256,131,313,189,57,58,3306
002456,0,365,242,394,274,29,32,928
002457,0,499,133,586,182,87,49,4263
002458,0,299,72,410,179,111,107,11877
002459,0,428,145,472,196,44,51,2244
002460,0,310,126,374,177,64,51,3264
002461,0,321,262,418,330,97,68,6596
002462,0,277,264,373,327,96,63,6048
002463,0,276,237,353,300,77,63,4851
002464,0,258,236,309,282,51,46,2346
002465,0,528,258,622,317,94,59,5546
002466,0,643,283,718,353,75,70,5250
002467,0,270,185,395,297,125,112,14000
002468,0,210,155,250,191,40,36,1440
002469,0,393,162,477,234,84,72,6048
002470,0,224,153,316,227,92,74,6808
002471,0,211,226,269,269,58,43,2494
002472,0,290,234,342,270,52,36,1872
002473,0,253,193,565,377,312,184,57408
002474,0,333,269,361,308,28,39,1092
002475,0,348,308,393,346,45,38,1710
002476,0,250,220,303,265,53,45,2385
002477,0,116,162,193,206,77,44,3388
002478,0,271,193,471,324,200,131,26200
002479,0,305,237,384,327,79,90,7110
002480,0,317,226,408,327,91,101,9191
002481,0,340,216,404,277,64,61,3904
002482,0,322,187,432,282,110,95,10450
002483,0,278,81,592,313,314,232,72848
002484,0,396,232,451,285,55,53,2915
002485,0,389,221,436,274,47,53,2491
002486,0,125,91,177,123,52,32,1664
002487,0,297,189,350,250,53,61,3233
002488,0,313,101,506,213,193,112,21616
002489,0,279,124,499,226,220,102,22440
002490,0,588,173,623,225,35,52,1820
002491,1,210,94,410,328,200,234,46800
002492,1,140,75,403,297,263,222,58386
002493,1,131,69,388,314,257,245,62965
002494,1,268,37,359,100,91,63,5733
002495,1,317,45,409,119,92,74,6808
002496,1,212,114,329,253,117,139,16263
002497,1,219,111,362,244,143,133,19019
002498,1,231,140,492,332,261,192,50112
002499,1,382,142,567,353,185,211,39035
002500,1,337,131,566,339,229,208,47632
002501,1,195,142,464,339,269,197,52993
002502,1,142,138,413,366,271,228,61788
002503,1,370,129,518,243,148,114,16872
002504,1,429,262,482,335,53,73,3869
002505,1,175,130,523,366,348,236,82128
002506,1,161,93,564,349,403,256,103168
002507,1,175,54,564,332,389,278,108142
002508,1,265,132,344,222,79,90,7110
002509,1,256,129,339,206,83,77,6391
002510,1,223,194,319,324,96,130,12480
002511,1,283,190,355,294,72,104,7488
002512,1,173,156,253,241,80,85,6800
002513,1,218,52,308,168,90,116,10440
002514,0,129,47,606,335,477,288,137376
002515,1,270,110,393,204,123,94,11562
002516,1,276,122,387,224,111,102,11322
002517,0,377,163,416,187,39,24,936
002518,1,280,81,460,243,180,162,29160
002519,1,262,112,418,267,156,155,24180
002520,1,343,92,528,257,185,165,30525
002521,1,425,125,650,298,225,173,38925
002522,1,212,97,402,309,190,212,40280
002523,1,337,135,570,319,233,184,42872
002524,0,152,85,266,171,114,86,9804
002525,1,334,158,451,280,117,122,14274
002526,1,199,95,367,234,168,139,23352
002527,1,285,218,410,316,125,98,12250
002528,1,283,181,419,325,136,144,19584
002529,1,331,205,409,307,78,102,7956
002530,1,295,140,390,236,95,96,9120
002531,1,162,68,300,157,138,89,12282
002532,1,185,100,346,228,161,128,20608
002533,1,240,101,417,253,177,152,26904
002534,1,355,101,528,242,173,141,24393
002535,1,366,111,521,276,155,165,25575
002536,1,413,100,553,262,140,162,22680
002537,1,226,74,517,245,291,171,49761
002538,1,315,76,579,314,264,238,62832
002539,1,302,62,571,314,269,252,67788
002540,1,342,75,586,238,244,163,39772
002541,1,283,130,532,412,249,282,70218
002542,1,330,135,552,402,222,267,59274
002543,1,402,143,493,216,91,73,6643
002544,1,355,163,456,281,101,118,11918
002545,1,419,203,502,311,83,108,8964
002546,1,254,195,525,457,271,262,71002
002547,0,135,112,521,334,386,222,85692
002548,0,140,125,528,380,388,255,98940
002549,0,236,59,640,412,404,353,142612
002550,1,287,42,388,115,101,73,7373
002551,1,430,169,520,262,90,93,8370
002552,0,225,285,282,336,57,51,2907
002553,1,416,138,545,272,129,134,17286
002554,1,336,135,477,261,141,126,17766
002555,1,394,222,480,336,86,114,9804
002556,1,252,142,382,275,130,133,17290
002557,1,204,90,410,229,206,139,28634
002558,1,308,103,469,277,161,174,28014
002559,1,366,75,592,240,226,165,37290
002560,1,411,143,541,295,130,152,19760
002561,1,345,148,500,327,155,179,27745
002562,1,429,147,528,301,99,154,15246
002563,1,236,187,289,260,53,73,3869
002564,0,264,53,434,143,170,90,15300
002565,1,385,49,516,170,131,121,15851
002566,1,350,53,498,189,148,136,20128
002567,1,321,175,480,290,159,115,18285
002568,1,382,170,543,287,161,117,18837
002569,1,341,119,454,222,113,103,11639
002570,1,308,135,422,241,114,106,12084
002571,1,350,137,454,234,104,97,10088
002572,0,306,174,376,220,70,46,3220
002573,1,235,189,384,362,149,173,25777
002574,1,331,138,401,234,70,96,6720
002575,1,258,238,366,330,108,92,9936
002576,1,254,230,369,320,115,90,10350
002577,1,278,224,366,320,88,96,8448
002578,1,305,226,406,308,101,82,8282
002579,1,341,119,416,198,75,79,5925
002580,1,325,100,412,188,87,88,7656
002581,1,228,18,371,133,143,115,16445
002582,1,325,86,389,169,64,83,5312
002583,1,307,87,367,175,60,88,5280
002584,1,484,145,561,235,77,90,6930
002585,1,289,111,351,200,62,89,5518
002586,1,400,106,490,214,90,108,9720
002587,1,255,116,340,224,85,108,9180
002588,0,197,177,348,283,151,106,16006
002589,0,328,96,629,214,301,118,35518
002590,0,272,170,313,218,41,48,1968
002591,1,234,280,307,354,73,74,5402
002592,1,270,242,334,304,64,62,3968
002593,1,309,137,449,291,140,154,21560
002594,1,372,121,523,254,151,133,20083
002595,1,93,143,235,250,142,107,15194
002596,1,340,87,464,184,124,97,12028
002597,1,221,147,294,210,73,63,4599
002598,1,227,53,362,224,135,171,23085
002599,1,228,71,390,250,162,179,28998
002600,1,324,113,419,228,95,115,10925
002601,1,239,100,323,196,84,96,8064
002602,1,214,99,309,213,95,114,10830
002603,1,294,115,392,213,98,98,9604
002604,1,466,127,601,195,135,68,9180
002605,1,327,140,418,220,91,80,7280
002606,0,451,231,615,325,164,94,15416
002607,1,156,172,276,328,120,156,18720
002608,1,286,97,417,198,131,101,13231
002609,1,186,84,323,184,137,100,13700
002610,1,198,131,283,235,85,104,8840
002611,1,299,117,572,291,273,174,47502
002612,1,200,174,332,310,132,136,17952
002613,1,290,163,424,324,134,161,21574
002614,1,345,171,450,303,105,132,13860
002615,1,278,113,501,330,223,217,48391
002616,1,293,152,484,353,191,201,38391
002617,1,279,59,432,172,153,113,17289
002618,1,274,55,417,162,143,107,15301
002619,1,215,38,301,94,86,56,4816
002620,1,264,48,351,126,87,78,6786
002621,1,270,48,354,113,84,65,5460
002622,1,240,52,318,116,78,64,4992
002623,1,275,52,351,115,76,63,4788
002624,1,293,92,379,166,86,74,6364
002625,1,300,95,367,169,67,74,4958
002626,1,355,110,428,190,73,80,5840
002627,1,353,113,435,196,82,83,6806
002628,1,346,118,422,190,76,72,5472
002629,1,15,67,571,419,556,352,195712
002630,1,74,68,472,423,398,355,141290
002631,1,347,116,475,224,128,108,13824
002632,1,275,130,380,258,105,128,13440
002633,1,346,202,468,318,122,116,14152
002634,1,417,114,482,211,65,97,6305
002635,1,284,125,367,220,83,95,7885
002636,1,309,174,357,233,48,59,2832
002637,1,228,138,277,200,49,62,3038
002638,1,292,173,461,301,169,128,21632
002639,1,181,197,322,308,141,111,15651
002640,1,264,128,486,284,222,156,34632
002641,1,476,124,538,198,62,74,4588
002642,1,290,59,441,232,151,173,26123
002643,1,181,39,361,238,180,199,35820
002644,1,229,43,373,220,144,177,25488
002645,1,87,88,615,322,528,234,123552
002646,1,132,54,569,295,437,241,105317
002647,1,298,60,492,344,194,284,55096
002648,1,312,187,406,281,94,94,8836
002649,1,373,191,494,333,121,142,17182
002650,1,343,179,443,261,100,82,8200
002651,1,350,112,463,263,113,151,17063
002652,1,297,101,429,257,132,156,20592
002653,1,278,56,456,171,178,115,20470
002654,1,221,69,389,173,168,104,17472
002655,1,267,82,505,232,238,150,35700
002656,1,313,76,537,227,224,151,33824
002657,1,270,211,332,291,62,80,4960
002658,1,165,177,264,244,99,67,6633
002659,1,329,177,381,235,52,58,3016
002660,1,297,166,370,237,73,71,5183
002661,0,336,119,367,152,31,33,1023
002662,1,311,44,469,230,158,186,29388
002663,1,303,74,442,248,139,174,24186
002664,1,299,51,442,233,143,182,26026
002665,1,201,76,317,174,116,98,11368
002666,1,177,75,308,190,131,115,15065
002667,1,356,148,441,241,85,93,7905
002668,1,384,102,484,186,100,84,8400
002669,1,414,109,517,186,103,77,7931
002670,1,302,118,420,213,118,95,11210
002671,1,330,217,393,301,63,84,5292
002672,1,174,135,305,301,131,166,21746
002673,1,136,99,281,220,145,121,17545
002674,1,348,53,524,200,176,147,25872
002675,1,243,64,513,296,270,232,62640
002676,1,260,87,449,276,189,189,35721
002677,1,294,140,400,228,106,88,9328
002678,1,289,99,568,281,279,182,50778
002679,1,283,86,511,259,228,173,39444
002680,1,232,117,591,362,359,245,87955
002681,0,241,106,515,223,274,117,32058
002682,1,250,98,449,338,199,240,47760
002683,1,261,73,522,300,261,227,59247
002684,1,206,77,463,303,257,226,58082
002685,0,240,96,518,218,278,122,33916
002686,1,285,94,380,188,95,94,8930
002687,1,420,109,508,189,88,80,7040
002688,1,190,100,285,190,95,90,8550
002689,1,195,105,274,167,79,62,4898
002690,1,203,112,269,165,66,53,3498
002691,1,216,88,294,165,78,77,6006
002692,1,331,94,414,172,83,78,6474
002693,1,234,97,385,251,151,154,23254
002694,1,333,105,474,253,141,148,20868
002695,1,281,137,364,213,83,76,6308
002696,1,283,130,365,193,82,63,5166
002697,1,281,108,353,200,72,92,6624
002698,1,338,166,440,254,102,88,8976
002699,1,179,166,352,268,173,102,17646
002700,1,158,169,338,291,180,122,21960
002701,1,327,188,417,313,90,125,11250
002702,1,350,164,476,315,126,151,19026
002703,1,355,175,475,319,120,144,17280
002704,1,211,151,334,307,123,156,19188
002705,1,361,167,432,246,71,79,5609
002706,1,277,165,390,236,113,71,8023
002707,1,226,104,289,171,63,67,4221
002708,1,213,90,261,142,48,52,2496
002709,1,156,99,445,275,289,176,50864
002710,1,312,98,365,145,53,47,2491
002711,1,322,85,534,357,212,272,57664
002712,1,321,108,516,272,195,164,31980
002713,1,219,106,315,219,96,113,10848
002714,1,175,38,351,209,176,171,30096
002715,1,277,32,443,209,166,177,29382
002716,1,370,103,509,196,139,93,12927
002717,1,337,102,468,214,131,112,14672
002718,1,343,63,420,141,77,78,6006
002719,1,248,32,325,84,77,52,4004
002720,1,266,131,413,267,147,136,19992
002721,1,469,148,536,222,67,74,4958
002722,1,372,129,512,268,140,139,19460
002723,1,280,35,436,179,156,144,22464
002724,1,223,74,386,200,163,126,20538
002725,1,138,91,318,232,180,141,25380
002726,1,135,101,320,224,185,123,22755
002727,1,244,131,348,221,104,90,9360
002728,1,453,181,561,292,108,111,11988
002729,0,194,143,258,194,64,51,3264
002730,1,344,158,512,313,168,155,26040
002731,1,293,106,479,256,186,150,27900
002732,1,238,284,411,438,173,154,26642
002733,1,156,110,341,260,185,150,27750
002734,1,202,94,388,259,186,165,30690
002735,1,210,62,321,188,111,126,13986
002736,1,292,64,430,190,138,126,17388
002737,1,300,72,433,165,133,93,12369
002738,1,179,114,302,203,123,89,10947
002739,1,354,80,434,186,80,106,8480
002740,1,384,75,460,162,76,87,6612
002741,1,339,67,442,161,103,94,9682
002742,1,314,134,450,238,136,104,14144
002743,1,313,127,404,268,91,141,12831
002744,1,102,37,387,280,285,243,69255
002745,1,153,54,515,317,362,263,95206
002746,1,298,122,368,219,70,97,6790
002747,1,458,235,554,314,96,79,7584
002748,1,365,79,463,148,98,69,6762
002749,1,124,100,192,173,68,73,4964
002750,1,128,63,317,174,189,111,20979
002751,1,142,71,341,177,199,106,21094
002752,1,52,71,283,195,231,124,28644
002753,1,287,72,442,214,155,142,22010
002754,1,215,72,393,211,178,139,24742
002755,1,264,124,366,203,102,79,8058
002756,1,321,115,424,210,103,95,9785
002757,1,168,180,251,259,83,79,6557
002758,0,453,150,565,223,112,73,8176
002759,1,268,198,333,272,65,74,4810
002760,1,335,184,460,290,125,106,13250
002761,1,381,193,473,290,92,97,8924
002762,1,304,159,495,297,191,138,26358
002763,1,287,105,358,177,71,72,5112
002764,1,331,100,414,203,83,103,8549
002765,0,245,159,307,214,62,55,3410
002766,0,103,49,562,316,459,267,122553
002767,1,483,72,531,141,48,69,3312
002768,1,211,88,461,276,250,188,47000
002769,0,123,99,461,370,338,271,91598
002770,0,126,111,588,363,462,252,116424
002771,1,282,130,442,246,160,116,18560
002772,1,211,60,471,236,260,176,45760
002773,1,194,236,297,315,103,79,8137
002774,1,148,211,259,313,111,102,11322
002775,1,281,71,413,216,132,145,19140
002776,1,275,72,396,211,121,139,16819
002777,1,188,148,326,267,138,119,16422
002778,1,310,94,432,206,122,112,13664
002779,1,127,93,530,428,403,335,135005
002780,1,184,105,552,459,368,354,130272
002781,1,118,123,400,315,282,192,54144
002782,1,101,140,458,328,357,188,67116
002783,1,198,66,521,291,323,225,72675
002784,1,277,162,488,394,211,232,48952
002785,1,158,158,394,399,236,241,56876
002786,1,218,275,396,447,178,172,30616
002787,1,154,132,222,225,68,93,6324
002788,1,252,40,356,149,104,109,11336
002789,1,256,97,415,192,159,95,15105
002790,1,317,82,422,179,105,97,10185
002791,0,79,105,542,360,463,255,118065
002792,0,186,147,238,183,52,36,1872
002793,1,288,108,583,299,295,191,56345
002794,1,315,159,426,274,111,115,12765
002795,1,332,159,432,269,100,110,11000
002796,1,123,135,194,224,71,89,6319
002797,1,182,161,294,289,112,128,14336
002798,1,313,146,427,214,114,68,7752
002799,1,239,158,343,233,104,75,7800
002800,1,174,164,298,237,124,73,9052
002801,1,245,103,427,301,182,198,36036
002802,1,279,135,430,283,151,148,22348
002803,1,326,103,475,308,149,205,30545
002804,1,229,121,398,269,169,148,25012
002805,1,282,92,432,289,150,197,29550
002806,1,330,186,501,379,171,193,33003
002807,1,284,180,463,364,179,184,32936
002808,1,306,171,517,361,211,190,40090
002809,1,317,181,499,342,182,161,29302
002810,1,314,230,493,333,179,103,18437
002811,1,199,192,395,321,196,129,25284
002812,1,285,250,497,404,212,154,32648
002813,1,249,117,322,192,73,75,5475
002814,1,454,106,547,182,93,76,7068
002815,1,255,116,337,188,82,72,5904
002816,1,159,99,356,206,197,107,21079
002817,1,216,72,426,202,210,130,27300
002818,1,167,98,362,214,195,116,22620
002819,1,294,256,366,371,72,115,8280
002820,1,262,100,489,256,227,156,35412
002821,1,377,78,663,295,286,217,62062
002822,1,213,53,479,276,266,223,59318
002823,1,204,70,438,195,234,125,29250
002824,1,196,115,345,251,149,136,20264
002825,1,200,82,402,224,202,142,28684
002826,1,219,117,299,206,80,89,7120
002827,1,236,134,311,217,75,83,6225
002828,1,262,151,458,328,196,177,34692
002829,1,239,51,572,449,333,398,132534
002830,1,228,145,410,301,182,156,28392
002831,1,274,132,484,303,210,171,35910
002832,1,112,150,187,218,75,68,5100
002833,1,271,142,348,220,77,78,6006
002834,1,361,184,437,273,76,89,6764
002835,1,342,189,450,276,108,87,9396
002836,1,362,161,477,268,115,107,12305
002837,1,228,158,378,268,150,110,16500
002838,1,343,90,553,220,210,130,27300
002839,1,264,103,463,217,199,114,22686
002840,1,228,94,536,277,308,183,56364
002841,1,133,92,234,187,101,95,9595
002842,1,262,90,544,400,282,310,87420
002843,1,209,77,293,145,84,68,5712
002844,1,182,66,290,139,108,73,7884
002845,1,246,118,401,231,155,113,17515
002846,1,307,127,420,198,113,71,8023
002847,1,229,83,343,161,114,78,8892
002848,1,339,103,458,203,119,100,11900
002849,1,290,116,357,198,67,82,5494
002850,1,495,127,577,197,82,70,5740
002851,1,107,124,213,208,106,84,8904
002852,1,325,200,460,290,135,90,12150
002853,1,294,147,442,227,148,80,11840
002854,0,421,215,473,251,52,36,1872
002855,0,410,143,438,175,28,32,896
002856,0,234,152,392,264,158,112,17696
002857,0,235,119,413,223,178,104,18512
002858,0,148,110,551,408,403,298,120094
002859,0,92,81,641,425,549,344,188856
002860,0,98,79,633,424,535,345,184575
002861,0,336,127,416,178,80,51,4080
002862,0,337,202,405,254,68,52,3536
002863,0,266,211,443,328,177,117,20709
002864,0,383,123,470,172,87,49,4263
002865,0,295,236,393,296,98,60,5880
002866,0,223,250,263,278,40,28,1120
002867,0,272,177,353,247,81,70,5670
002868,0,250,200,445,345,195,145,28275
002869,0,349,135,461,211,112,76,8512
002870,0,202,172,255,218,53,46,2438
002871,0,456,122,563,195,107,73,7811
002872,0,460,119,579,220,119,101,12019
002873,0,78,103,146,146,68,43,2924
002874,0,518,219,562,264,44,45,1980
002875,0,311,134,369,175,58,41,2378
002876,0,283,123,315,158,32,35,1120
002877,0,235,210,291,246,56,36,2016
002878,0,242,135,292,180,50,45,2250
002879,0,510,175,569,212,59,37,2183
002880,0,426,168,466,206,40,38,1520
002881,0,464,146,532,184,68,38,2584
002882,0,352,254,394,298,42,44,1848
002883,0,368,224,441,264,73,40,2920
002884,0,338,283,389,343,51,60,3060
002885,0,374,259,429,302,55,43,2365
002886,0,529,177,576,223,47,46,2162
002887,0,532,184,599,228,67,44,2948
002888,0,267,176,331,230,64,54,3456
002889,0,279,75,426,187,147,112,16464
002890,0,459,224,530,276,71,52,3692
002891,0,518,143,554,168,36,25,900
002892,0,194,94,342,199,148,105,15540
002893,0,296,97,400,147,104,50,5200
002894,0,216,223,271,263,55,40,2200
002895,0,326,271,445,333,119,62,7378
002896,0,354,117,530,294,176,177,31152
002897,0,256,138,311,203,55,65,3575
002898,0,315,35,458,139,143,104,14872
002899,0,373,133,589,260,216,127,27432
002900,0,272,114,341,152,69,38,2622
002901,0,470,285,547,346,77,61,4697
002902,0,235,113,288,147,53,34,1802
002903,0,130,137,189,194,59,57,3363
002904,0,305,264,477,369,172,105,18060
002905,0,288,131,430,214,142,83,11786
002906,0,281,151,541,266,260,115,29900
002907,0,60,152,177,215,117,63,7371
002908,0,249,156,304,199,55,43,2365
002909,0,336,162,460,231,124,69,8556
002910,0,245,99,389,187,144,88,12672
002911,0,342,121,429,185,87,64,5568
002912,0,204,143,303,206,99,63,6237
002913,0,199,135,293,204,94,69,6486
002914,0,288,271,382,332,94,61,5734
002915,0,357,146,433,198,76,52,3952
002916,0,321,144,425,206,104,62,6448
002917,0,372,147,414,179,42,32,1344
002918,0,369,131,417,184,48,53,2544
002919,0,193,166,237,200,44,34,1496
002920,0,128,164,171,204,43,40,1720
002921,0,285,73,626,276,341,203,69223
002922,0,149,163,194,200,45,37,1665
002923,0,527,227,601,272,74,45,3330
002924,0,315,206,357,232,42,26,1092
002925,0,378,98,429,151,51,53,2703
002926,0,330,177,404,220,74,43,3182
002927,0,389,137,514,206,125,69,8625
002928,0,248,186,282,213,34,27,918
002929,0,268,127,484,263,216,136,29376
002930,0,497,170,650,284,153,114,17442
002931,0,446,223,515,263,69,40,2760
002932,0,486,349,551,408,65,59,3835
002933,0,272,157,340,210,68,53,3604
002934,0,485,176,546,226,61,50,3050
002935,0,435,133,500,177,65,44,2860
002936,0,455,111,546,176,91,65,5915
002937,0,393,201,521,297,128,96,12288
002938,0,268,73,437,182,169,109,18421
002939,0,209,163,280,226,71,63,4473
002940,0,281,143,336,211,55,68,3740
002941,0,203,112,372,255,169,143,24167
002942,0,350,142,471,222,121,80,9680
002943,0,205,250,330,364,125,114,14250
002944,0,237,109,296,135,59,26,1534
002945,0,131,75,365,264,234,189,44226
002946,0,153,97,199,143,46,46,2116
002947,0,100,102,617,296,517,194,100298
002948,0,408,201,496,279,88,78,6864
002949,0,209,111,272,152,63,41,2583
002950,0,118,64,388,226,270,162,43740
002951,0,474,183,619,260,145,77,11165
002952,0,246,178,317,280,71,102,7242
002953,0,208,169,242,196,34,27,918
002954,0,218,153,270,187,52,34,1768
002955,0,585,224,681,283,96,59,5664
002956,0,280,158,311,188,31,30,930
002957,0,231,277,457,386,226,109,24634
002958,0,279,210,353,278,74,68,5032
002959,0,411,329,456,373,45,44,1980
002960,0,303,139,437,235,134,96,12864
002961,0,382,81,442,118,60,37,2220
002962,0,346,228,430,287,84,59,4956
002963,0,369,143,514,228,145,85,12325
002964,0,408,156,441,183,33,27,891
002965,0,426,170,551,264,125,94,11750
002966,0,398,126,422,155,24,29,696
002967,0,333,106,404,166,71,60,4260
002968,0,377,97,460,151,83,54,4482
002969,0,273,118,426,220,153,102,15606
002970,0,165,107,248,148,83,41,3403
002971,0,284,94,397,155,113,61,6893
002972,0,383,153,454,211,71,58,4118
002973,0,339,172,428,240,89,68,6052
002974,0,241,190,295,233,54,43,2322
002975,0,248,180,292,226,44,46,2024
002976,0,143,94,416,329,273,235,64155
002977,0,256,156,510,292,254,136,34544
002978,0,197,90,428,211,231,121,27951
002979,1,466,119,601,225,135,106,14310
002980,1,416,131,541,214,125,83,10375
002981,1,345,106,540,194,195,88,17160
002982,1,394,163,483,249,89,86,7654
002983,1,382,185,498,267,116,82,9512
002984,1,373,154,487,253,114,99,11286
002985,1,322,159,426,234,104,75,7800
002986,1,424,185,535,269,111,84,9324
002987,1,140,182,275,245,135,63,8505
002988,1,337,85,386,155,49,70,3430
002989,1,232,81,388,204,156,123,19188
002990,1,198,69,423,281,225,212,47700
002991,1,227,138,371,240,144,102,14688
002992,1,231,140,362,240,131,100,13100
002993,1,228,160,327,252,99,92,9108
002994,1,277,149,449,264,172,115,19780
002995,1,139,132,284,228,145,96,13920
002996,1,204,97,282,164,78,67,5226
002997,1,305,131,358,186,53,55,2915
002998,1,289,107,501,236,212,129,27348
002999,1,166,10,429,200,263,190,49970
003000,1,226,21,469,195,243,174,42282
003001,1,484,51,617,159,133,108,14364
003002,1,185,24,433,187,248,163,40424
003003,1,185,83,317,222,132,139,18348
003004,1,291,192,346,251,55,59,3245
003005,1,333,173,405,265,72,92,6624
003006,1,319,201,398,283,79,82,6478
003007,1,159,110,343,331,184,221,40664
003008,1,249,206,297,269,48,63,3024
003009,1,177,87,317,213,140,126,17640
003010,0,142,149,220,214,78,65,5070
003011,1,220,129,595,387,375,258,96750
003012,1,219,134,575,395,356,261,92916
003013,1,239,84,450,313,211,229,48319
003014,1,242,79,585,345,343,266,91238
003015,1,309,292,402,374,93,82,7626
003016,1,282,210,394,283,112,73,8176
003017,1,240,184,417,370,177,186,32922
003018,1,443,145,527,237,84,92,7728
003019,1,353,78,603,275,250,197,49250
003020,1,321,74,536,237,215,163,35045
003021,1,227,67,537,277,310,210,65100
003022,1,229,148,498,362,269,214,57566
003023,1,338,127,458,230,120,103,12360
003024,1,116,87,547,371,431,284,122404
003025,1,331,83,549,252,218,169,36842
003026,1,321,99,509,287,188,188,35344
003027,1,271,158,405,300,134,142,19028
003028,1,295,186,456,295,161,109,17549
003029,1,183,139,622,345,439,206,90434
003030,0,302,157,353,206,51,49,2499
003031,0,208,133,269,172,61,39,2379
003032,1,212,126,294,218,82,92,7544
003033,1,306,155,390,235,84,80,6720
003034,1,169,170,279,313,110,143,15730
003035,1,97,202,205,344,108,142,15336
003036,1,347,198,595,383,248,185,45880
003037,0,364,208,536,314,172,106,18232
003038,1,324,102,541,297,217,195,42315
003039,0,327,161,555,318,228,157,35796
003040,0,247,115,553,321,306,206,63036
003041,1,297,164,394,240,97,76,7372
003042,1,316,153,405,234,89,81,7209
003043,1,370,152,445,213,75,61,4575
003044,1,196,122,281,171,85,49,4165
003045,1,227,79,335,182,108,103,11124
003046,1,268,76,427,236,159,160,25440
003047,0,455,293,519,329,64,36,2304
003048,0,329,75,430,138,101,63,6363
003049,0,153,130,245,177,92,47,4324
003050,1,212,166,313,280,101,114,11514
003051,1,273,146,374,272,101,126,12726
003052,1,291,144,392,279,101,135,13635
003053,1,201,87,357,187,156,100,15600
003054,1,275,73,430,199,155,126,19530
003055,1,245,85,372,183,127,98,12446
003056,1,281,95,452,240,171,145,24795
003057,1,268,179,400,274,132,95,12540
003058,1,136,152,239,236,103,84,8652
003059,1,338,139,389,184,51,45,2295
003060,1,139,115,346,270,207,155,32085
003061,1,184,114,382,244,198,130,25740
003062,1,92,86,599,397,507,311,157677
003063,1,126,84,551,322,425,238,101150
003064,1,280,127,527,266,247,139,34333
003065,0,383,165,504,231,121,66,7986
003066,1,119,21,518,247,399,226,90174
003067,1,288,180,511,373,223,193,43039
003068,1,136,114,264,188,128,74,9472
003069,1,100,174,272,360,172,186,31992
003070,1,229,24,470,236,241,212,51092
003071,1,321,152,526,275,205,123,25215
003072,1,372,159,484,279,112,120,13440
003073,1,344,194,436,276,92,82,7544
003074,1,374,184,436,255,62,71,4402
003075,1,340,135,446,222,106,87,9222
003076,1,173,183,445,372,272,189,51408
003077,1,189,191,405,385,216,194,41904
003078,1,242,231,444,459,202,228,46056
003079,1,193,98,362,210,169,112,18928
003080,1,345,105,498,206,153,101,15453
003081,1,259,172,448,290,189,118,22302
003082,1,177,172,213,228,36,56,2016
003083,1,118,135,393,349,275,214,58850
003084,1,396,66,500,143,104,77,8008
003085,1,127,115,356,300,229,185,42365
003086,0,117,139,206,187,89,48,4272
003087,0,375,167,441,226,66,59,3894
003088,1,252,127,522,291,270,164,44280
003089,1,151,58,586,375,435,317,137895
003090,1,289,81,371,135,82,54,4428
003091,1,428,231,537,339,109,108,11772
003092,1,332,219,409,340,77,121,9317
003093,1,428,170,518,286,90,116,10440
003094,1,260,170,354,302,94,132,12408
003095,1,304,210,416,319,112,109,12208
003096,1,297,208,469,360,172,152,26144
003097,1,400,140,541,280,141,140,19740
003098,1,320,147,456,283,136,136,18496
003099,1,356,159,476,292,120,133,15960
003100,1,211,188,538,396,327,208,68016
003101,1,164,186,542,420,378,234,88452
003102,1,312,278,377,351,65,73,4745
003103,1,525,254,598,352,73,98,7154
003104,1,396,254,465,351,69,97,6693
003105,1,356,271,393,345,37,74,2738
003106,1,228,202,288,264,60,62,3720
003107,1,240,74,296,131,56,57,3192
003108,1,148,127,317,269,169,142,23998
003109,1,164,130,320,269,156,139,21684
003110,1,280,95,426,230,146,135,19710
003111,1,253,58,470,208,217,150,32550
003112,1,239,106,448,274,209,168,35112
003113,1,52,62,517,375,465,313,145545
003114,1,152,63,561,353,409,290,118610
003115,0,244,156,345,210,101,54,5454
003116,1,402,95,488,172,86,77,6622
003117,1,329,90,414,190,85,100,8500
003118,1,369,152,492,275,123,123,15129
003119,1,409,171,546,312,137,141,19317
003120,1,381,172,474,304,93,132,12276
003121,1,186,80,297,129,111,49,5439
003122,1,179,73,294,145,115,72,8280
003123,1,184,77,295,136,111,59,6549
003124,1,182,76,283,136,101,60,6060
003125,1,179,88,279,159,100,71,7100
003126,1,290,340,468,489,178,149,26522
003127,1,414,309,529,384,115,75,8625
003128,1,409,269,529,366,120,97,11640
003129,1,308,71,448,180,140,109,15260
003130,1,287,63,425,175,138,112,15456
003131,1,55,98,550,431,495,333,164835
003132,1,135,102,566,432,431,330,142230
003133,1,172,109,424,341,252,232,58464
003134,1,469,142,586,254,117,112,13104
003135,1,426,140,545,264,119,124,14756
003136,1,300,168,406,299,106,131,13886
003137,1,139,138,418,455,279,317,88443
003138,1,270,281,490,488,220,207,45540
003139,0,251,136,343,193,92,57,5244
003140,0,217,163,299,214,82,51,4182
003141,1,373,230,471,316,98,86,8428
003142,1,296,179,441,294,145,115,16675
003143,1,351,135,540,323,189,188,35532
003144,1,345,146,529,329,184,183,33672
003145,1,349,155,510,298,161,143,23023
003146,1,326,57,551,230,225,173,38925
003147,1,259,86,418,194,159,108,17172
003148,1,372,166,534,284,162,118,19116
003149,1,220,81,412,272,192,191,36672
003150,1,288,79,486,236,198,157,31086
003151,1,223,86,437,254,214,168,35952
003152,1,288,78,547,240,259,162,41958
003153,1,319,55,485,247,166,192,31872
003154,1,324,57,506,234,182,177,32214
003155,1,329,43,545,212,216,169,36504
003156,1,75,101,219,235,144,134,19296
003157,1,255,59,437,218,182,159,28938
003158,1,264,63,422,227,158,164,25912
003159,1,208,57,406,222,198,165,32670
003160,1,316,155,389,247,73,92,6716
003161,1,272,164,329,253,57,89,5073
003162,1,285,139,400,231,115,92,10580
003163,1,273,131,409,224,136,93,12648
003164,1,382,140,494,227,112,87,9744
003165,1,131,110,224,237,93,127,11811
003166,1,369,220,502,331,133,111,14763
003167,1,313,142,473,301,160,159,25440
003168,1,292,159,426,301,134,142,19028
003169,1,307,114,454,235,147,121,17787
003170,1,346,86,530,232,184,146,26864
003171,1,217,172,316,285,99,113,11187
003172,1,366,93,438,188,72,95,6840
003173,1,362,101,433,178,71,77,5467
003174,1,437,146,532,261,95,115,10925
003175,1,384,165,468,264,84,99,8316
003176,1,188,94,412,294,224,200,44800
003177,1,231,114,338,231,107,117,12519
003178,1,126,138,224,256,98,118,11564
003179,1,365,92,447,173,82,81,6642
003180,1,195,135,462,363,267,228,60876
003181,1,233,127,348,262,115,135,15525
003182,1,232,130,389,284,157,154,24178
003183,1,183,129,336,280,153,151,23103
003184,1,368,142,496,276,128,134,17152
003185,1,243,66,406,200,163,134,21842
003186,1,209,154,374,345,165,191,31515
003187,1,301,149,415,282,114,133,15162
003188,1,441,113,553,214,112,101,11312
003189,1,189,179,326,284,137,105,14385
003190,1,192,180,336,284,144,104,14976
003191,1,357,169,456,281,99,112,11088
003192,1,269,113,492,324,223,211,47053
003193,1,360,91,575,270,215,179,38485
003194,1,313,151,400,195,87,44,3828
003195,1,361,138,470,191,109,53,5777
003196,1,136,114,332,319,196,205,40180
003197,1,44,163,139,218,95,55,5225
003198,1,293,164,416,283,123,119,14637
003199,1,372,160,450,227,78,67,5226
003200,1,268,84,427,214,159,130,20670
003201,1,245,125,345,209,100,84,8400
003202,1,280,121,555,335,275,214,58850
003203,1,168,85,486,303,318,218,69324
003204,1,225,135,400,314,175,179,31325
003205,1,348,123,607,298,259,175,45325
003206,1,342,117,556,305,214,188,40232
003207,1,247,130,489,282,242,152,36784
003208,1,347,143,565,285,218,142,30956
003209,1,237,101,449,306,212,205,43460
003210,1,176,139,397,294,221,155,34255
003211,1,259,140,461,310,202,170,34340
003212,1,225,246,304,332,79,86,6794
003213,1,256,277,389,375,133,98,13034
003214,1,332,244,422,345,90,101,9090
003215,1,217,179,308,261,91,82,7462
003216,1,184,193,266,259,82,66,5412
003217,1,313,239,375,311,62,72,4464
003218,1,321,117,520,258,199,141,28059
003219,1,392,93,536,176,144,83,11952
003220,1,330,95,494,202,164,107,17548
003221,1,183,65,460,230,277,165,45705
003222,1,156,93,229,160,73,67,4891
003223,1,227,71,625,266,398,195,77610
003224,1,161,69,442,278,281,209,58729
003225,1,50,55,430,255,380,200,76000
003226,1,204,106,517,379,313,273,85449
003227,1,279,118,553,377,274,259,70966
003228,1,346,122,518,264,172,142,24424
003229,1,251,113,409,276,158,163,25754
003230,1,426,82,674,303,248,221,54808
003231,1,399,91,530,248,131,157,20567
003232,1,482,113,570,175,88,62,5456
003233,1,365,115,438,196,73,81,5913
003234,1,280,107,361,186,81,79,6399
003235,1,224,55,530,247,306,192,58752
003236,1,192,57,511,240,319,183,58377
003237,1,103,43,434,253,331,210,69510
003238,1,255,38,485,268,230,230,52900
003239,1,189,43,425,260,236,217,51212
003240,1,253,45,482,271,229,226,51754
003241,1,209,37,450,240,241,203,48923
003242,1,241,163,388,300,147,137,20139
003243,1,227,151,388,311,161,160,25760
003244,1,273,163,405,299,132,136,17952
003245,1,301,150,426,303,125,153,19125
003246,1,329,170,432,294,103,124,12772
003247,1,319,191,406,298,87,107,9309
003248,1,183,91,301,242,118,151,17818
003249,1,276,137,336,203,60,66,3960
003250,1,165,126,264,208,99,82,8118
003251,1,108,113,235,207,127,94,11938
003252,1,192,115,304,203,112,88,9856
003253,1,177,118,292,198,115,80,9200
003254,1,269,123,412,242,143,119,17017
003255,1,269,121,396,207,127,86,10922
003256,1,326,129,489,250,163,121,19723
003257,1,338,127,523,251,185,124,22940
003258,1,353,134,522,251,169,117,19773
003259,1,313,152,469,274,156,122,19032
003260,1,292,126,454,252,162,126,20412
003261,1,410,125,491,206,81,81,6561
003262,1,464,128,542,230,78,102,7956
003263,1,371,129,432,228,61,99,6039
003264,1,330,97,468,210,138,113,15594
003265,1,135,154,352,331,217,177,38409
003266,1,247,118,414,258,167,140,23380
003267,1,243,93,393,238,150,145,21750
003268,1,285,204,428,289,143,85,12155
003269,1,348,223,448,345,100,122,12200
003270,1,373,228,498,355,125,127,15875
003271,1,316,133,417,227,101,94,9494
003272,1,420,126,521,228,101,102,10302
003273,1,291,135,497,324,206,189,38934
003274,1,301,131,502,323,201,192,38592
003275,1,170,132,461,311,291,179,52089
003276,1,268,88,480,237,212,149,31588
003277,1,485,159,629,319,144,160,23040
003278,1,229,139,360,265,131,126,16506
003279,1,408,102,493,171,85,69,5865
003280,1,284,234,429,336,145,102,14790
003281,1,275,61,393,140,118,79,9322
003282,1,196,91,297,178,101,87,8787
003283,1,515,186,622,274,107,88,9416
003284,1,373,113,480,230,107,117,12519
003285,1,252,70,338,160,86,90,7740
003286,1,357,163,484,314,127,151,19177
003287,1,287,143,386,276,99,133,13167
003288,1,239,152,313,232,74,80,5920
003289,1,297,156,358,223,61,67,4087
003290,1,296,148,364,214,68,66,4488
003291,1,342,143,446,265,104,122,12688
003292,1,212,231,300,312,88,81,7128
003293,1,378,194,482,311,104,117,12168
003294,1,224,184,307,294,83,110,9130
003295,1,151,186,275,282,124,96,11904
003296,1,213,102,288,160,75,58,4350
003297,1,233,102,304,154,71,52,3692
003298,1,200,108,273,170,73,62,4526
003299,1,99,105,167,166,68,61,4148
003300,1,319,39,562,179,243,140,34020
003301,1,76,114,353,278,277,164,45428
003302,1,409,129,541,216,132,87,11484
003303,1,243,126,478,295,235,169,39715
003304,1,108,186,205,276,97,90,8730
003305,1,541,130,688,234,147,104,15288
003306,1,263,126,393,215,130,89,11570
003307,1,217,214,336,329,119,115,13685
003308,1,340,83,527,212,187,129,24123
003309,1,313,88,517,220,204,132,26928
003310,1,189,46,472,371,283,325,91975
003311,1,82,67,450,357,368,290,106720
003312,1,297,89,574,239,277,150,41550
003313,1,67,59,288,320,221,261,57681
003314,1,432,106,554,183,122,77,9394
003315,1,330,179,381,246,51,67,3417
003316,1,267,68,496,270,229,202,46258
003317,1,422,258,521,373,99,115,11385
003318,1,354,236,457,351,103,115,11845
003319,1,149,107,361,216,212,109,23108
003320,1,171,179,425,361,254,182,46228
003321,1,157,168,409,388,252,220,55440
003322,1,184,91,409,228,225,137,30825
003323,1,255,150,410,288,155,138,21390
003324,1,356,146,498,272,142,126,17892
003325,1,384,143,526,267,142,124,17608
003326,1,276,148,429,280,153,132,20196
003327,1,368,140,500,272,132,132,17424
003328,1,239,62,535,276,296,214,63344
003329,1,95,57,327,219,232,162,37584
003330,1,473,78,563,164,90,86,7740
003331,1,135,79,679,395,544,316,171904
003332,1,373,150,467,287,94,137,12878
003333,1,269,149,403,268,134,119,15946
003334,1,253,207,358,330,105,123,12915
003335,1,168,153,278,245,110,92,10120
003336,1,183,141,282,223,99,82,8118
003337,1,230,147,310,251,80,104,8320
003338,1,171,149,271,232,100,83,8300
003339,1,158,159,266,251,108,92,9936
003340,1,143,148,229,214,86,66,5676
003341,1,159,142,253,214,94,72,6768
003342,1,397,171,517,258,120,87,10440
003343,1,336,167,436,274,100,107,10700
003344,1,498,107,622,188,124,81,10044
003345,1,433,79,519,196,86,117,10062
003346,1,345,54,432,152,87,98,8526
003347,1,334,57,425,142,91,85,7735
003348,1,307,67,400,174,93,107,9951
003349,1,414,97,497,203,83,106,8798
003350,1,236,136,435,287,199,151,30049
003351,1,284,156,358,230,74,74,5476
003352,1,248,159,333,226,85,67,5695
003353,1,321,159,429,270,108,111,11988
003354,1,224,142,326,239,102,97,9894
003355,1,231,142,320,236,89,94,8366
003356,1,181,126,259,210,78,84,6552
003357,1,229,137,308,213,79,76,6004
003358,1,152,159,257,243,105,84,8820
003359,1,422,98,494,195,72,97,6984
003360,1,228,73,320,176,92,103,9476
003361,1,358,127,428,230,70,103,7210
003362,1,321,190,416,292,95,102,9690
003363,1,297,175,365,256,68,81,5508
003364,1,309,86,458,211,149,125,18625
003365,1,320,62,450,190,130,128,16640
003366,1,177,101,440,339,263,238,62594
003367,1,205,114,438,365,233,251,58483
003368,1,300,150,383,274,83,124,10292
003369,1,338,146,446,251,108,105,11340
003370,1,342,163,436,260,94,97,9118
003371,1,272,122,457,243,185,121,22385
003372,1,269,113,440,226,171,113,19323
003373,1,288,80,438,213,150,133,19950
003374,1,301,66,551,248,250,182,45500
003375,1,284,71,482,226,198,155,30690
003376,1,253,65,481,250,228,185,42180
003377,1,320,130,525,280,205,150,30750
003378,1,103,66,619,361,516,295,152220
003379,1,111,78,645,382,534,304,162336
003380,1,169,155,496,356,327,201,65727
003381,1,112,147,443,349,331,202,66862
003382,1,28,142,344,312,316,170,53720
003383,1,321,258,562,381,241,123,29643
003384,1,88,148,410,349,322,201,64722
003385,1,309,73,667,431,358,358,128164
003386,1,176,130,236,200,60,70,4200
003387,1,180,74,558,286,378,212,80136
003388,1,75,21,594,335,519,314,162966
003389,1,135,30,570,360,435,330,143550
003390,1,449,134,531,214,82,80,6560
003391,1,229,150,329,252,100,102,10200
003392,1,328,118,598,227,270,109,29430
003393,1,382,111,591,230,209,119,24871
003394,1,364,142,429,196,65,54,3510
003395,1,184,214,288,321,104,107,11128
003396,1,228,73,433,223,205,150,30750
003397,1,228,109,507,282,279,173,48267
003398,1,300,131,468,306,168,175,29400
003399,1,361,122,502,295,141,173,24393
003400,1,163,127,417,287,254,160,40640
003401,1,333,130,400,203,67,73,4891
003402,1,361,114,530,256,169,142,23998
003403,1,384,131,473,274,89,143,12727
003404,1,434,290,502,389,68,99,6732
003405,1,163,87,304,191,141,104,14664
003406,1,291,106,492,250,201,144,28944
003407,1,275,101,470,247,195,146,28470
003408,1,237,101,364,187,127,86,10922
003409,1,143,41,288,160,145,119,17255
003410,1,289,96,396,184,107,88,9416
003411,1,317,110,603,383,286,273,78078
003412,1,170,98,561,367,391,269,105179
003413,1,455,228,537,319,82,91,7462
003414,1,279,182,362,264,83,82,6806
003415,1,352,122,433,220,81,98,7938
003416,1,251,95,342,179,91,84,7644
003417,1,256,133,474,355,218,222,48396
003418,1,263,110,479,335,216,225,48600
003419,1,262,85,534,298,272,213,57936
003420,1,267,78,460,308,193,230,44390
003421,1,306,187,512,364,206,177,36462
003422,1,152,109,267,220,115,111,12765
003423,1,308,166,457,304,149,138,20562
003424,1,257,196,476,429,219,233,51027
003425,1,70,85,291,267,221,182,40222
003426,1,195,67,425,280,230,213,48990
003427,1,311,127,442,220,131,93,12183
003428,0,365,219,422,283,57,64,3648
003429,0,323,156,465,239,142,83,11786
003430,0,289,168,366,210,77,42,3234
003431,0,378,271,535,329,157,58,9106
003432,0,436,158,496,208,60,50,3000
003433,0,364,175,426,227,62,52,3224
003434,0,184,182,208,214,24,32,768
003435,0,264,58,409,126,145,68,9860
003436,0,337,174,460,274,123,100,12300
003437,1,353,223,433,314,80,91,7280
003438,0,196,227,240,307,44,80,3520
003439,0,192,215,260,302,68,87,5916
003440,0,304,203,361,280,57,77,4389
003441,0,405,152,474,197,69,45,3105
003442,0,511,144,558,183,47,39,1833
003443,0,330,192,369,235,39,43,1677
003444,0,177,130,320,242,143,112,16016
003445,0,523,164,593,215,70,51,3570
003446,0,385,98,440,138,55,40,2200
003447,0,265,91,559,393,294,302,88788
003448,0,284,133,389,194,105,61,6405
003449,0,229,131,300,180,71,49,3479
003450,0,260,122,362,176,102,54,5508
003451,0,350,87,425,137,75,50,3750
003452,0,323,148,518,290,195,142,27690
003453,0,422,85,549,174,127,89,11303
003454,0,288,34,505,162,217,128,27776
003455,0,245,38,432,162,187,124,23188
003456,0,99,139,279,267,180,128,23040
003457,0,287,130,426,248,139,118,16402
003458,0,309,146,361,178,52,32,1664
003459,0,252,163,312,219,60,56,3360
003460,0,295,152,398,234,103,82,8446
003461,0,341,106,541,227,200,121,24200
003462,0,385,74,505,140,120,66,7920
003463,0,381,97,473,156,92,59,5428
003464,0,291,114,412,200,121,86,10406
003465,0,284,206,469,310,185,104,19240
003466,0,393,97,566,234,173,137,23701
003467,0,324,119,356,160,32,41,1312
003468,0,155,151,227,202,72,51,3672
003469,0,384,127,441,163,57,36,2052
003470,0,180,94,223,125,43,31,1333
003471,0,357,210,433,279,76,69,5244
003472,0,394,139,484,208,90,69,6210
003473,0,392,133,474,210,82,77,6314
003474,0,271,127,370,207,99,80,7920
003475,0,337,160,397,207,60,47,2820
003476,0,360,119,454,195,94,76,7144
003477,0,255,79,635,428,380,349,132620
003478,0,312,125,488,243,176,118,20768
003479,0,253,232,328,291,75,59,4425
003480,0,400,155,430,188,30,33,990
003481,0,406,173,548,243,142,70,9940
003482,0,295,120,426,191,131,71,9301
003483,0,441,156,553,247,112,91,10192
003484,0,293,164,341,192,48,28,1344
003485,0,378,191,453,239,75,48,3600
003486,0,149,129,203,186,54,57,3078
003487,0,477,167,566,222,89,55,4895
003488,0,277,123,380,175,103,52,5356
003489,0,344,87,382,134,38,47,1786
003490,0,339,146,398,204,59,58,3422
003491,0,216,214,276,296,60,82,4920
003492,0,244,67,348,122,104,55,5720
003493,0,304,106,394,204,90,98,8820
003494,0,267,109,384,192,117,83,9711
003495,0,514,158,571,200,57,42,2394
003496,0,365,194,430,243,65,49,3185
003497,0,408,144,474,223,66,79,5214
003498,0,442,131,529,199,87,68,5916
003499,0,281,101,345,140,64,39,2496
003500,0,428,196,601,309,173,113,19549
003501,0,372,162,406,195,34,33,1122
003502,0,233,125,531,302,298,177,52746
003503,0,201,73,574,212,373,139,51847
003504,0,303,188,431,299,128,111,14208
003505,0,327,234,411,302,84,68,5712
003506,0,357,99,388,125,31,26,806
003507,0,240,142,317,204,77,62,4774
003508,0,324,150,404,207,80,57,4560
003509,0,293,186,330,228,37,42,1554
003510,0,150,116,208,167,58,51,2958
003511,0,365,187,496,279,131,92,12052
003512,0,118,131,295,259,177,128,22656
003513,0,410,119,533,192,123,73,8979
003514,0,277,221,326,283,49,62,3038
003515,0,223,247,291,292,68,45,3060
003516,0,418,212,561,324,143,112,16016
003517,0,366,202,507,319,141,117,16497
003518,0,171,131,268,204,97,73,7081
003519,0,300,156,384,208,84,52,4368
003520,0,74,114,223,202,149,88,13112
003521,0,352,166,489,252,137,86,11782
003522,0,473,243,527,317,54,74,3996
003523,0,461,151,718,307,257,156,40092
003524,0,235,199,437,320,202,121,24442
003525,0,268,188,468,328,200,140,28000
003526,0,265,195,358,296,93,101,9393
003527,0,442,106,566,175,124,69,8556
003528,0,462,214,488,256,26,42,1092
003529,0,167,109,252,160,85,51,4335
003530,0,188,133,260,180,72,47,3384
003531,0,308,155,361,194,53,39,2067
003532,0,312,139,369,190,57,51,2907
003533,0,122,172,205,218,83,46,3818
003534,0,268,320,291,365,23,45,1035
003535,0,268,163,308,206,40,43,1720
003536,0,470,162,542,220,72,58,4176
003537,0,372,160,433,203,61,43,2623
003538,0,366,187,404,234,38,47,1786
003539,0,539,267,581,307,42,40,1680
003540,0,478,299,510,329,32,30,960
003541,0,216,224,341,305,125,81,10125
003542,0,259,125,498,286,239,161,38479
003543,0,316,122,627,314,311,192,59712
003544,0,285,167,442,320,157,153,24021
003545,0,220,62,538,203,318,141,44838
003546,0,247,168,376,251,129,83,10707
003547,0,188,146,372,282,184,136,25024
003548,0,319,259,346,292,27,33,891
003549,0,517,146,551,172,34,26,884
003550,0,264,179,292,212,28,33,924
003551,0,217,299,255,328,38,29,1102
003552,0,207,172,299,230,92,58,5336
003553,0,215,87,356,170,141,83,11703
003554,0,328,98,382,154,54,56,3024
003555,0,203,159,233,194,30,35,1050
003556,0,207,171,244,208,37,37,1369
003557,0,259,180,337,235,78,55,4290
003558,0,313,222,368,263,55,41,2255
003559,0,366,63,405,90,39,27,1053
003560,0,349,55,412,105,63,50,3150
003561,0,368,183,410,212,42,29,1218
003562,0,440,191,478,240,38,49,1862
003563,0,241,134,265,168,24,34,816
003564,0,396,138,436,178,40,40,1600
003565,0,441,126,496,175,55,49,2695
003566,0,429,135,468,190,39,55,2145
003567,0,43,43,432,272,389,229,89081
003568,0,465,207,570,308,105,101,10605
003569,0,399,270,466,325,67,55,3685
003570,0,238,254,333,313,95,59,5605
003571,0,456,131,535,182,79,51,4029
003572,0,384,139,464,199,80,60,4800
003573,0,215,284,263,367,48,83,3984
003574,0,200,259,248,316,48,57,2736
003575,0,237,270,303,336,66,66,4356
003576,0,240,270,292,331,52,61,3172
003577,0,207,280,241,332,34,52,1768
003578,0,288,270,337,333,49,63,3087
003579,1,280,61,462,176,182,115,20930
003580,1,161,19,429,224,268,205,54940
003581,1,251,17,477,220,226,203,45878
003582,1,217,63,378,170,161,107,17227
003583,1,268,75,506,238,238,163,38794
003584,1,430,118,513,231,83,113,9379
003585,1,438,93,544,227,106,134,14204
003586,1,305,109,398,229,93,120,11160
003587,1,100,110,216,202,116,92,10672
003588,1,86,113,211,207,125,94,11750
003589,1,381,101,500,243,119,142,16898
003590,1,256,82,557,351,301,269,80969
003591,1,192,117,514,315,322,198,63756
003592,1,300,138,551,379,251,241,60491
003593,1,349,288,462,387,113,99,11187
003594,1,267,57,390,155,123,98,12054
003595,1,364,67,485,190,121,123,14883
003596,1,309,87,551,218,242,131,31702
003597,1,312,83,570,214,258,131,33798
003598,1,289,103,486,271,197,168,33096
003599,1,292,105,478,266,186,161,29946
003600,1,284,138,340,196,56,58,3248
003601,1,239,224,305,307,66,83,5478
003602,1,299,188,344,244,45,56,2520
003603,1,229,166,410,367,181,201,36381
003604,1,220,122,422,263,202,141,28482
003605,1,304,160,502,364,198,204,40392
003606,1,364,251,437,323,73,72,5256
003607,1,252,81,481,226,229,145,33205
003608,1,257,93,437,231,180,138,24840
003609,1,156,142,369,307,213,165,35145
003610,1,292,105,496,332,204,227,46308
003611,1,227,95,413,333,186,238,44268
003612,1,209,143,433,351,224,208,46592
003613,1,219,168,292,239,73,71,5183
003614,1,369,166,464,246,95,80,7600
003615,1,257,170,345,250,88,80,7040
003616,1,249,155,358,251,109,96,10464
003617,1,221,156,244,210,23,54,1242
003618,1,291,164,333,224,42,60,2520
003619,1,239,182,481,356,242,174,42108
003620,1,277,93,400,214,123,121,14883
003621,1,301,83,438,170,137,87,11919
003622,1,209,73,434,304,225,231,51975
003623,1,245,50,502,321,257,271,69647
003624,1,409,232,623,448,214,216,46224
003625,1,384,206,526,318,142,112,15904
003626,1,394,229,522,319,128,90,11520
003627,1,416,157,485,214,69,57,3933
003628,1,171,75,323,172,152,97,14744
003629,1,287,78,389,163,102,85,8670
003630,1,319,81,423,165,104,84,8736
003631,1,361,125,502,251,141,126,17766
003632,1,247,95,370,198,123,103,12669
003633,1,200,97,340,196,140,99,13860
003634,1,485,151,563,216,78,65,5070
003635,1,413,251,492,367,79,116,9164
003636,1,384,164,496,234,112,70,7840
003637,1,330,227,426,325,96,98,9408
003638,1,205,87,311,178,106,91,9646
003639,1,237,87,319,171,82,84,6888
003640,1,309,123,466,252,157,129,20253
003641,1,424,85,534,198,110,113,12430
003642,1,245,74,442,228,197,154,30338
003643,1,276,83,469,276,193,193,37249
003644,1,328,86,538,256,210,170,35700
003645,1,338,194,476,306,138,112,15456
003646,1,541,183,636,292,95,109,10355
003647,1,465,150,645,270,180,120,21600
003648,1,253,130,418,300,165,170,28050
003649,1,291,94,550,271,259,177,45843
003650,1,293,110,490,283,197,173,34081
003651,1,263,115,619,379,356,264,93984
003652,1,203,95,618,417,415,322,133630
003653,1,86,93,488,377,402,284,114168
003654,1,83,90,444,311,361,221,79781
003655,1,196,83,390,295,194,212,41128
003656,1,287,90,527,307,240,217,52080
003657,1,26,117,215,331,189,214,40446
003658,1,118,86,324,308,206,222,45732
003659,1,135,125,251,231,116,106,12296
003660,1,148,118,259,219,111,101,11211
003661,1,311,151,424,242,113,91,10283
003662,1,177,95,465,244,288,149,42912
003663,1,244,100,525,255,281,155,43555
003664,1,269,82,542,228,273,146,39858
003665,1,296,156,397,258,101,102,10302
003666,1,192,163,301,286,109,123,13407
003667,1,272,110,408,228,136,118,16048
003668,1,303,145,388,250,85,105,8925
003669,1,421,147,530,242,109,95,10355
003670,1,267,111,386,196,119,85,10115
003671,1,297,146,388,266,91,120,10920
003672,1,74,25,555,328,481,303,145743
003673,1,290,25,563,275,273,250,68250
003674,1,308,77,416,151,108,74,7992
003675,1,405,99,521,179,116,80,9280
003676,1,281,86,368,140,87,54,4698
003677,1,313,94,477,183,164,89,14596
003678,1,330,110,441,211,111,101,11211
003679,1,329,133,454,223,125,90,11250
003680,1,287,95,404,202,117,107,12519
003681,1,160,83,301,200,141,117,16497
003682,1,264,151,362,280,98,129,12642
003683,1,232,116,353,226,121,110,13310
003684,1,300,130,444,271,144,141,20304
003685,1,398,159,513,282,115,123,14145
003686,1,259,109,418,272,159,163,25917
003687,1,156,85,344,256,188,171,32148
003688,1,208,75,392,234,184,159,29256
003689,1,239,70,417,238,178,168,29904
003690,1,257,85,465,340,208,255,53040
003691,1,386,139,462,210,76,71,5396
003692,1,295,123,361,215,66,92,6072
003693,1,204,111,309,200,105,89,9345
003694,1,213,55,504,236,291,181,52671
003695,1,252,66,490,192,238,126,29988
003696,1,148,90,354,222,206,132,27192
003697,1,197,95,448,246,251,151,37901
003698,1,259,94,414,236,155,142,22010
003699,1,324,76,480,210,156,134,20904
003700,1,380,152,465,250,85,98,8330
003701,1,448,134,533,212,85,78,6630
003702,1,372,99,496,202,124,103,12772
003703,1,441,171,523,250,82,79,6478
003704,1,418,244,521,340,103,96,9888
003705,1,308,223,394,311,86,88,7568
003706,1,373,223,466,337,93,114,10602
003707,1,287,151,458,329,171,178,30438
003708,1,269,190,297,220,28,30,840
003709,1,223,175,268,224,45,49,2205
003710,1,169,121,365,287,196,166,32536
003711,1,398,136,558,246,160,110,17600
003712,1,183,172,297,252,114,80,9120
003713,1,295,167,421,267,126,100,12600
003714,1,285,162,401,263,116,101,11716
003715,1,249,167,373,263,124,96,11904
003716,1,144,138,264,236,120,98,11760
003717,1,316,171,437,341,121,170,20570
003718,1,349,154,430,224,81,70,5670
003719,1,366,215,494,369,128,154,19712
003720,1,457,79,599,160,142,81,11502
003721,1,173,79,385,232,212,153,32436
003722,1,197,61,294,155,97,94,9118
003723,1,150,65,301,166,151,101,15251
003724,1,176,131,238,206,62,75,4650
003725,1,220,137,291,214,71,77,5467
003726,1,185,150,287,230,102,80,8160
003727,1,340,251,452,339,112,88,9856
003728,1,317,251,426,335,109,84,9156
003729,1,279,244,386,336,107,92,9844
003730,1,300,243,404,328,104,85,8840
003731,1,353,238,442,328,89,90,8010
003732,1,374,119,466,231,92,112,10304
003733,1,376,111,468,228,92,117,10764
003734,1,207,121,394,327,187,206,38522
003735,1,299,174,433,336,134,162,21708
003736,1,249,164,337,250,88,86,7568
003737,1,271,143,361,236,90,93,8370
003738,1,179,163,273,228,94,65,6110
003739,1,285,55,376,142,91,87,7917
003740,1,384,99,482,201,98,102,9996
003741,1,373,95,440,184,67,89,5963
003742,1,196,87,308,166,112,79,8848
003743,1,389,69,473,144,84,75,6300
003744,1,354,315,460,445,106,130,13780
003745,1,338,147,401,214,63,67,4221
003746,1,275,151,373,230,98,79,7742
003747,1,321,122,388,229,67,107,7169
003748,1,158,101,212,160,54,59,3186
003749,1,85,79,342,225,257,146,37522
003750,1,104,65,307,207,203,142,28826
003751,1,200,97,416,218,216,121,26136
003752,1,223,93,355,208,132,115,15180
003753,1,282,146,396,306,114,160,18240
003754,1,344,122,474,290,130,168,21840
003755,1,332,123,464,296,132,173,22836
003756,1,359,129,478,283,119,154,18326
003757,1,362,106,496,194,134,88,11792
003758,1,189,133,319,215,130,82,10660
003759,1,207,125,329,200,122,75,9150
003760,1,213,111,346,199,133,88,11704
003761,1,354,133,496,256,142,123,17466
003762,1,338,142,440,250,102,108,11016
003763,1,361,166,445,236,84,70,5880
003764,1,396,123,470,214,74,91,6734
003765,1,430,130,492,212,62,82,5084
003766,1,245,102,345,282,100,180,18000
003767,1,260,111,357,284,97,173,16781
003768,1,144,142,264,270,120,128,15360
003769,1,281,111,456,238,175,127,22225
003770,1,285,152,358,230,73,78,5694
003771,1,253,130,334,208,81,78,6318
003772,1,253,127,348,220,95,93,8835
003773,1,348,180,462,304,114,124,14136
003774,1,435,158,523,246,88,88,7744
003775,1,362,125,401,179,39,54,2106
003776,1,416,93,452,146,36,53,1908
003777,1,235,45,489,244,254,199,50546
003778,1,332,65,578,242,246,177,43542
003779,1,337,81,583,224,246,143,35178
003780,1,248,70,489,240,241,170,40970
003781,1,119,198,323,412,204,214,43656
003782,1,125,210,374,447,249,237,59013
003783,1,157,179,412,408,255,229,58395
003784,1,165,170,425,409,260,239,62140
003785,1,231,136,385,263,154,127,19558
003786,1,287,134,420,240,133,106,14098
003787,1,324,186,500,294,176,108,19008
003788,1,281,123,420,232,139,109,15151
003789,1,180,198,422,408,242,210,50820
003790,1,257,208,448,361,191,153,29223
003791,1,195,179,334,325,139,146,20294
003792,1,303,131,402,280,99,149,14751
003793,1,326,125,505,290,179,165,29535
003794,1,324,118,425,238,101,120,12120
003795,1,408,138,502,238,94,100,9400
003796,1,260,134,348,248,88,114,10032
003797,1,420,98,470,170,50,72,3600
003798,1,284,90,337,153,53,63,3339
003799,1,257,267,320,352,63,85,5355
003800,1,321,186,408,307,87,121,10527
003801,1,366,174,454,291,88,117,10296
003802,1,394,180,505,320,111,140,15540
003803,1,308,194,441,280,133,86,11438
003804,1,300,196,409,299,109,103,11227
003805,1,366,166,488,292,122,126,15372
003806,1,331,223,402,319,71,96,6816
003807,1,269,169,391,281,122,112,13664
003808,1,368,167,446,223,78,56,4368
003809,1,329,167,390,227,61,60,3660
003810,1,419,155,505,234,86,79,6794
003811,1,167,93,658,325,491,232,113912
003812,1,157,94,643,325,486,231,112266
003813,1,333,73,719,351,386,278,107308
003814,1,253,53,695,341,442,288,127296
003815,1,246,58,321,127,75,69,5175
003816,1,495,232,547,325,52,93,4836
003817,1,369,81,694,279,325,198,64350
003818,1,239,93,706,371,467,278,129826
003819,1,289,83,671,355,382,272,103904
003820,1,201,154,263,250,62,96,5952
003821,1,231,83,621,356,390,273,106470
003822,1,253,95,627,355,374,260,97240
003823,1,199,75,529,270,330,195,64350
003824,1,90,148,168,231,78,83,6474
003825,1,71,83,573,376,502,293,147086
003826,1,247,155,389,317,142,162,23004
003827,1,215,180,325,270,110,90,9900
003828,1,296,152,409,231,113,79,8927
003829,1,369,160,469,268,100,108,10800
003830,1,315,140,436,294,121,154,18634
003831,1,345,159,453,274,108,115,12420
003832,1,187,86,280,166,93,80,7440
003833,1,196,109,284,194,88,85,7480
003834,1,470,82,615,166,145,84,12180
003835,1,317,106,442,196,125,90,11250
003836,1,354,110,417,168,63,58,3654
003837,1,336,101,400,158,64,57,3648
003838,1,333,107,409,164,76,57,4332
003839,1,205,146,293,238,88,92,8096
003840,1,228,143,328,242,100,99,9900
003841,1,245,134,369,252,124,118,14632
003842,1,208,130,304,219,96,89,8544
003843,1,143,130,238,208,95,78,7410
003844,1,99,110,204,217,105,107,11235
003845,1,226,137,330,236,104,99,10296
003846,1,223,54,485,220,262,166,43492
003847,1,332,70,529,280,197,210,41370
003848,1,211,49,530,239,319,190,60610
003849,1,426,51,663,193,237,142,33654
003850,1,283,77,504,210,221,133,29393
003851,1,424,49,639,180,215,131,28165
003852,1,346,135,429,238,83,103,8549
003853,1,220,130,331,229,111,99,10989
003854,1,338,236,442,320,104,84,8736
003855,1,307,248,413,327,106,79,8374
003856,1,301,247,417,317,116,70,8120
003857,1,185,180,416,317,231,137,31647
003858,1,452,190,546,256,94,66,6204
003859,1,382,255,461,357,79,102,8058
003860,1,343,230,420,317,77,87,6699
003861,1,365,220,450,323,85,103,8755
003862,1,365,224,432,316,67,92,6164
003863,1,234,101,330,187,96,86,8256
003864,1,187,84,292,192,105,108,11340
003865,1,229,106,565,314,336,208,69888
003866,1,227,113,448,306,221,193,42653
003867,1,299,69,526,340,227,271,61517
003868,1,244,122,358,254,114,132,15048
003869,1,317,109,386,199,69,90,6210
003870,1,255,95,349,172,94,77,7238
003871,1,286,214,377,316,91,102,9282
003872,1,497,102,546,163,49,61,2989
003873,1,233,39,421,184,188,145,27260
003874,1,376,159,512,315,136,156,21216
003875,1,408,138,549,308,141,170,23970
003876,1,235,161,400,317,165,156,25740
003877,1,476,199,562,301,86,102,8772
003878,1,181,204,456,383,275,179,49225
003879,1,232,203,465,379,233,176,41008
003880,1,311,241,389,373,78,132,10296
003881,1,369,114,590,312,221,198,43758
003882,1,422,140,650,325,228,185,42180
003883,1,319,91,470,207,151,116,17516
003884,1,279,91,420,198,141,107,15087
003885,1,233,103,378,227,145,124,17980
003886,1,203,143,287,227,84,84,7056
003887,1,228,99,349,199,121,100,12100
003888,1,392,81,498,159,106,78,8268
003889,1,142,140,219,210,77,70,5390
003890,1,273,102,398,175,125,73,9125
003891,1,441,94,511,164,70,70,4900
003892,1,250,139,480,286,230,147,33810
003893,1,200,129,472,285,272,156,42432
003894,1,280,156,470,278,190,122,23180
003895,1,148,133,360,251,212,118,25016
003896,1,425,129,504,218,79,89,7031
003897,1,436,117,530,226,94,109,10246
003898,1,277,199,370,301,93,102,9486
003899,1,99,106,562,481,463,375,173625
003900,1,142,84,558,329,416,245,101920
003901,1,413,259,519,372,106,113,11978
003902,1,327,254,454,372,127,118,14986
003903,1,457,267,578,363,121,96,11616
003904,1,217,73,413,256,196,183,35868
003905,1,104,67,531,286,427,219,93513
003906,1,169,80,550,260,381,180,68580
003907,1,224,111,438,288,214,177,37878
003908,1,91,58,488,314,397,256,101632
003909,1,247,130,358,227,111,97,10767
003910,1,489,142,535,210,46,68,3128
003911,1,250,213,355,329,105,116,12180
003912,1,458,115,530,190,72,75,5400
003913,1,447,104,537,201,90,97,8730
003914,1,465,101,558,196,93,95,8835
003915,1,424,106,542,203,118,97,11446
003916,1,490,103,589,195,99,92,9108
003917,1,507,110,591,196,84,86,7224
003918,1,204,81,506,243,302,162,48924
003919,1,249,85,434,199,185,114,21090
003920,1,173,79,493,222,320,143,45760
003921,1,376,156,449,251,73,95,6935
003922,1,409,150,499,241,90,91,8190
003923,1,203,121,323,190,120,69,8280
003924,1,204,109,330,180,126,71,8946
003925,1,191,155,328,244,137,89,12193
003926,1,209,195,333,268,124,73,9052
003927,1,225,58,557,203,332,145,48140
003928,1,257,46,489,234,232,188,43616
003929,1,317,126,445,196,128,70,8960
003930,1,239,94,369,190,130,96,12480
003931,1,204,79,315,214,111,135,14985
003932,1,384,63,496,207,112,144,16128
003933,1,296,83,404,212,108,129,13932
003934,1,364,118,422,198,58,80,4640
003935,1,183,216,243,283,60,67,4020
003936,1,94,109,201,195,107,86,9202
003937,1,253,122,562,341,309,219,67671
003938,1,188,218,279,288,91,70,6370
003939,1,291,125,599,352,308,227,69916
003940,1,134,113,240,214,106,101,10706
003941,1,384,223,450,315,66,92,6072
003942,1,425,106,603,267,178,161,28658
003943,1,265,112,586,333,321,221,70941
003944,1,309,86,493,211,184,125,23000
003945,1,316,49,497,188,181,139,25159
003946,1,284,89,400,180,116,91,10556
003947,1,236,298,309,357,73,59,4307
003948,1,346,292,406,341,60,49,2940
003949,1,347,195,518,308,171,113,19323
003950,1,203,135,404,321,201,186,37386
003951,1,170,142,428,343,258,201,51858
003952,1,229,147,457,343,228,196,44688
003953,1,314,188,573,380,259,192,49728
003954,1,426,130,570,240,144,110,15840
003955,1,293,126,416,236,123,110,13530
003956,1,393,63,488,140,95,77,7315
003957,1,366,61,452,140,86,79,6794
003958,1,293,59,386,134,93,75,6975
003959,1,122,94,492,341,370,247,91390
003960,1,299,95,420,203,121,108,13068
003961,1,368,103,468,203,100,100,10000
003962,1,256,78,493,268,237,190,45030
003963,1,290,76,540,272,250,196,49000
003964,1,245,194,336,276,91,82,7462
003965,1,332,308,402,377,70,69,4830
003966,1,317,207,410,274,93,67,6231
003967,1,173,77,251,167,78,90,7020
003968,1,282,94,421,239,139,145,20155
003969,1,208,91,365,232,157,141,22137
003970,1,1,114,438,302,437,188,82156
003971,1,280,97,426,256,146,159,23214
003972,1,196,89,357,235,161,146,23506
003973,1,329,105,453,192,124,87,10788
003974,1,458,94,513,147,55,53,2915
003975,1,253,131,405,220,152,89,13528
003976,1,157,118,288,180,131,62,8122
003977,1,352,144,464,231,112,87,9744
003978,1,344,143,444,223,100,80,8000
003979,1,253,179,338,303,85,124,10540
003980,1,195,175,313,324,118,149,17582
003981,1,272,183,372,323,100,140,14000
003982,1,155,86,297,200,142,114,16188
003983,1,217,79,362,171,145,92,13340
003984,1,319,166,378,226,59,60,3540
003985,1,327,163,388,231,61,68,4148
003986,1,326,154,404,215,78,61,4758
003987,1,260,125,405,196,145,71,10295
003988,1,251,117,389,192,138,75,10350
003989,1,100,126,173,212,73,86,6278
003990,1,320,78,449,224,129,146,18834
003991,1,311,70,468,228,157,158,24806
003992,1,95,129,173,195,78,66,5148
003993,1,361,134,430,223,69,89,6141
003994,1,269,94,436,238,167,144,24048
003995,1,394,79,586,238,192,159,30528
003996,1,171,110,357,204,186,94,17484
003997,1,175,93,299,218,124,125,15500
003998,1,248,139,341,256,93,117,10881
003999,1,216,103,376,294,160,191,30560
004000,1,241,67,370,212,129,145,18705
004001,1,393,101,513,242,120,141,16920
004002,1,232,294,364,417,132,123,16236
004003,1,250,127,354,245,104,118,12272
004004,1,336,119,422,271,86,152,13072
004005,1,374,146,449,220,75,74,5550
004006,1,250,78,330,154,80,76,6080
004007,1,276,49,372,143,96,94,9024
004008,1,211,114,394,294,183,180,32940
004009,1,173,139,316,299,143,160,22880
004010,1,328,200,374,250,46,50,2300
004011,1,426,194,473,258,47,64,3008
004012,1,389,121,530,231,141,110,15510
004013,1,382,138,545,254,163,116,18908
004014,1,342,103,507,254,165,151,24915
004015,1,256,86,426,216,170,130,22100
004016,1,288,81,488,215,200,134,26800
004017,1,233,111,535,392,302,281,84862
004018,1,191,105,423,265,232,160,37120
004019,1,197,112,424,275,227,163,37001
004020,1,309,164,448,269,139,105,14595
004021,1,115,135,252,308,137,173,23701
004022,1,209,115,457,307,248,192,47616
004023,1,379,115,642,345,263,230,60490
004024,1,279,85,605,302,326,217,70742
004025,1,331,123,648,403,317,280,88760
004026,1,211,83,550,363,339,280,94920
004027,1,303,182,415,297,112,115,12880
004028,1,340,183,536,359,196,176,34496
004029,1,246,160,485,343,239,183,43737
004030,1,250,98,401,204,151,106,16006
004031,1,183,110,317,216,134,106,14204
004032,1,449,125,534,206,85,81,6885
004033,1,285,69,361,158,76,89,6764
004034,1,149,204,356,347,207,143,29601
004035,1,211,180,458,373,247,193,47671
004036,1,251,35,428,144,177,109,19293
004037,1,267,38,457,156,190,118,22420
004038,1,264,34,452,143,188,109,20492
004039,1,299,77,552,251,253,174,44022
004040,1,294,49,525,258,231,209,48279
004041,1,265,157,523,362,258,205,52890
004042,1,220,58,478,194,258,136,35088
004043,1,191,69,491,249,300,180,54000
004044,1,248,110,540,349,292,239,69788
004045,1,315,122,583,307,268,185,49580
004046,1,233,41,401,286,168,245,41160
004047,1,164,73,402,263,238,190,45220
004048,1,255,82,409,163,154,81,12474
004049,1,295,74,440,178,145,104,15080
004050,1,248,102,409,198,161,96,15456
004051,1,235,83,398,204,163,121,19723
004052,1,281,91,404,188,123,97,11931
004053,1,275,98,332,172,57,74,4218
004054,1,297,95,456,208,159,113,17967
004055,1,245,142,377,228,132,86,11352
004056,1,398,137,513,207,115,70,8050
004057,1,244,95,398,183,154,88,13552
004058,1,103,166,406,459,303,293,88779
004059,1,180,190,494,442,314,252,79128
004060,1,144,164,425,445,281,281,78961
004061,1,308,163,430,255,122,92,11224
004062,1,336,165,397,253,61,88,5368
004063,1,357,193,442,267,85,74,6290
004064,1,366,94,437,174,71,80,5680
004065,0,205,156,437,384,232,228,52896
004066,1,239,91,396,240,157,149,23393
004067,1,264,99,457,258,193,159,30687
004068,0,408,157,501,247,93,90,8370
004069,1,279,166,348,230,69,64,4416
004070,0,244,109,478,263,234,154,36036
004071,0,276,156,372,211,96,55,5280
004072,0,256,171,348,227,92,56,5152
004073,1,282,248,390,341,108,93,10044
004074,1,308,140,481,264,173,124,21452
004075,1,326,162,465,263,139,101,14039
004076,0,428,318,492,384,64,66,4224
004077,0,194,237,360,360,166,123,20418
004078,0,269,173,330,212,61,39,2379
004079,0,255,168,320,218,65,50,3250
004080,0,240,166,338,254,98,88,8624
004081,0,493,303,551,336,58,33,1914
004082,0,184,123,323,278,139,155,21545
004083,0,293,220,366,284,73,64,4672
004084,1,234,143,411,278,177,135,23895
004085,0,301,195,381,259,80,64,5120
004086,0,376,183,488,268,112,85,9520
004087,0,493,200,543,260,50,60,3000
004088,0,279,197,409,284,130,87,11310
004089,0,472,207,600,319,128,112,14336
004090,0,408,208,577,341,169,133,22477
004091,0,344,116,541,255,197,139,27383
004092,1,107,153,327,344,220,191,42020
004093,1,85,145,220,334,135,189,25515
004094,1,282,145,478,294,196,149,29204
004095,1,258,119,443,272,185,153,28305
004096,0,364,164,539,265,175,101,17675
004097,0,189,133,771,514,582,381,221742
004098,0,373,167,482,243,109,76,8284
004099,0,372,168,473,232,101,64,6464
004100,0,287,194,346,235,59,41,2419
004101,0,132,190,196,228,64,38,2432
004102,1,194,157,360,284,166,127,21082
004103,1,250,216,302,291,52,75,3900
004104,0,345,151,420,199,75,48,3600
004105,0,126,59,433,212,307,153,46971
004106,0,378,119,421,151,43,32,1376
004107,0,268,143,434,248,166,105,17430
004108,0,440,172,529,226,89,54,4806
004109,0,260,187,326,234,66,47,3102
004110,0,326,145,446,214,120,69,8280
004111,0,488,164,545,219,57,55,3135
004112,0,297,97,336,139,39,42,1638
004113,0,349,198,404,255,55,57,3135
004114,0,533,127,566,159,33,32,1056
004115,0,184,94,370,198,186,104,19344
004116,0,263,182,300,219,37,37,1369
004117,0,199,147,227,172,28,25,700
004118,0,241,93,372,164,131,71,9301
004119,0,397,119,541,194,144,75,10800
004120,0,304,211,350,255,46,44,2024
004121,0,358,216,418,267,60,51,3060
004122,0,327,60,510,187,183,127,23241
004123,0,281,144,362,202,81,58,4698
004124,1,272,125,370,227,98,102,9996
004125,0,453,137,537,171,84,34,2856
004126,0,271,164,454,259,183,95,17385
004127,0,515,186,685,290,170,104,17680
004128,0,256,47,510,156,254,109,27686
004129,0,517,203,573,264,56,61,3416
004130,0,396,202,437,227,41,25,1025
004131,0,276,204,319,284,43,80,3440
004132,0,354,142,409,216,55,74,4070
004133,0,277,133,329,168,52,35,1820
004134,0,334,148,393,198,59,50,2950
004135,0,469,213,531,302,62,89,5518
004136,0,121,46,517,219,396,173,68508
004137,0,277,23,409,127,132,104,13728
004138,0,365,50,494,144,129,94,12126
004139,0,100,146,142,178,42,32,1344
004140,0,358,103,404,135,46,32,1472
004141,0,151,90,237,147,86,57,4902
004142,0,228,109,386,212,158,103,16274
004143,1,311,150,383,226,72,76,5472
004144,1,260,87,448,243,188,156,29328
004145,0,177,105,277,159,100,54,5400
004146,0,171,145,247,198,76,53,4028
004147,0,300,148,358,186,58,38,2204
004148,0,198,161,458,320,260,159,41340
004149,0,219,282,271,329,52,47,2444
004150,0,313,288,356,333,43,45,1935
004151,0,307,247,405,295,98,48,4704
004152,0,255,230,340,275,85,45,3825
004153,0,196,88,571,428,375,340,127500
004154,0,305,160,378,222,73,62,4526
004155,0,386,170,448,234,62,64,3968
004156,0,398,131,481,187,83,56,4648
004157,0,279,211,380,278,101,67,6767
004158,0,353,211,370,238,17,27,459
004159,1,441,85,585,253,144,168,24192
004160,0,393,143,519,250,126,107,13482
004161,0,337,152,419,215,82,63,5166
004162,0,233,180,291,244,58,64,3712
004163,0,257,243,333,312,76,69,5244
004164,0,115,77,601,437,486,360,174960
004165,0,126,142,192,166,66,24,1584
004166,1,140,103,531,391,391,288,112608
004167,1,357,273,503,422,146,149,21754
004168,1,419,288,537,409,118,121,14278
004169,1,360,238,522,382,162,144,23328
004170,1,402,65,563,217,161,152,24472
004171,1,341,187,456,276,115,89,10235
004172,1,195,196,304,288,109,92,10028
004173,1,348,183,456,288,108,105,11340
004174,1,196,200,296,291,100,91,9100
004175,1,382,62,541,217,159,155,24645
004176,1,332,84,480,210,148,126,18648
004177,1,389,111,460,166,71,55,3905
004178,1,229,164,378,276,149,112,16688
004179,1,350,75,494,218,144,143,20592
004180,1,488,170,650,363,162,193,31266
004181,1,110,93,605,381,495,288,142560
004182,1,78,85,587,361,509,276,140484
004183,1,160,83,456,356,296,273,80808
004184,1,102,74,575,328,473,254,120142
004185,1,264,186,356,316,92,130,11960
004186,1,295,215,370,324,75,109,8175
004187,1,139,127,397,321,258,194,50052
004188,1,192,138,396,317,204,179,36516
004189,1,373,148,489,232,116,84,9744
004190,1,241,129,457,308,216,179,38664
004191,1,370,138,493,239,123,101,12423
004192,1,347,169,452,279,105,110,11550
004193,1,213,187,360,274,147,87,12789
004194,1,139,88,546,392,407,304,123728
004195,1,377,116,573,264,196,148,29008
004196,1,291,61,393,152,102,91,9282
004197,1,187,129,271,190,84,61,5124
004198,1,241,191,469,375,228,184,41952
004199,1,80,187,325,380,245,193,47285
004200,1,86,194,374,381,288,187,53856
004201,1,108,75,289,185,181,110,19910
004202,1,172,93,280,211,108,118,12744
004203,1,78,60,360,191,282,131,36942
004204,1,331,101,457,204,126,103,12978
004205,1,259,79,509,268,250,189,47250
004206,1,506,82,695,296,189,214,40446
004207,1,256,74,373,160,117,86,10062
004208,1,220,85,341,162,121,77,9317
004209,1,475,230,587,345,112,115,12880
004210,1,445,240,588,349,143,109,15587
004211,1,432,242,514,329,82,87,7134
004212,1,435,294,533,393,98,99,9702
004213,1,282,288,395,383,113,95,10735
004214,1,249,113,372,214,123,101,12423
004215,1,260,105,381,220,121,115,13915
004216,1,239,49,381,167,142,118,16756
004217,1,409,83,546,196,137,113,15481
004218,1,271,118,406,219,135,101,13635
004219,1,259,148,326,235,67,87,5829
004220,1,247,57,357,162,110,105,11550
004221,1,178,81,475,294,297,213,63261
004222,1,143,92,418,301,275,209,57475
004223,1,216,124,323,211,107,87,9309
004224,1,296,136,433,233,137,97,13289
004225,1,318,144,381,210,63,66,4158
004226,1,110,86,562,401,452,315,142380
004227,1,215,49,613,377,398,328,130544
004228,1,342,49,482,142,140,93,13020
004229,1,209,95,315,215,106,120,12720
004230,1,11,89,104,147,93,58,5394
004231,1,201,134,358,270,157,136,21352
004232,1,318,156,453,246,135,90,12150
004233,1,122,168,204,235,82,67,5494
004234,1,224,122,323,276,99,154,15246
004235,1,264,121,417,258,153,137,20961
004236,1,130,126,283,238,153,112,17136
004237,1,363,172,470,268,107,96,10272
004238,1,161,65,328,189,167,124,20708
004239,1,120,70,248,203,128,133,17024
004240,1,249,100,614,338,365,238,86870
004241,1,211,103,585,326,374,223,83402
004242,1,107,130,541,458,434,328,142352
004243,1,220,65,438,186,218,121,26378
004244,1,319,262,463,366,144,104,14976
004245,1,297,122,477,237,180,115,20700
004246,1,279,108,458,251,179,143,25597
004247,1,436,100,588,215,152,115,17480
004248,1,451,99,605,200,154,101,15554
004249,1,371,89,541,206,170,117,19890
004250,1,412,91,611,217,199,126,25074
004251,1,385,143,601,306,216,163,35208
004252,1,198,21,416,152,218,131,28558
004253,1,311,140,444,226,133,86,11438
004254,1,405,141,561,274,156,133,20748
004255,1,200,71,553,261,353,190,67070
004256,1,275,74,603,234,328,160,52480
004257,1,426,191,685,416,259,225,58275
004258,1,371,289,497,417,126,128,16128
004259,1,372,130,568,271,196,141,27636
004260,1,279,146,369,239,90,93,8370
004261,1,177,131,269,235,92,104,9568
004262,1,245,154,380,276,135,122,16470
004263,1,228,78,600,306,372,228,84816
004264,1,298,31,473,133,175,102,17850
004265,1,106,71,455,372,349,301,105049
004266,1,338,126,514,262,176,136,23936
004267,1,257,110,595,278,338,168,56784
004268,1,201,99,551,279,350,180,63000
004269,1,277,114,539,288,262,174,45588
004270,1,301,105,549,290,248,185,45880
004271,1,157,95,323,276,166,181,30046
004272,1,151,121,346,271,195,150,29250
004273,1,172,82,470,276,298,194,57812
004274,1,184,31,468,363,284,332,94288
004275,1,375,173,452,291,77,118,9086
004276,1,270,160,361,258,91,98,8918
004277,1,170,49,487,319,317,270,85590
004278,1,127,55,344,251,217,196,42532
004279,1,247,50,458,235,211,185,39035
004280,1,368,78,571,267,203,189,38367
004281,1,259,67,436,176,177,109,19293
004282,1,227,42,438,243,211,201,42411
004283,1,203,42,437,246,234,204,47736
004284,1,271,155,350,259,79,104,8216
004285,1,30,188,160,306,130,118,15340
004286,1,283,127,405,254,122,127,15494
004287,1,288,135,433,262,145,127,18415
004288,1,256,127,366,250,110,123,13530
004289,1,229,137,568,384,339,247,83733
004290,1,522,58,718,363,196,305,59780
004291,1,199,70,414,288,215,218,46870
004292,1,273,101,365,178,92,77,7084
004293,1,160,33,586,302,426,269,114594
004294,1,256,29,578,266,322,237,76314
004295,1,187,101,586,396,399,295,117705
004296,1,169,122,494,409,325,287,93275
004297,1,138,90,500,357,362,267,96654
004298,1,281,123,413,276,132,153,20196
004299,1,316,125,370,230,54,105,5670
004300,1,198,39,458,234,260,195,50700
004301,1,184,130,317,279,133,149,19817
004302,1,292,131,450,287,158,156,24648
004303,1,136,152,448,320,312,168,52416
004304,1,209,151,400,331,191,180,34380
004305,1,245,127,348,234,103,107,11021
004306,1,203,130,251,191,48,61,2928
004307,1,264,122,302,177,38,55,2090
004308,1,265,200,426,327,161,127,20447
004309,1,192,83,348,178,156,95,14820
004310,1,233,61,396,151,163,90,14670
004311,1,265,74,425,174,160,100,16000
004312,1,352,70,527,182,175,112,19600
004313,1,247,219,397,377,150,158,23700
004314,1,197,328,332,479,135,151,20385
004315,1,444,126,619,244,175,118,20650
004316,1,232,268,394,403,162,135,21870
004317,1,203,85,519,195,316,110,34760
004318,1,229,103,356,207,127,104,13208
004319,1,257,125,376,231,119,106,12614
004320,1,270,98,624,204,354,106,37524
004321,1,306,92,675,311,369,219,80811
004322,1,463,177,547,269,84,92,7728
004323,1,253,127,365,199,112,72,8064
004324,1,334,142,420,220,86,78,6708
004325,1,308,86,405,202,97,116,11252
004326,1,303,99,432,210,129,111,14319
004327,1,287,152,374,256,87,104,9048
004328,1,152,88,457,263,305,175,53375
004329,1,487,176,564,278,77,102,7854
004330,1,213,191,380,341,167,150,25050
004331,1,237,123,378,282,141,159,22419
004332,1,461,142,542,210,81,68,5508
004333,1,177,123,413,272,236,149,35164
004334,1,316,224,400,314,84,90,7560
004335,1,109,97,416,310,307,213,65391
004336,1,168,127,265,219,97,92,8924
004337,1,40,159,196,251,156,92,14352
004338,1,149,158,280,243,131,85,11135
004339,1,200,106,349,204,149,98,14602
004340,1,170,198,307,316,137,118,16166
004341,1,64,180,187,299,123,119,14637
004342,1,100,182,263,316,163,134,21842
004343,1,345,170,424,262,79,92,7268
004344,1,424,125,493,228,69,103,7107
004345,1,260,255,299,332,39,77,3003
004346,1,422,247,466,340,44,93,4092
004347,1,275,204,434,335,159,131,20829
004348,1,302,194,484,341,182,147,26754
004349,1,320,179,424,296,104,117,12168
004350,1,282,135,421,279,139,144,20016
004351,1,181,275,391,435,210,160,33600
004352,1,381,232,533,421,152,189,28728
004353,1,49,241,205,409,156,168,26208
004354,1,232,288,435,479,203,191,38773
004355,1,361,68,500,209,139,141,19599
004356,1,344,86,468,203,124,117,14508
004357,1,306,154,451,332,145,178,25810
004358,1,372,117,551,305,179,188,33652
004359,1,363,115,593,298,230,183,42090
004360,1,332,172,453,279,121,107,12947
004361,1,333,102,489,219,156,117,18252
004362,1,356,121,486,235,130,114,14820
004363,1,303,130,432,246,129,116,14964
004364,1,308,101,437,223,129,122,15738
004365,1,402,138,678,358,276,220,60720
004366,1,394,94,537,215,143,121,17303
004367,1,293,82,466,179,173,97,16781
004368,1,295,82,446,216,151,134,20234
004369,1,244,74,585,247,341,173,58993
004370,1,152,78,452,252,300,174,52200
004371,1,284,218,332,275,48,57,2736
004372,1,168,95,557,248,389,153,59517
004373,1,299,61,457,217,158,156,24648
004374,1,204,73,362,195,158,122,19276
004375,1,422,90,605,247,183,157,28731
004376,1,258,193,359,305,101,112,11312
004377,1,356,184,434,319,78,135,10530
004378,1,384,187,480,315,96,128,12288
004379,1,155,59,637,329,482,270,130140
004380,1,143,49,610,357,467,308,143836
004381,1,142,54,488,432,346,378,130788
004382,1,106,42,440,448,334,406,135604
004383,1,95,66,690,389,595,323,192185
004384,1,329,121,658,315,329,194,63826
004385,1,341,103,507,280,166,177,29382
004386,1,285,123,531,308,246,185,45510
004387,1,245,106,582,344,337,238,80206
004388,1,304,126,559,288,255,162,41310
004389,1,215,169,343,272,128,103,13184
004390,1,281,162,397,284,116,122,14152
004391,1,241,118,462,259,221,141,31161
004392,1,284,126,426,234,142,108,15336
004393,1,136,59,366,224,230,165,37950
004394,1,435,168,509,246,74,78,5772
004395,1,195,160,292,226,97,66,6402
004396,1,366,111,417,163,51,52,2652
004397,1,332,142,446,250,114,108,12312
004398,1,460,150,557,263,97,113,10961
004399,1,326,126,464,266,138,140,19320
004400,1,365,95,582,291,217,196,42532
004401,1,160,90,359,248,199,158,31442
004402,1,272,158,365,246,93,88,8184
004403,1,81,53,477,435,396,382,151272
004404,1,14,50,356,408,342,358,122436
004405,1,295,94,517,280,222,186,41292
004406,1,292,220,380,291,88,71,6248
004407,1,211,43,320,138,109,95,10355
004408,1,434,26,553,126,119,100,11900
004409,1,50,85,262,189,212,104,22048
004410,1,138,45,464,343,326,298,97148
004411,1,213,85,332,224,119,139,16541
004412,1,264,140,321,199,57,59,3363
004413,1,388,160,438,208,50,48,2400
004414,1,398,136,468,196,70,60,4200
004415,1,413,127,484,183,71,56,3976
004416,1,190,95,326,228,136,133,18088
004417,1,158,97,290,246,132,149,19668
004418,1,249,102,363,221,114,119,13566
004419,1,75,29,422,457,347,428,148516
004420,1,152,49,605,457,453,408,184824
004421,1,366,248,433,348,67,100,6700
004422,1,325,247,412,375,87,128,11136
004423,1,44,105,184,243,140,138,19320
004424,1,191,81,352,200,161,119,19159
004425,1,132,103,261,230,129,127,16383
004426,1,1,103,192,307,191,204,38964
004427,1,252,79,631,280,379,201,76179
004428,1,192,118,424,312,232,194,45008
004429,1,191,106,342,244,151,138,20838
004430,1,334,143,444,266,110,123,13530
004431,1,203,89,362,223,159,134,21306
004432,1,241,121,362,232,121,111,13431
004433,1,250,97,623,371,373,274,102202
004434,1,108,106,485,339,377,233,87841
004435,1,188,108,257,166,69,58,4002
004436,1,283,101,362,206,79,105,8295
004437,1,221,113,313,216,92,103,9476
004438,1,303,107,456,225,153,118,18054
004439,1,323,115,441,228,118,113,13334
004440,1,147,71,538,348,391,277,108307
004441,1,161,53,462,352,301,299,89999
004442,1,221,82,492,255,271,173,46883
004443,1,436,160,506,216,70,56,3920
004444,1,320,118,456,262,136,144,19584
004445,1,366,146,458,220,92,74,6808
004446,1,272,159,398,271,126,112,14112
004447,1,330,65,519,236,189,171,32319
004448,1,331,153,404,236,73,83,6059
004449,1,407,98,541,204,134,106,14204
004450,1,287,92,406,207,119,115,13685
004451,1,510,134,634,230,124,96,11904
004452,1,244,122,393,224,149,102,15198
004453,1,275,139,397,242,122,103,12566
004454,1,255,163,376,272,121,109,13189
004455,1,496,129,622,231,126,102,12852
004456,1,251,102,366,254,115,152,17480
004457,1,359,136,426,188,67,52,3484
004458,1,507,245,565,309,58,64,3712
004459,1,107,99,348,240,241,141,33981
004460,1,132,115,340,258,208,143,29744
004461,1,317,107,436,198,119,91,10829
004462,1,299,114,418,207,119,93,11067
004463,1,308,113,405,210,97,97,9409
004464,1,448,70,585,183,137,113,15481
004465,1,397,71,518,179,121,108,13068
004466,1,321,106,438,184,117,78,9126
004467,1,350,123,433,196,83,73,6059
004468,1,189,114,582,347,393,233,91569
004469,1,388,109,452,166,64,57,3648
004470,1,308,113,364,168,56,55,3080
004471,1,336,105,404,158,68,53,3604
004472,1,292,102,372,160,80,58,4640
004473,1,376,107,454,180,78,73,5694
004474,1,367,138,444,224,77,86,6622
004475,1,369,71,529,167,160,96,15360
004476,1,308,66,457,168,149,102,15198
004477,1,297,87,401,166,104,79,8216
004478,1,106,182,199,254,93,72,6696
004479,1,240,90,346,164,106,74,7844
004480,1,185,86,296,164,111,78,8658
004481,1,87,151,167,226,80,75,6000
004482,1,72,113,191,190,119,77,9163
004483,1,224,113,337,195,113,82,9266
004484,1,260,21,412,176,152,155,23560
004485,1,165,93,292,214,127,121,15367
004486,1,56,79,181,215,125,136,17000
004487,1,336,207,454,292,118,85,10030
004488,1,225,144,344,250,119,106,12614
004489,1,188,156,350,296,162,140,22680
004490,1,377,190,454,290,77,100,7700
004491,1,402,158,494,275,92,117,10764
004492,1,338,143,414,214,76,71,5396
004493,1,377,145,460,228,83,83,6889
004494,1,436,155,541,250,105,95,9975
004495,1,570,166,667,271,97,105,10185
004496,1,384,144,469,238,85,94,7990
004497,1,492,155,601,266,109,111,12099
004498,1,407,113,497,193,90,80,7200
004499,1,363,92,448,190,85,98,8330
004500,1,245,52,488,228,243,176,42768
004501,1,276,166,353,264,77,98,7546
004502,1,280,152,409,263,129,111,14319
004503,1,334,252,397,311,63,59,3717
004504,1,368,132,478,196,110,64,7040
004505,1,286,153,391,244,105,91,9555
004506,1,404,163,486,245,82,82,6724
004507,1,312,176,478,385,166,209,34694
004508,1,356,224,566,395,210,171,35910
004509,1,370,226,565,391,195,165,32175
004510,1,211,202,366,320,155,118,18290
004511,1,102,230,211,389,109,159,17331
004512,1,124,175,252,302,128,127,16256
004513,1,366,167,490,267,124,100,12400
004514,1,140,170,407,413,267,243,64881
004515,1,243,236,324,311,81,75,6075
004516,1,321,222,413,314,92,92,8464
004517,1,276,239,353,324,77,85,6545
004518,1,110,197,376,449,266,252,67032
004519,1,345,89,543,282,198,193,38214
004520,1,387,113,594,265,207,152,31464
004521,1,188,63,325,192,137,129,17673
004522,1,311,49,661,238,350,189,66150
004523,1,287,171,386,268,99,97,9603
004524,1,247,133,342,190,95,57,5415
004525,1,279,95,418,188,139,93,12927
004526,1,256,168,394,302,138,134,18492
004527,1,284,174,374,278,90,104,9360
004528,1,271,187,385,302,114,115,13110
004529,1,377,139,658,425,281,286,80366
004530,1,374,155,629,433,255,278,70890
004531,1,352,143,629,448,277,305,84485
004532,1,117,189,325,426,208,237,49296
004533,1,133,217,284,379,151,162,24462
004534,1,384,174,460,284,76,110,8360
004535,1,370,79,453,152,83,73,6059
004536,1,352,39,450,107,98,68,6664
004537,1,253,38,337,97,84,59,4956
004538,1,522,93,623,168,101,75,7575
004539,1,197,84,338,192,141,108,15228
004540,1,368,106,476,191,108,85,9180
004541,1,91,150,361,367,270,217,58590
004542,1,149,163,469,369,320,206,65920
004543,1,156,167,444,423,288,256,73728
004544,1,228,229,326,336,98,107,10486
004545,1,362,179,478,319,116,140,16240
004546,1,499,257,585,383,86,126,10836
004547,1,414,196,627,410,213,214,45582
004548,1,280,194,554,384,274,190,52060
004549,1,186,191,241,261,55,70,3850
004550,1,341,197,663,387,322,190,61180
004551,1,304,208,583,413,279,205,57195
004552,1,259,188,424,315,165,127,20955
004553,1,334,72,490,204,156,132,20592
004554,1,313,176,615,394,302,218,65836
004555,1,492,198,571,299,79,101,7979
004556,1,322,85,460,191,138,106,14628
004557,1,182,196,601,448,419,252,105588
004558,1,142,182,220,267,78,85,6630
004559,1,171,179,258,262,87,83,7221
004560,1,191,146,292,244,101,98,9898
004561,1,183,122,247,197,64,75,4800
004562,1,200,150,367,288,167,138,23046
004563,1,309,163,454,285,145,122,17690
004564,1,267,127,436,258,169,131,22139
004565,1,244,117,400,232,156,115,17940
004566,1,308,148,501,308,193,160,30880
004567,1,328,143,546,317,218,174,37932
004568,1,354,206,432,291,78,85,6630
004569,1,403,204,477,283,74,79,5846
004570,1,293,139,507,268,214,129,27606
004571,1,354,148,454,224,100,76,7600
004572,1,156,122,328,219,172,97,16684
004573,1,259,135,348,222,89,87,7743
004574,1,389,111,461,172,72,61,4392
004575,1,284,154,412,271,128,117,14976
004576,1,264,144,352,227,88,83,7304
004577,1,422,133,514,215,92,82,7544
004578,1,212,156,344,219,132,63,8316
004579,1,405,135,485,224,80,89,7120
004580,1,135,86,293,199,158,113,17854
004581,1,288,103,426,240,138,137,18906
004582,1,374,123,444,202,70,79,5530
004583,1,308,98,425,180,117,82,9594
004584,1,274,228,411,365,137,137,18769
004585,1,348,108,492,225,144,117,16848
004586,1,264,171,541,363,277,192,53184
004587,1,196,170,489,356,293,186,54498
004588,1,404,121,673,399,269,278,74782
004589,1,139,107,610,408,471,301,141771
004590,1,271,143,324,210,53,67,3551
004591,1,211,203,320,329,109,126,13734
004592,1,288,160,422,266,134,106,14204
004593,1,368,143,478,246,110,103,11330
004594,1,329,147,437,263,108,116,12528
004595,1,285,134,400,218,115,84,9660
004596,1,348,139,460,232,112,93,10416
004597,1,222,163,385,351,163,188,30644
004598,1,311,151,470,298,159,147,23373
004599,0,324,252,388,303,64,51,3264
004600,0,337,85,404,117,67,32,2144
004601,0,414,252,472,305,58,53,3074
004602,0,204,123,351,251,147,128,18816
004603,0,35,113,82,151,47,38,1786
004604,0,203,191,248,230,45,39,1755
004605,0,136,154,212,234,76,80,6080
004606,0,439,97,484,133,45,36,1620
004607,0,342,223,417,311,75,88,6600
004608,0,368,133,416,168,48,35,1680
004609,0,162,114,236,198,74,84,6216
004610,0,333,254,465,367,132,113,14916
004611,0,220,244,320,319,100,75,7500
004612,1,207,152,396,318,189,166,31374
004613,1,221,159,413,325,192,166,31872
004614,1,338,163,474,314,136,151,20536
004615,0,268,65,418,129,150,64,9600
004616,0,369,178,418,230,49,52,2548
004617,0,277,162,321,200,44,38,1672
004618,0,501,203,542,246,41,43,1763
004619,0,594,143,645,186,51,43,2193
004620,0,127,79,542,339,415,260,107900
004621,0,442,133,465,159,23,26,598
004622,0,189,79,243,114,54,35,1890
004623,0,264,121,320,167,56,46,2576
004624,0,236,207,312,258,76,51,3876
004625,0,301,214,478,324,177,110,19470
004626,0,348,135,531,243,183,108,19764
004627,0,579,94,653,174,74,80,5920
004628,0,287,210,425,310,138,100,13800
004629,0,190,136,261,171,71,35,2485
004630,0,316,127,355,155,39,28,1092
004631,0,430,203,519,281,89,78,6942
004632,0,329,223,372,270,43,47,2021
004633,0,225,180,300,213,75,33,2475
004634,0,400,174,448,219,48,45,2160
004635,1,308,217,377,289,69,72,4968
004636,1,109,88,522,305,413,217,89621
004637,1,110,75,457,301,347,226,78422
004638,1,164,135,370,267,206,132,27192
004639,0,404,158,505,224,101,66,6666
004640,0,309,142,412,251,103,109,11227
004641,0,330,232,378,274,48,42,2016
004642,0,286,123,376,191,90,68,6120
004643,0,324,166,358,203,34,37,1258
004644,0,262,137,347,220,85,83,7055
004645,1,177,153,353,275,176,122,21472
004646,1,248,92,366,187,118,95,11210
004647,1,220,91,318,176,98,85,8330
004648,0,268,70,386,148,118,78,9204
004649,0,316,166,438,260,122,94,11468
004650,0,255,161,448,250,193,89,17177
004651,0,333,73,444,143,111,70,7770
004652,0,168,228,312,324,144,96,13824
004653,0,330,121,434,212,104,91,9464
004654,0,311,127,352,192,41,65,2665
004655,0,502,74,563,123,61,49,2989
004656,0,155,150,220,199,65,49,3185
004657,0,185,82,376,262,191,180,34380
004658,0,358,74,406,111,48,37,1776
004659,0,67,98,111,125,44,27,1188
004660,0,127,89,441,304,314,215,67510
004661,1,154,74,473,291,319,217,69223
004662,0,260,158,657,395,397,237,94089
004663,0,281,137,412,224,131,87,11397
004664,1,125,78,428,260,303,182,55146
004665,0,384,117,479,175,95,58,5510
004666,0,284,234,340,275,56,41,2296
004667,0,267,236,333,323,66,87,5742
004668,0,184,127,244,192,60,65,3900
004669,0,361,218,396,268,35,50,1750
004670,0,202,230,354,340,152,110,16720
004671,0,243,139,550,328,307,189,58023
004672,0,181,142,485,311,304,169,51376
004673,0,213,115,541,312,328,197,64616
004674,0,251,222,336,290,85,68,5780
004675,0,155,148,252,202,97,54,5238
004676,0,243,143,342,198,99,55,5445
004677,0,241,154,365,212,124,58,7192
004678,0,248,139,358,202,110,63,6930
004679,0,167,171,284,259,117,88,10296
004680,0,213,170,352,249,139,79,10981
004681,0,253,166,381,248,128,82,10496
004682,0,201,152,316,225,115,73,8395
004683,0,445,174,539,247,94,73,6862
004684,0,333,158,386,196,53,38,2014
004685,0,85,155,338,287,253,132,33396
004686,0,178,77,281,167,103,90,9270
004687,0,209,80,291,149,82,69,5658
004688,0,180,94,247,173,67,79,5293
004689,0,308,53,486,152,178,99,17622
004690,1,335,99,437,183,102,84,8568
004691,1,311,108,417,188,106,80,8480
004692,0,197,172,269,238,72,66,4752
004693,0,235,69,337,125,102,56,5712
004694,0,234,59,388,143,154,84,12936
004695,0,323,94,421,155,98,61,5978
004696,0,257,242,360,299,103,57,5871
004697,0,417,178,472,234,55,56,3080
004698,0,246,124,278,147,32,23,736
004699,1,315,94,475,209,160,115,18400
004700,0,321,102,422,156,101,54,5454
004701,0,291,172,337,199,46,27,1242
004702,0,329,85,394,127,65,42,2730
004703,0,385,102,413,134,28,32,896
004704,0,328,107,376,151,48,44,2112
004705,1,350,109,448,220,98,111,10878
004706,0,253,144,313,206,60,62,3720
004707,1,224,91,406,204,182,113,20566
004708,0,300,166,338,206,38,40,1520
004709,1,223,102,370,210,147,108,15876
004710,0,239,192,291,262,52,70,3640
004711,0,312,212,354,246,42,34,1428
004712,0,215,101,485,254,270,153,41310
004713,0,313,62,590,231,277,169,46813
004714,0,296,180,400,243,104,63,6552
004715,0,237,168,330,231,93,63,5859
004716,0,486,215,551,272,65,57,3705
004717,0,397,171,453,214,56,43,2408
004718,0,505,79,599,147,94,68,6392
004719,0,357,216,396,256,39,40,1560
004720,0,237,163,285,202,48,39,1872
004721,0,371,117,502,187,131,70,9170
004722,0,399,127,567,225,168,98,16464
004723,0,284,132,363,177,79,45,3555
004724,1,207,244,336,347,129,103,13287
004725,1,111,238,263,348,152,110,16720
004726,1,338,282,466,387,128,105,13440
004727,1,320,181,489,323,169,142,23998
004728,1,236,206,401,366,165,160,26400
004729,1,455,153,571,302,116,149,17284
004730,1,164,145,340,234,176,89,15664
004731,1,136,146,309,241,173,95,16435
004732,1,443,173,591,338,148,165,24420
004733,1,370,177,509,349,139,172,23908
004734,1,285,183,416,278,131,95,12445
004735,1,305,163,530,295,225,132,29700
004736,1,205,105,333,198,128,93,11904
004737,1,311,30,426,109,115,79,9085
004738,1,196,85,325,210,129,125,16125
004739,1,192,160,277,272,85,112,9520
004740,1,239,206,309,289,70,83,5810
004741,1,301,149,421,247,120,98,11760
004742,1,175,63,281,156,106,93,9858
004743,1,404,113,521,216,117,103,12051
004744,1,51,73,639,368,588,295,173460
004745,1,220,81,515,351,295,270,79650
004746,1,257,58,410,150,153,92,14076
004747,1,367,41,491,123,124,82,10168
004748,1,302,162,390,247,88,85,7480
004749,1,240,94,382,198,142,104,14768
004750,1,175,106,293,254,118,148,17464
004751,1,237,111,350,264,113,153,17289
004752,1,185,61,381,219,196,158,30968
004753,1,339,95,448,196,109,101,11009
004754,1,233,81,361,190,128,109,13952
004755,1,221,129,267,211,46,82,3772
004756,1,183,98,394,308,211,210,44310
004757,1,312,87,668,319,356,232,82592
004758,1,167,131,336,287,169,156,26364
004759,1,209,127,372,276,163,149,24287
004760,1,228,167,315,234,87,67,5829
004761,1,301,150,496,318,195,168,32760
004762,1,248,49,501,169,253,120,30360
004763,1,290,45,505,160,215,115,24725
004764,1,368,140,477,262,109,122,13298
004765,1,311,118,479,262,168,144,24192
004766,1,216,127,414,300,198,173,34254
004767,1,251,223,406,341,155,118,18290
004768,1,384,191,456,248,72,57,4104
004769,1,70,175,225,310,155,135,20925
004770,1,121,79,368,196,247,117,28899
004771,1,158,82,386,194,228,112,25536
004772,1,264,131,490,349,226,218,49268
004773,1,217,317,297,377,80,60,4800
004774,1,372,131,567,231,195,100,19500
004775,1,376,171,674,317,298,146,43508
004776,1,408,251,496,333,88,82,7216
004777,1,331,100,541,262,210,162,34020
004778,1,411,106,641,267,230,161,37030
004779,1,165,98,394,250,229,152,34808
004780,1,260,136,497,311,237,175,41475
004781,1,160,137,318,262,158,125,19750
004782,1,113,85,320,203,207,118,24426
004783,1,163,73,354,216,191,143,27313
004784,1,59,69,486,401,427,332,141764
004785,1,9,47,622,392,613,345,211485
004786,1,123,90,454,336,331,246,81426
004787,1,306,83,654,385,348,302,105096
004788,1,150,85,268,187,118,102,12036
004789,1,245,97,342,185,97,88,8536
004790,1,315,74,465,198,150,124,18600
004791,1,320,131,428,219,108,88,9504
004792,1,140,64,408,210,268,146,39128
004793,1,161,56,284,166,123,110,13530
004794,1,240,109,364,203,124,94,11656
004795,1,316,143,457,250,141,107,15087
004796,1,281,78,373,158,92,80,7360
004797,1,252,70,354,150,102,80,8160
004798,1,371,215,605,417,234,202,47268
004799,1,361,208,642,407,281,199,55919
004800,1,284,210,448,444,164,234,38376
004801,1,304,208,487,421,183,213,38979
004802,1,216,46,543,205,327,159,51993
004803,1,313,125,430,207,117,82,9594
004804,1,502,303,560,360,58,57,3306
004805,1,499,228,590,301,91,73,6643
004806,1,334,274,591,433,257,159,40863
004807,1,213,157,329,245,116,88,10208
004808,1,187,175,256,258,69,83,5727
004809,1,229,137,320,223,91,86,7826
004810,1,221,130,317,216,96,86,8256
004811,1,232,125,319,216,87,91,7917
004812,1,243,261,393,382,150,121,18150
004813,1,222,259,364,389,142,130,18460
004814,1,204,275,328,400,124,125,15500
004815,1,301,52,472,183,171,131,22401
004816,1,280,43,461,176,181,133,24073
004817,1,392,43,547,186,155,143,22165
004818,1,353,53,502,195,149,142,21158
004819,1,292,158,425,272,133,114,15162
004820,1,307,37,442,143,135,106,14310
004821,1,325,115,399,207,74,92,6808
004822,1,281,130,344,210,63,80,5040
004823,1,365,211,554,336,189,125,23625
004824,1,335,163,536,282,201,119,23919
004825,1,408,173,584,311,176,138,24288
004826,1,272,65,444,214,172,149,25628
004827,1,337,69,505,219,168,150,25200
004828,1,374,107,480,196,106,89,9434
004829,1,307,159,408,238,101,79,7979
004830,1,320,191,435,301,115,110,12650
004831,1,429,163,591,322,162,159,25758
004832,1,246,152,415,313,169,161,27209
004833,1,338,146,492,298,154,152,23408
004834,1,136,69,329,233,193,164,31652
004835,1,192,71,338,271,146,200,29200
004836,1,148,77,295,253,147,176,25872
004837,1,400,89,555,258,155,169,26195
004838,1,95,67,293,223,198,156,30888
004839,1,308,99,417,243,109,144,15696
004840,1,300,114,369,200,69,86,5934
004841,1,336,127,394,212,58,85,4930
004842,1,361,136,455,224,94,88,8272
004843,1,319,152,395,242,76,90,6840
004844,1,262,210,358,309,96,99,9504
004845,1,398,145,491,263,93,118,10974
004846,1,236,94,402,254,166,160,26560
004847,1,281,166,378,255,97,89,8633
004848,1,283,191,350,282,67,91,6097
004849,1,320,117,480,296,160,179,28640
004850,1,284,86,480,206,196,120,23520
004851,1,297,71,518,196,221,125,27625
004852,1,239,82,476,225,237,143,33891
004853,1,132,61,406,223,274,162,44388
004854,1,92,46,376,206,284,160,45440
004855,1,114,58,366,240,252,182,45864
004856,1,243,104,522,310,279,206,57474
004857,1,175,101,454,307,279,206,57474
004858,1,315,109,433,194,118,85,10030
004859,1,243,187,324,294,81,107,8667
004860,1,455,167,546,242,91,75,6825
004861,1,368,157,460,233,92,76,6992
004862,1,522,193,607,295,85,102,8670
004863,1,274,128,492,353,218,225,49050
004864,1,208,113,434,341,226,228,51528
004865,1,313,151,425,274,112,123,13776
004866,1,373,163,489,271,116,108,12528
004867,1,437,160,529,260,92,100,9200
004868,1,307,177,417,291,110,114,12540
004869,1,238,52,458,196,220,144,31680
004870,1,157,86,349,216,192,130,24960
004871,1,249,164,374,282,125,118,14750
004872,1,557,171,659,289,102,118,12036
004873,1,409,84,615,226,206,142,29252
004874,1,107,77,420,282,313,205,64165
004875,1,122,69,489,280,367,211,77437
004876,1,289,46,385,138,96,92,8832
004877,1,303,94,458,188,155,94,14570
004878,1,70,102,244,235,174,133,23142
004879,1,269,85,409,171,140,86,12040
004880,1,182,93,329,234,147,141,20727
004881,1,159,94,333,234,174,140,24360
004882,1,181,105,330,236,149,131,19519
004883,1,319,151,519,335,200,184,36800
004884,1,225,164,408,333,183,169,30927
004885,1,201,69,341,211,140,142,19880
004886,1,348,156,469,241,121,85,10285
004887,1,340,138,457,253,117,115,13455
004888,1,110,167,177,246,67,79,5293
004889,1,277,133,348,194,71,61,4331
004890,1,292,117,370,176,78,59,4602
004891,1,304,121,378,182,74,61,4514
004892,1,247,142,309,214,62,72,4464
004893,1,438,118,543,202,105,84,8820
004894,1,275,133,357,212,82,79,6478
004895,1,365,122,462,204,97,82,7954
004896,1,322,130,416,224,94,94,8836
004897,1,292,127,409,210,117,83,9711
004898,1,325,61,497,202,172,141,24252
004899,1,256,58,452,195,196,137,26852
004900,1,299,59,472,234,173,175,30275
004901,1,329,67,434,184,105,117,12285
004902,1,226,232,355,335,129,103,13287
004903,1,269,193,407,315,138,122,16836
004904,1,284,162,437,309,153,147,22491
004905,1,225,169,338,292,113,123,13899
004906,1,240,163,346,285,106,122,12932
004907,1,323,90,420,170,97,80,7760
004908,1,361,85,453,168,92,83,7636
004909,1,243,155,440,328,197,173,34081
004910,1,265,110,432,266,167,156,26052
004911,1,272,109,468,264,196,155,30380
004912,1,425,112,603,236,178,124,22072
004913,1,287,85,404,170,117,85,9945
004914,1,325,85,412,178,87,93,8091
004915,1,292,89,398,159,106,70,7420
004916,1,323,89,444,175,121,86,10406
004917,1,390,81,526,214,136,133,18088
004918,1,354,43,457,126,103,83,8549
004919,1,344,87,460,196,116,109,12644
004920,1,105,119,199,222,94,103,9682
004921,1,95,79,401,287,306,208,63648
004922,1,285,82,558,274,273,192,52416
004923,1,216,78,579,449,363,371,134673
004924,1,333,183,480,338,147,155,22785
004925,1,236,198,391,335,155,137,21235
004926,1,76,72,616,400,540,328,177120
004927,1,340,142,506,284,166,142,23572
004928,1,187,193,260,272,73,79,5767
004929,1,470,146,571,268,101,122,12322
004930,1,247,125,338,244,91,119,10829
004931,1,296,135,362,215,66,80,5280
004932,1,204,109,285,172,81,63,5103
004933,1,152,105,232,182,80,77,6160
004934,1,209,155,249,212,40,57,2280
004935,1,316,88,504,244,188,156,29328
004936,1,355,171,453,282,98,111,10878
004937,1,337,187,438,303,101,116,11716
004938,1,271,218,374,321,103,103,10609
004939,1,259,227,346,311,87,84,7308
004940,1,291,228,409,340,118,112,13216
004941,1,301,130,489,290,188,160,30080
004942,1,237,172,337,278,100,106,10600
004943,1,228,151,356,254,128,103,13184
004944,1,139,164,275,327,136,163,22168
004945,1,171,168,257,282,86,114,9804
004946,1,223,95,421,216,198,121,23958
004947,1,281,123,401,239,120,116,13920
004948,1,203,109,452,244,249,135,33615
004949,1,253,70,429,192,176,122,21472
004950,1,285,147,468,299,183,152,27816
004951,1,224,271,334,333,110,62,6820
004952,1,352,53,535,198,183,145,26535
004953,1,342,167,441,276,99,109,10791
004954,1,472,190,571,300,99,110,10890
004955,1,99,18,304,166,205,148,30340
004956,1,231,78,402,231,171,153,26163
004957,1,84,13,292,170,208,157,32656
004958,1,295,57,481,226,186,169,31434
004959,1,158,83,394,259,236,176,41536
004960,1,321,107,445,222,124,115,14260
004961,1,183,129,501,356,318,227,72186
004962,1,228,122,529,343,301,221,66521
004963,1,405,155,515,310,110,155,17050
004964,1,370,134,497,267,127,133,16891
004965,1,281,116,337,190,56,74,4144
004966,1,159,238,269,370,110,132,14520
004967,1,102,126,231,260,129,134,17286
004968,1,255,54,368,155,113,101,11413
004969,1,235,66,350,199,115,133,15295
004970,1,212,72,341,156,129,84,10836
004971,1,214,76,349,153,135,77,10395
004972,1,269,78,377,156,108,78,8424
004973,1,152,72,271,159,119,87,10353
004974,1,360,113,607,295,247,182,44954
004975,1,348,117,605,292,257,175,44975
004976,1,292,82,366,133,74,51,3774
004977,1,459,161,617,325,158,164,25912
004978,1,549,207,645,339,96,132,12672
004979,1,222,84,310,190,88,106,9328
004980,1,268,73,397,170,129,97,12513
004981,1,259,82,411,186,152,104,15808
004982,1,289,121,406,272,117,151,17667
004983,1,196,131,328,271,132,140,18480
004984,1,110,168,397,409,287,241,69167
004985,1,207,125,394,270,187,145,27115
004986,1,454,139,546,271,92,132,12144
004987,1,127,89,425,351,298,262,78076
004988,1,207,69,554,359,347,290,100630
004989,1,94,114,398,473,304,359,109136
004990,1,243,247,339,336,96,89,8544
004991,1,317,235,425,357,108,122,13176
004992,1,297,71,469,227,172,156,26832
004993,1,236,192,370,329,134,137,18358
004994,1,200,143,329,280,129,137,17673
004995,1,225,164,489,351,264,187,49368
004996,1,308,123,506,315,198,192,38016
004997,1,284,67,475,242,191,175,33425
004998,1,251,74,432,200,181,126,22806
004999,1,277,223,388,332,111,109,12099
005000,1,118,262,236,385,118,123,14514
