image_id,filename,width,height,mode
000001,000001.jpg,718,500,RGB
000002,000002.jpg,718,500,RGB
000003,000003.jpg,718,500,RGB
000004,000004.jpg,718,500,RGB
000005,000005.jpg,718,500,RGB
000006,000006.jpg,718,500,RGB
000007,000007.jpg,718,500,RGB
000008,000008.jpg,718,500,RGB
000009,000009.jpg,718,500,RGB
000010,000010.jpg,818,628,RGB
000011,000011.jpg,818,628,RGB
000012,000012.jpg,718,500,RGB
000013,000013.jpg,718,500,RGB
000014,000014.jpg,718,500,RGB
000015,000015.jpg,718,500,RGB
000016,000016.jpg,718,500,RGB
000017,000017.jpg,718,500,RGB
000018,000018.jpg,718,500,RGB
000019,000019.jpg,718,500,RGB
000020,000020.jpg,498,429,RGB
000021,000021.jpg,498,429,RGB
000022,000022.jpg,498,429,RGB
000023,000023.jpg,718,500,RGB
000024,000024.jpg,439,368,RGB
000025,000025.jpg,498,429,RGB
000026,000026.jpg,498,429,RGB
000027,000027.jpg,498,429,RGB
000028,000028.jpg,498,429,RGB
000029,000029.jpg,498,429,RGB
000030,000030.jpg,498,429,RGB
000031,000031.jpg,498,429,RGB
000032,000032.jpg,718,500,RGB
000033,000033.jpg,718,500,RGB
000034,000034.jpg,718,500,RGB
000035,000035.jpg,718,500,RGB
000036,000036.jpg,718,500,RGB
000037,000037.jpg,439,368,RGB
000038,000038.jpg,439,368,RGB
000039,000039.jpg,439,368,RGB
000040,000040.jpg,439,368,RGB
000041,000041.jpg,718,500,RGB
000042,000042.jpg,718,500,RGB
000043,000043.jpg,718,500,RGB
000044,000044.jpg,718,500,RGB
000045,000045.jpg,718,500,RGB
000046,000046.jpg,718,500,RGB
000047,000047.jpg,718,500,RGB
000048,000048.jpg,718,500,RGB
000049,000049.jpg,718,500,RGB
000050,000050.jpg,718,500,RGB
000051,000051.jpg,718,500,RGB
000052,000052.jpg,718,500,RGB
000053,000053.jpg,718,500,RGB
000054,000054.jpg,718,500,RGB
000055,000055.jpg,718,500,RGB
000056,000056.jpg,718,500,RGB
000057,000057.jpg,718,500,RGB
000058,000058.jpg,718,500,RGB
000059,000059.jpg,818,628,RGB
000060,000060.jpg,818,628,RGB
000061,000061.jpg,718,500,RGB
000062,000062.jpg,718,500,RGB
000063,000063.jpg,718,500,RGB
000064,000064.jpg,718,500,RGB
000065,000065.jpg,718,500,RGB
000066,000066.jpg,498,429,RGB
000067,000067.jpg,498,429,RGB
000068,000068.jpg,498,429,RGB
000069,000069.jpg,718,500,RGB
000070,000070.jpg,439,368,RGB
000071,000071.jpg,718,500,RGB
000072,000072.jpg,718,500,RGB
000073,000073.jpg,718,500,RGB
000074,000074.jpg,718,500,RGB
000075,000075.jpg,718,500,RGB
000076,000076.jpg,498,429,RGB
000077,000077.jpg,498,429,RGB
000078,000078.jpg,498,429,RGB
000079,000079.jpg,498,429,RGB
000080,000080.jpg,498,429,RGB
000081,000081.jpg,718,500,RGB
000082,000082.jpg,718,500,RGB
000083,000083.jpg,718,500,RGB
000084,000084.jpg,718,500,RGB
000085,000085.jpg,498,429,RGB
000086,000086.jpg,718,500,RGB
000087,000087.jpg,718,500,RGB
000088,000088.jpg,498,429,RGB
000089,000089.jpg,498,429,RGB
000090,000090.jpg,498,429,RGB
000091,000091.jpg,718,500,RGB
000092,000092.jpg,718,500,RGB
000093,000093.jpg,718,500,RGB
000094,000094.jpg,718,500,RGB
000095,000095.jpg,718,500,RGB
000096,000096.jpg,718,500,RGB
000097,000097.jpg,718,500,RGB
000098,000098.jpg,718,500,RGB
000099,000099.jpg,498,429,RGB
000100,000100.jpg,498,429,RGB
000101,000101.jpg,818,628,RGB
000102,000102.jpg,818,628,RGB
000103,000103.jpg,718,500,RGB
000104,000104.jpg,818,628,RGB
000105,000105.jpg,718,500,RGB
000106,000106.jpg,439,368,RGB
000107,000107.jpg,439,368,RGB
000108,000108.jpg,718,500,RGB
000109,000109.jpg,718,500,RGB
000110,000110.jpg,718,500,RGB
000111,000111.jpg,718,500,RGB
000112,000112.jpg,718,500,RGB
000113,000113.jpg,718,500,RGB
000114,000114.jpg,718,500,RGB
000115,000115.jpg,718,500,RGB
000116,000116.jpg,718,500,RGB
000117,000117.jpg,718,500,RGB
000118,000118.jpg,718,500,RGB
000119,000119.jpg,718,500,RGB
000120,000120.jpg,718,500,RGB
000121,000121.jpg,818,628,RGB
000122,000122.jpg,818,628,RGB
000123,000123.jpg,818,628,RGB
000124,000124.jpg,818,628,RGB
000125,000125.jpg,439,368,RGB
000126,000126.jpg,439,368,RGB
000127,000127.jpg,439,368,RGB
000128,000128.jpg,439,368,RGB
000129,000129.jpg,439,368,RGB
000130,000130.jpg,718,500,RGB
000131,000131.jpg,718,500,RGB
000132,000132.jpg,718,500,RGB
000133,000133.jpg,718,500,RGB
000134,000134.jpg,718,500,RGB
000135,000135.jpg,718,500,RGB
000136,000136.jpg,718,500,RGB
000137,000137.jpg,718,500,RGB
000138,000138.jpg,718,500,RGB
000139,000139.jpg,718,500,RGB
000140,000140.jpg,718,500,RGB
000141,000141.jpg,718,500,RGB
000142,000142.jpg,718,500,RGB
000143,000143.jpg,718,500,RGB
000144,000144.jpg,718,500,RGB
000145,000145.jpg,718,500,RGB
000146,000146.jpg,718,500,RGB
000147,000147.jpg,718,500,RGB
000148,000148.jpg,718,500,RGB
000149,000149.jpg,718,500,RGB
000150,000150.jpg,718,500,RGB
000151,000151.jpg,718,500,RGB
000152,000152.jpg,718,500,RGB
000153,000153.jpg,718,500,RGB
000154,000154.jpg,718,500,RGB
000155,000155.jpg,718,500,RGB
000156,000156.jpg,718,500,RGB
000157,000157.jpg,718,500,RGB
000158,000158.jpg,718,500,RGB
000159,000159.jpg,718,500,RGB
000160,000160.jpg,718,500,RGB
000161,000161.jpg,718,500,RGB
000162,000162.jpg,718,500,RGB
000163,000163.jpg,718,500,RGB
000164,000164.jpg,718,500,RGB
000165,000165.jpg,718,500,RGB
000166,000166.jpg,718,500,RGB
000167,000167.jpg,498,429,RGB
000168,000168.jpg,498,429,RGB
000169,000169.jpg,818,628,RGB
000170,000170.jpg,718,500,RGB
000171,000171.jpg,498,429,RGB
000172,000172.jpg,498,429,RGB
000173,000173.jpg,718,500,RGB
000174,000174.jpg,718,500,RGB
000175,000175.jpg,718,500,RGB
000176,000176.jpg,718,500,RGB
000177,000177.jpg,718,500,RGB
000178,000178.jpg,718,500,RGB
000179,000179.jpg,718,500,RGB
000180,000180.jpg,718,500,RGB
000181,000181.jpg,718,500,RGB
000182,000182.jpg,718,500,RGB
000183,000183.jpg,718,500,RGB
000184,000184.jpg,718,500,RGB
000185,000185.jpg,718,500,RGB
000186,000186.jpg,718,500,RGB
000187,000187.jpg,718,500,RGB
000188,000188.jpg,718,500,RGB
000189,000189.jpg,718,500,RGB
000190,000190.jpg,718,500,RGB
000191,000191.jpg,718,500,RGB
000192,000192.jpg,718,500,RGB
000193,000193.jpg,718,500,RGB
000194,000194.jpg,718,500,RGB
000195,000195.jpg,718,500,RGB
000196,000196.jpg,718,500,RGB
000197,000197.jpg,718,500,RGB
000198,000198.jpg,718,500,RGB
000199,000199.jpg,718,500,RGB
000200,000200.jpg,718,500,RGB
000201,000201.jpg,718,500,RGB
000202,000202.jpg,718,500,RGB
000203,000203.jpg,718,500,RGB
000204,000204.jpg,718,500,RGB
000205,000205.jpg,718,500,RGB
000206,000206.jpg,718,500,RGB
000207,000207.jpg,718,500,RGB
000208,000208.jpg,718,500,RGB
000209,000209.jpg,718,500,RGB
000210,000210.jpg,718,500,RGB
000211,000211.jpg,718,500,RGB
000212,000212.jpg,718,500,RGB
000213,000213.jpg,718,500,RGB
000214,000214.jpg,718,500,RGB
000215,000215.jpg,718,500,RGB
000216,000216.jpg,718,500,RGB
000217,000217.jpg,718,500,RGB
000218,000218.jpg,718,500,RGB
000219,000219.jpg,718,500,RGB
000220,000220.jpg,718,500,RGB
000221,000221.jpg,718,500,RGB
000222,000222.jpg,718,500,RGB
000223,000223.jpg,718,500,RGB
000224,000224.jpg,718,500,RGB
000225,000225.jpg,718,500,RGB
000226,000226.jpg,718,500,RGB
000227,000227.jpg,498,429,RGB
000228,000228.jpg,718,500,RGB
000229,000229.jpg,718,500,RGB
000230,000230.jpg,718,500,RGB
000231,000231.jpg,718,500,RGB
000232,000232.jpg,718,500,RGB
000233,000233.jpg,718,500,RGB
000234,000234.jpg,718,500,RGB
000235,000235.jpg,718,500,RGB
000236,000236.jpg,718,500,RGB
000237,000237.jpg,718,500,RGB
000238,000238.jpg,718,500,RGB
000239,000239.jpg,718,500,RGB
000240,000240.jpg,718,500,RGB
000241,000241.jpg,718,500,RGB
000242,000242.jpg,718,500,RGB
000243,000243.jpg,718,500,RGB
000244,000244.jpg,718,500,RGB
000245,000245.jpg,718,500,RGB
000246,000246.jpg,718,500,RGB
000247,000247.jpg,718,500,RGB
000248,000248.jpg,718,500,RGB
000249,000249.jpg,718,500,RGB
000250,000250.jpg,498,429,RGB
000251,000251.jpg,498,429,RGB
000252,000252.jpg,919,646,RGB
000253,000253.jpg,718,500,RGB
000254,000254.jpg,718,500,RGB
000255,000255.jpg,718,500,RGB
000256,000256.jpg,718,500,RGB
000257,000257.jpg,498,429,RGB
000258,000258.jpg,498,429,RGB
000259,000259.jpg,919,646,RGB
000260,000260.jpg,919,646,RGB
000261,000261.jpg,818,628,RGB
000262,000262.jpg,818,628,RGB
000263,000263.jpg,498,429,RGB
000264,000264.jpg,498,429,RGB
000265,000265.jpg,718,500,RGB
000266,000266.jpg,718,500,RGB
000267,000267.jpg,718,500,RGB
000268,000268.jpg,718,500,RGB
000269,000269.jpg,718,500,RGB
000270,000270.jpg,718,500,RGB
000271,000271.jpg,718,500,RGB
000272,000272.jpg,718,500,RGB
000273,000273.jpg,718,500,RGB
000274,000274.jpg,718,500,RGB
000275,000275.jpg,718,500,RGB
000276,000276.jpg,718,500,RGB
000277,000277.jpg,718,500,RGB
000278,000278.jpg,718,500,RGB
000279,000279.jpg,718,500,RGB
000280,000280.jpg,718,500,RGB
000281,000281.jpg,718,500,RGB
000282,000282.jpg,718,500,RGB
000283,000283.jpg,718,500,RGB
000284,000284.jpg,718,500,RGB
000285,000285.jpg,718,500,RGB
000286,000286.jpg,718,500,RGB
000287,000287.jpg,718,500,RGB
000288,000288.jpg,718,500,RGB
000289,000289.jpg,718,500,RGB
000290,000290.jpg,718,500,RGB
000291,000291.jpg,718,500,RGB
000292,000292.jpg,498,429,RGB
000293,000293.jpg,498,429,RGB
000294,000294.jpg,498,429,RGB
000295,000295.jpg,718,500,RGB
000296,000296.jpg,718,500,RGB
000297,000297.jpg,498,429,RGB
000298,000298.jpg,498,429,RGB
000299,000299.jpg,818,628,RGB
000300,000300.jpg,818,628,RGB
000301,000301.jpg,818,628,RGB
000302,000302.jpg,818,628,RGB
000303,000303.jpg,818,628,RGB
000304,000304.jpg,718,500,RGB
000305,000305.jpg,718,500,RGB
000306,000306.jpg,718,500,RGB
000307,000307.jpg,718,500,RGB
000308,000308.jpg,718,500,RGB
000309,000309.jpg,718,500,RGB
000310,000310.jpg,718,500,RGB
000311,000311.jpg,718,500,RGB
000312,000312.jpg,718,500,RGB
000313,000313.jpg,718,500,RGB
000314,000314.jpg,718,500,RGB
000315,000315.jpg,718,500,RGB
000316,000316.jpg,718,500,RGB
000317,000317.jpg,718,500,RGB
000318,000318.jpg,718,500,RGB
000319,000319.jpg,718,500,RGB
000320,000320.jpg,718,500,RGB
000321,000321.jpg,498,429,RGB
000322,000322.jpg,498,429,RGB
000323,000323.jpg,718,500,RGB
000324,000324.jpg,718,500,RGB
000325,000325.jpg,718,500,RGB
000326,000326.jpg,718,500,RGB
000327,000327.jpg,718,500,RGB
000328,000328.jpg,718,500,RGB
000329,000329.jpg,718,500,RGB
000330,000330.jpg,718,500,RGB
000331,000331.jpg,718,500,RGB
000332,000332.jpg,718,500,RGB
000333,000333.jpg,498,429,RGB
000334,000334.jpg,498,429,RGB
000335,000335.jpg,498,429,RGB
000336,000336.jpg,498,429,RGB
000337,000337.jpg,498,429,RGB
000338,000338.jpg,498,429,RGB
000339,000339.jpg,818,628,RGB
000340,000340.jpg,818,628,RGB
000341,000341.jpg,718,500,RGB
000342,000342.jpg,718,500,RGB
000343,000343.jpg,718,500,RGB
000344,000344.jpg,718,500,RGB
000345,000345.jpg,718,500,RGB
000346,000346.jpg,718,500,RGB
000347,000347.jpg,718,500,RGB
000348,000348.jpg,718,500,RGB
000349,000349.jpg,718,500,RGB
000350,000350.jpg,718,500,RGB
000351,000351.jpg,718,500,RGB
000352,000352.jpg,498,429,RGB
000353,000353.jpg,718,500,RGB
000354,000354.jpg,498,429,RGB
000355,000355.jpg,498,429,RGB
000356,000356.jpg,718,500,RGB
000357,000357.jpg,718,500,RGB
000358,000358.jpg,718,500,RGB
000359,000359.jpg,718,500,RGB
000360,000360.jpg,718,500,RGB
000361,000361.jpg,718,500,RGB
000362,000362.jpg,718,500,RGB
000363,000363.jpg,718,500,RGB
000364,000364.jpg,718,500,RGB
000365,000365.jpg,718,500,RGB
000366,000366.jpg,718,500,RGB
000367,000367.jpg,718,500,RGB
000368,000368.jpg,498,429,RGB
000369,000369.jpg,498,429,RGB
000370,000370.jpg,718,500,RGB
000371,000371.jpg,718,500,RGB
000372,000372.jpg,718,500,RGB
000373,000373.jpg,818,628,RGB
000374,000374.jpg,818,628,RGB
000375,000375.jpg,818,628,RGB
000376,000376.jpg,818,628,RGB
000377,000377.jpg,718,500,RGB
000378,000378.jpg,718,500,RGB
000379,000379.jpg,718,500,RGB
000380,000380.jpg,718,500,RGB
000381,000381.jpg,718,500,RGB
000382,000382.jpg,718,500,RGB
000383,000383.jpg,718,500,RGB
000384,000384.jpg,718,500,RGB
000385,000385.jpg,818,628,RGB
000386,000386.jpg,498,429,RGB
000387,000387.jpg,498,429,RGB
000388,000388.jpg,498,429,RGB
000389,000389.jpg,498,429,RGB
000390,000390.jpg,718,500,RGB
000391,000391.jpg,818,628,RGB
000392,000392.jpg,718,500,RGB
000393,000393.jpg,818,628,RGB
000394,000394.jpg,818,628,RGB
000395,000395.jpg,818,628,RGB
000396,000396.jpg,818,628,RGB
000397,000397.jpg,718,500,RGB
000398,000398.jpg,718,500,RGB
000399,000399.jpg,718,500,RGB
000400,000400.jpg,718,500,RGB
000401,000401.jpg,718,500,RGB
000402,000402.jpg,818,628,RGB
000403,000403.jpg,718,500,RGB
000404,000404.jpg,718,500,RGB
000405,000405.jpg,718,500,RGB
000406,000406.jpg,718,500,RGB
000407,000407.jpg,718,500,RGB
000408,000408.jpg,718,500,RGB
000409,000409.jpg,718,500,RGB
000410,000410.jpg,818,628,RGB
000411,000411.jpg,498,429,RGB
000412,000412.jpg,498,429,RGB
000413,000413.jpg,718,500,RGB
000414,000414.jpg,718,500,RGB
000415,000415.jpg,818,628,RGB
000416,000416.jpg,498,429,RGB
000417,000417.jpg,718,500,RGB
000418,000418.jpg,718,500,RGB
000419,000419.jpg,718,500,RGB
000420,000420.jpg,718,500,RGB
000421,000421.jpg,718,500,RGB
000422,000422.jpg,818,628,RGB
000423,000423.jpg,818,628,RGB
000424,000424.jpg,818,628,RGB
000425,000425.jpg,718,500,RGB
000426,000426.jpg,718,500,RGB
000427,000427.jpg,718,500,RGB
000428,000428.jpg,818,628,RGB
000429,000429.jpg,718,500,RGB
000430,000430.jpg,818,628,RGB
000431,000431.jpg,718,500,RGB
000432,000432.jpg,718,500,RGB
000433,000433.jpg,718,500,RGB
000434,000434.jpg,718,500,RGB
000435,000435.jpg,818,628,RGB
000436,000436.jpg,818,628,RGB
000437,000437.jpg,718,500,RGB
000438,000438.jpg,718,500,RGB
000439,000439.jpg,818,628,RGB
000440,000440.jpg,818,628,RGB
000441,000441.jpg,818,628,RGB
000442,000442.jpg,718,500,RGB
000443,000443.jpg,818,628,RGB
000444,000444.jpg,718,500,RGB
000445,000445.jpg,718,500,RGB
000446,000446.jpg,718,500,RGB
000447,000447.jpg,718,500,RGB
000448,000448.jpg,718,500,RGB
000449,000449.jpg,818,628,RGB
000450,000450.jpg,718,500,RGB
000451,000451.jpg,718,500,RGB
000452,000452.jpg,718,500,RGB
000453,000453.jpg,718,500,RGB
000454,000454.jpg,498,429,RGB
000455,000455.jpg,718,500,RGB
000456,000456.jpg,818,628,RGB
000457,000457.jpg,492,391,RGB
000458,000458.jpg,498,429,RGB
000459,000459.jpg,498,429,RGB
000460,000460.jpg,718,500,RGB
000461,000461.jpg,718,500,RGB
000462,000462.jpg,718,500,RGB
000463,000463.jpg,718,500,RGB
000464,000464.jpg,498,429,RGB
000465,000465.jpg,718,500,RGB
000466,000466.jpg,718,500,RGB
000467,000467.jpg,498,429,RGB
000468,000468.jpg,498,429,RGB
000469,000469.jpg,818,628,RGB
000470,000470.jpg,818,628,RGB
000471,000471.jpg,718,500,RGB
000472,000472.jpg,718,500,RGB
000473,000473.jpg,501,458,RGB
000474,000474.jpg,718,500,RGB
000475,000475.jpg,718,500,RGB
000476,000476.jpg,718,500,RGB
000477,000477.jpg,718,500,RGB
000478,000478.jpg,718,500,RGB
000479,000479.jpg,718,500,RGB
000480,000480.jpg,718,500,RGB
000481,000481.jpg,818,628,RGB
000482,000482.jpg,498,429,RGB
000483,000483.jpg,498,429,RGB
000484,000484.jpg,718,500,RGB
000485,000485.jpg,501,458,RGB
000486,000486.jpg,718,500,RGB
000487,000487.jpg,718,500,RGB
000488,000488.jpg,718,500,RGB
000489,000489.jpg,818,628,RGB
000490,000490.jpg,818,628,RGB
000491,000491.jpg,818,628,RGB
000492,000492.jpg,498,429,RGB
000493,000493.jpg,818,628,RGB
000494,000494.jpg,818,628,RGB
000495,000495.jpg,818,628,RGB
000496,000496.jpg,498,429,RGB
000497,000497.jpg,718,500,RGB
000498,000498.jpg,498,429,RGB
000499,000499.jpg,718,500,RGB
000500,000500.jpg,498,429,RGB
000501,000501.jpg,818,628,RGB
000502,000502.jpg,818,628,RGB
000503,000503.jpg,718,500,RGB
000504,000504.jpg,718,500,RGB
000505,000505.jpg,818,628,RGB
000506,000506.jpg,818,628,RGB
000507,000507.jpg,718,500,RGB
000508,000508.jpg,718,500,RGB
000509,000509.jpg,718,500,RGB
000510,000510.jpg,718,500,RGB
000511,000511.jpg,718,500,RGB
000512,000512.jpg,498,429,RGB
000513,000513.jpg,498,429,RGB
000514,000514.jpg,718,500,RGB
000515,000515.jpg,439,368,RGB
000516,000516.jpg,718,500,RGB
000517,000517.jpg,718,500,RGB
000518,000518.jpg,718,500,RGB
000519,000519.jpg,718,500,RGB
000520,000520.jpg,718,500,RGB
000521,000521.jpg,818,628,RGB
000522,000522.jpg,818,628,RGB
000523,000523.jpg,818,628,RGB
000524,000524.jpg,818,628,RGB
000525,000525.jpg,718,500,RGB
000526,000526.jpg,718,500,RGB
000527,000527.jpg,718,500,RGB
000528,000528.jpg,498,429,RGB
000529,000529.jpg,818,628,RGB
000530,000530.jpg,718,500,RGB
000531,000531.jpg,498,429,RGB
000532,000532.jpg,818,628,RGB
000533,000533.jpg,718,500,RGB
000534,000534.jpg,818,628,RGB
000535,000535.jpg,718,500,RGB
000536,000536.jpg,718,500,RGB
000537,000537.jpg,718,500,RGB
000538,000538.jpg,718,500,RGB
000539,000539.jpg,718,500,RGB
000540,000540.jpg,818,628,RGB
000541,000541.jpg,818,628,RGB
000542,000542.jpg,818,628,RGB
000543,000543.jpg,718,500,RGB
000544,000544.jpg,718,500,RGB
000545,000545.jpg,718,500,RGB
000546,000546.jpg,718,500,RGB
000547,000547.jpg,718,500,RGB
000548,000548.jpg,718,500,RGB
000549,000549.jpg,718,500,RGB
000550,000550.jpg,718,500,RGB
000551,000551.jpg,498,429,RGB
000552,000552.jpg,718,500,RGB
000553,000553.jpg,818,628,RGB
000554,000554.jpg,718,500,RGB
000555,000555.jpg,718,500,RGB
000556,000556.jpg,818,628,RGB
000557,000557.jpg,718,500,RGB
000558,000558.jpg,718,500,RGB
000559,000559.jpg,439,368,RGB
000560,000560.jpg,439,368,RGB
000561,000561.jpg,718,500,RGB
000562,000562.jpg,718,500,RGB
000563,000563.jpg,718,500,RGB
000564,000564.jpg,718,500,RGB
000565,000565.jpg,718,500,RGB
000566,000566.jpg,718,500,RGB
000567,000567.jpg,718,500,RGB
000568,000568.jpg,718,500,RGB
000569,000569.jpg,718,500,RGB
000570,000570.jpg,718,500,RGB
000571,000571.jpg,718,500,RGB
000572,000572.jpg,718,500,RGB
000573,000573.jpg,718,500,RGB
000574,000574.jpg,718,500,RGB
000575,000575.jpg,718,500,RGB
000576,000576.jpg,718,500,RGB
000577,000577.jpg,718,500,RGB
000578,000578.jpg,718,500,RGB
000579,000579.jpg,718,500,RGB
000580,000580.jpg,718,500,RGB
000581,000581.jpg,718,500,RGB
000582,000582.jpg,718,500,RGB
000583,000583.jpg,439,368,RGB
000584,000584.jpg,439,368,RGB
000585,000585.jpg,498,429,RGB
000586,000586.jpg,718,500,RGB
000587,000587.jpg,718,500,RGB
000588,000588.jpg,718,500,RGB
000589,000589.jpg,718,500,RGB
000590,000590.jpg,718,500,RGB
000591,000591.jpg,718,500,RGB
000592,000592.jpg,818,628,RGB
000593,000593.jpg,718,500,RGB
000594,000594.jpg,718,500,RGB
000595,000595.jpg,818,628,RGB
000596,000596.jpg,718,500,RGB
000597,000597.jpg,718,500,RGB
000598,000598.jpg,718,500,RGB
000599,000599.jpg,718,500,RGB
000600,000600.jpg,498,429,RGB
000601,000601.jpg,498,429,RGB
000602,000602.jpg,718,500,RGB
000603,000603.jpg,718,500,RGB
000604,000604.jpg,718,500,RGB
000605,000605.jpg,718,500,RGB
000606,000606.jpg,718,500,RGB
000607,000607.jpg,718,500,RGB
000608,000608.jpg,718,500,RGB
000609,000609.jpg,718,500,RGB
000610,000610.jpg,718,500,RGB
000611,000611.jpg,718,500,RGB
000612,000612.jpg,718,500,RGB
000613,000613.jpg,718,500,RGB
000614,000614.jpg,718,500,RGB
000615,000615.jpg,718,500,RGB
000616,000616.jpg,718,500,RGB
000617,000617.jpg,718,500,RGB
000618,000618.jpg,498,429,RGB
000619,000619.jpg,498,429,RGB
000620,000620.jpg,498,429,RGB
000621,000621.jpg,818,628,RGB
000622,000622.jpg,818,628,RGB
000623,000623.jpg,818,628,RGB
000624,000624.jpg,818,628,RGB
000625,000625.jpg,818,628,RGB
000626,000626.jpg,818,628,RGB
000627,000627.jpg,718,500,RGB
000628,000628.jpg,818,628,RGB
000629,000629.jpg,718,500,RGB
000630,000630.jpg,818,628,RGB
000631,000631.jpg,818,628,RGB
000632,000632.jpg,718,500,RGB
000633,000633.jpg,718,500,RGB
000634,000634.jpg,718,500,RGB
000635,000635.jpg,718,500,RGB
000636,000636.jpg,718,500,RGB
000637,000637.jpg,718,500,RGB
000638,000638.jpg,919,646,RGB
000639,000639.jpg,718,500,RGB
000640,000640.jpg,718,500,RGB
000641,000641.jpg,718,500,RGB
000642,000642.jpg,718,500,RGB
000643,000643.jpg,498,429,RGB
000644,000644.jpg,498,429,RGB
000645,000645.jpg,718,500,RGB
000646,000646.jpg,718,500,RGB
000647,000647.jpg,718,500,RGB
000648,000648.jpg,718,500,RGB
000649,000649.jpg,718,500,RGB
000650,000650.jpg,718,500,RGB
000651,000651.jpg,718,500,RGB
000652,000652.jpg,718,500,RGB
000653,000653.jpg,718,500,RGB
000654,000654.jpg,718,500,RGB
000655,000655.jpg,919,646,RGB
000656,000656.jpg,718,500,RGB
000657,000657.jpg,718,500,RGB
000658,000658.jpg,718,500,RGB
000659,000659.jpg,718,500,RGB
000660,000660.jpg,919,646,RGB
000661,000661.jpg,718,500,RGB
000662,000662.jpg,498,429,RGB
000663,000663.jpg,498,429,RGB
000664,000664.jpg,718,500,RGB
000665,000665.jpg,718,500,RGB
000666,000666.jpg,718,500,RGB
000667,000667.jpg,718,500,RGB
000668,000668.jpg,718,500,RGB
000669,000669.jpg,718,500,RGB
000670,000670.jpg,498,429,RGB
000671,000671.jpg,498,429,RGB
000672,000672.jpg,498,429,RGB
000673,000673.jpg,818,628,RGB
000674,000674.jpg,818,628,RGB
000675,000675.jpg,718,500,RGB
000676,000676.jpg,718,500,RGB
000677,000677.jpg,718,500,RGB
000678,000678.jpg,439,368,RGB
000679,000679.jpg,818,628,RGB
000680,000680.jpg,818,628,RGB
000681,000681.jpg,718,500,RGB
000682,000682.jpg,718,500,RGB
000683,000683.jpg,718,500,RGB
000684,000684.jpg,818,628,RGB
000685,000685.jpg,718,500,RGB
000686,000686.jpg,718,500,RGB
000687,000687.jpg,718,500,RGB
000688,000688.jpg,718,500,RGB
000689,000689.jpg,718,500,RGB
000690,000690.jpg,718,500,RGB
000691,000691.jpg,718,500,RGB
000692,000692.jpg,718,500,RGB
000693,000693.jpg,718,500,RGB
000694,000694.jpg,718,500,RGB
000695,000695.jpg,718,500,RGB
000696,000696.jpg,718,500,RGB
000697,000697.jpg,818,628,RGB
000698,000698.jpg,718,500,RGB
000699,000699.jpg,718,500,RGB
000700,000700.jpg,919,646,RGB
000701,000701.jpg,919,646,RGB
000702,000702.jpg,919,646,RGB
000703,000703.jpg,718,500,RGB
000704,000704.jpg,718,500,RGB
000705,000705.jpg,818,628,RGB
000706,000706.jpg,818,628,RGB
000707,000707.jpg,718,500,RGB
000708,000708.jpg,718,500,RGB
000709,000709.jpg,718,500,RGB
000710,000710.jpg,718,500,RGB
000711,000711.jpg,439,368,RGB
000712,000712.jpg,439,368,RGB
000713,000713.jpg,718,500,RGB
000714,000714.jpg,718,500,RGB
000715,000715.jpg,718,500,RGB
000716,000716.jpg,718,500,RGB
000717,000717.jpg,439,368,RGB
000718,000718.jpg,439,368,RGB
000719,000719.jpg,439,368,RGB
000720,000720.jpg,718,500,RGB
000721,000721.jpg,718,500,RGB
000722,000722.jpg,718,500,RGB
000723,000723.jpg,718,500,RGB
000724,000724.jpg,718,500,RGB
000725,000725.jpg,718,500,RGB
000726,000726.jpg,718,500,RGB
000727,000727.jpg,718,500,RGB
000728,000728.jpg,919,646,RGB
000729,000729.jpg,919,646,RGB
000730,000730.jpg,919,646,RGB
000731,000731.jpg,919,646,RGB
000732,000732.jpg,919,646,RGB
000733,000733.jpg,718,500,RGB
000734,000734.jpg,498,429,RGB
000735,000735.jpg,498,429,RGB
000736,000736.jpg,718,500,RGB
000737,000737.jpg,718,500,RGB
000738,000738.jpg,718,500,RGB
000739,000739.jpg,718,500,RGB
000740,000740.jpg,718,500,RGB
000741,000741.jpg,718,500,RGB
000742,000742.jpg,718,500,RGB
000743,000743.jpg,718,500,RGB
000744,000744.jpg,498,429,RGB
000745,000745.jpg,718,500,RGB
000746,000746.jpg,718,500,RGB
000747,000747.jpg,718,500,RGB
000748,000748.jpg,718,500,RGB
000749,000749.jpg,818,628,RGB
000750,000750.jpg,718,500,RGB
000751,000751.jpg,818,628,RGB
000752,000752.jpg,718,500,RGB
000753,000753.jpg,718,500,RGB
000754,000754.jpg,718,500,RGB
000755,000755.jpg,818,628,RGB
000756,000756.jpg,818,628,RGB
000757,000757.jpg,818,628,RGB
000758,000758.jpg,818,628,RGB
000759,000759.jpg,818,628,RGB
000760,000760.jpg,818,628,RGB
000761,000761.jpg,718,500,RGB
000762,000762.jpg,718,500,RGB
000763,000763.jpg,818,628,RGB
000764,000764.jpg,718,500,RGB
000765,000765.jpg,718,500,RGB
000766,000766.jpg,718,500,RGB
000767,000767.jpg,718,500,RGB
000768,000768.jpg,718,500,RGB
000769,000769.jpg,818,628,RGB
000770,000770.jpg,718,500,RGB
000771,000771.jpg,718,500,RGB
000772,000772.jpg,718,500,RGB
000773,000773.jpg,718,500,RGB
000774,000774.jpg,718,500,RGB
000775,000775.jpg,818,628,RGB
000776,000776.jpg,818,628,RGB
000777,000777.jpg,919,646,RGB
000778,000778.jpg,919,646,RGB
000779,000779.jpg,718,500,RGB
000780,000780.jpg,718,500,RGB
000781,000781.jpg,718,500,RGB
000782,000782.jpg,718,500,RGB
000783,000783.jpg,718,500,RGB
000784,000784.jpg,718,500,RGB
000785,000785.jpg,718,500,RGB
000786,000786.jpg,718,500,RGB
000787,000787.jpg,718,500,RGB
000788,000788.jpg,718,500,RGB
000789,000789.jpg,818,628,RGB
000790,000790.jpg,818,628,RGB
000791,000791.jpg,818,628,RGB
000792,000792.jpg,818,628,RGB
000793,000793.jpg,818,628,RGB
000794,000794.jpg,718,500,RGB
000795,000795.jpg,818,628,RGB
000796,000796.jpg,818,628,RGB
000797,000797.jpg,818,628,RGB
000798,000798.jpg,718,500,RGB
000799,000799.jpg,818,628,RGB
000800,000800.jpg,718,500,RGB
000801,000801.jpg,818,628,RGB
000802,000802.jpg,818,628,RGB
000803,000803.jpg,818,628,RGB
000804,000804.jpg,818,628,RGB
000805,000805.jpg,818,628,RGB
000806,000806.jpg,818,628,RGB
000807,000807.jpg,818,628,RGB
000808,000808.jpg,818,628,RGB
000809,000809.jpg,718,500,RGB
000810,000810.jpg,718,500,RGB
000811,000811.jpg,818,628,RGB
000812,000812.jpg,818,628,RGB
000813,000813.jpg,818,628,RGB
000814,000814.jpg,818,628,RGB
000815,000815.jpg,718,500,RGB
000816,000816.jpg,718,500,RGB
000817,000817.jpg,718,500,RGB
000818,000818.jpg,718,500,RGB
000819,000819.jpg,718,500,RGB
000820,000820.jpg,718,500,RGB
000821,000821.jpg,718,500,RGB
000822,000822.jpg,818,628,RGB
000823,000823.jpg,818,628,RGB
000824,000824.jpg,818,628,RGB
000825,000825.jpg,818,628,RGB
000826,000826.jpg,919,646,RGB
000827,000827.jpg,919,646,RGB
000828,000828.jpg,919,646,RGB
000829,000829.jpg,919,646,RGB
000830,000830.jpg,718,500,RGB
000831,000831.jpg,718,500,RGB
000832,000832.jpg,718,500,RGB
000833,000833.jpg,718,500,RGB
000834,000834.jpg,818,628,RGB
000835,000835.jpg,818,628,RGB
000836,000836.jpg,818,628,RGB
000837,000837.jpg,818,628,RGB
000838,000838.jpg,818,628,RGB
000839,000839.jpg,718,500,RGB
000840,000840.jpg,718,500,RGB
000841,000841.jpg,718,500,RGB
000842,000842.jpg,818,628,RGB
000843,000843.jpg,818,628,RGB
000844,000844.jpg,818,628,RGB
000845,000845.jpg,818,628,RGB
000846,000846.jpg,818,628,RGB
000847,000847.jpg,818,628,RGB
000848,000848.jpg,818,628,RGB
000849,000849.jpg,818,628,RGB
000850,000850.jpg,718,500,RGB
000851,000851.jpg,818,628,RGB
000852,000852.jpg,818,628,RGB
000853,000853.jpg,818,628,RGB
000854,000854.jpg,818,628,RGB
000855,000855.jpg,718,500,RGB
000856,000856.jpg,718,500,RGB
000857,000857.jpg,718,500,RGB
000858,000858.jpg,818,628,RGB
000859,000859.jpg,818,628,RGB
000860,000860.jpg,818,628,RGB
000861,000861.jpg,718,500,RGB
000862,000862.jpg,718,500,RGB
000863,000863.jpg,718,500,RGB
000864,000864.jpg,718,500,RGB
000865,000865.jpg,718,500,RGB
000866,000866.jpg,718,500,RGB
000867,000867.jpg,718,500,RGB
000868,000868.jpg,718,500,RGB
000869,000869.jpg,718,500,RGB
000870,000870.jpg,718,500,RGB
000871,000871.jpg,718,500,RGB
000872,000872.jpg,818,628,RGB
000873,000873.jpg,818,628,RGB
000874,000874.jpg,818,628,RGB
000875,000875.jpg,718,500,RGB
000876,000876.jpg,718,500,RGB
000877,000877.jpg,718,500,RGB
000878,000878.jpg,718,500,RGB
000879,000879.jpg,718,500,RGB
000880,000880.jpg,718,500,RGB
000881,000881.jpg,718,500,RGB
000882,000882.jpg,818,628,RGB
000883,000883.jpg,718,500,RGB
000884,000884.jpg,718,500,RGB
000885,000885.jpg,718,500,RGB
000886,000886.jpg,718,500,RGB
000887,000887.jpg,818,628,RGB
000888,000888.jpg,818,628,RGB
000889,000889.jpg,718,500,RGB
000890,000890.jpg,718,500,RGB
000891,000891.jpg,718,500,RGB
000892,000892.jpg,718,500,RGB
000893,000893.jpg,718,500,RGB
000894,000894.jpg,718,500,RGB
000895,000895.jpg,718,500,RGB
000896,000896.jpg,718,500,RGB
000897,000897.jpg,718,500,RGB
000898,000898.jpg,718,500,RGB
000899,000899.jpg,718,500,RGB
000900,000900.jpg,718,500,RGB
000901,000901.jpg,818,628,RGB
000902,000902.jpg,498,429,RGB
000903,000903.jpg,498,429,RGB
000904,000904.jpg,498,429,RGB
000905,000905.jpg,718,500,RGB
000906,000906.jpg,718,500,RGB
000907,000907.jpg,818,628,RGB
000908,000908.jpg,818,628,RGB
000909,000909.jpg,818,628,RGB
000910,000910.jpg,718,500,RGB
000911,000911.jpg,718,500,RGB
000912,000912.jpg,718,500,RGB
000913,000913.jpg,718,500,RGB
000914,000914.jpg,718,500,RGB
000915,000915.jpg,718,500,RGB
000916,000916.jpg,718,500,RGB
000917,000917.jpg,718,500,RGB
000918,000918.jpg,718,500,RGB
000919,000919.jpg,718,500,RGB
000920,000920.jpg,818,628,RGB
000921,000921.jpg,718,500,RGB
000922,000922.jpg,718,500,RGB
000923,000923.jpg,718,500,RGB
000924,000924.jpg,718,500,RGB
000925,000925.jpg,718,500,RGB
000926,000926.jpg,718,500,RGB
000927,000927.jpg,718,500,RGB
000928,000928.jpg,718,500,RGB
000929,000929.jpg,818,628,RGB
000930,000930.jpg,818,628,RGB
000931,000931.jpg,718,500,RGB
000932,000932.jpg,718,500,RGB
000933,000933.jpg,718,500,RGB
000934,000934.jpg,818,628,RGB
000935,000935.jpg,818,628,RGB
000936,000936.jpg,718,500,RGB
000937,000937.jpg,718,500,RGB
000938,000938.jpg,718,500,RGB
000939,000939.jpg,718,500,RGB
000940,000940.jpg,718,500,RGB
000941,000941.jpg,718,500,RGB
000942,000942.jpg,718,500,RGB
000943,000943.jpg,718,500,RGB
000944,000944.jpg,718,500,RGB
000945,000945.jpg,718,500,RGB
000946,000946.jpg,718,500,RGB
000947,000947.jpg,718,500,RGB
000948,000948.jpg,718,500,RGB
000949,000949.jpg,718,500,RGB
000950,000950.jpg,718,500,RGB
000951,000951.jpg,718,500,RGB
000952,000952.jpg,718,500,RGB
000953,000953.jpg,718,500,RGB
000954,000954.jpg,718,500,RGB
000955,000955.jpg,718,500,RGB
000956,000956.jpg,718,500,RGB
000957,000957.jpg,718,500,RGB
000958,000958.jpg,718,500,RGB
000959,000959.jpg,718,500,RGB
000960,000960.jpg,718,500,RGB
000961,000961.jpg,718,500,RGB
000962,000962.jpg,718,500,RGB
000963,000963.jpg,718,500,RGB
000964,000964.jpg,718,500,RGB
000965,000965.jpg,718,500,RGB
000966,000966.jpg,718,500,RGB
000967,000967.jpg,718,500,RGB
000968,000968.jpg,718,500,RGB
000969,000969.jpg,718,500,RGB
000970,000970.jpg,818,628,RGB
000971,000971.jpg,818,628,RGB
000972,000972.jpg,718,500,RGB
000973,000973.jpg,718,500,RGB
000974,000974.jpg,718,500,RGB
000975,000975.jpg,718,500,RGB
000976,000976.jpg,718,500,RGB
000977,000977.jpg,718,500,RGB
000978,000978.jpg,718,500,RGB
000979,000979.jpg,818,628,RGB
000980,000980.jpg,818,628,RGB
000981,000981.jpg,492,391,RGB
000982,000982.jpg,498,429,RGB
000983,000983.jpg,498,429,RGB
000984,000984.jpg,718,500,RGB
000985,000985.jpg,818,628,RGB
000986,000986.jpg,818,628,RGB
000987,000987.jpg,718,500,RGB
000988,000988.jpg,498,429,RGB
000989,000989.jpg,498,429,RGB
000990,000990.jpg,818,628,RGB
000991,000991.jpg,818,628,RGB
000992,000992.jpg,818,628,RGB
000993,000993.jpg,492,391,RGB
000994,000994.jpg,718,500,RGB
000995,000995.jpg,498,429,RGB
000996,000996.jpg,718,500,RGB
000997,000997.jpg,718,500,RGB
000998,000998.jpg,718,500,RGB
000999,000999.jpg,718,500,RGB
001000,001000.jpg,718,500,RGB
001001,001001.jpg,718,500,RGB
001002,001002.jpg,718,500,RGB
001003,001003.jpg,718,500,RGB
001004,001004.jpg,718,500,RGB
001005,001005.jpg,718,500,RGB
001006,001006.jpg,718,500,RGB
001007,001007.jpg,718,500,RGB
001008,001008.jpg,718,500,RGB
001009,001009.jpg,718,500,RGB
001010,001010.jpg,718,500,RGB
001011,001011.jpg,718,500,RGB
001012,001012.jpg,718,500,RGB
001013,001013.jpg,718,500,RGB
001014,001014.jpg,718,500,RGB
001015,001015.jpg,718,500,RGB
001016,001016.jpg,718,500,RGB
001017,001017.jpg,718,500,RGB
001018,001018.jpg,718,500,RGB
001019,001019.jpg,718,500,RGB
001020,001020.jpg,718,500,RGB
001021,001021.jpg,718,500,RGB
001022,001022.jpg,818,628,RGB
001023,001023.jpg,818,628,RGB
001024,001024.jpg,718,500,RGB
001025,001025.jpg,718,500,RGB
001026,001026.jpg,718,500,RGB
001027,001027.jpg,718,500,RGB
001028,001028.jpg,718,500,RGB
001029,001029.jpg,718,500,RGB
001030,001030.jpg,718,500,RGB
001031,001031.jpg,718,500,RGB
001032,001032.jpg,718,500,RGB
001033,001033.jpg,718,500,RGB
001034,001034.jpg,718,500,RGB
001035,001035.jpg,718,500,RGB
001036,001036.jpg,718,500,RGB
001037,001037.jpg,718,500,RGB
001038,001038.jpg,718,500,RGB
001039,001039.jpg,718,500,RGB
001040,001040.jpg,718,500,RGB
001041,001041.jpg,439,368,RGB
001042,001042.jpg,919,646,RGB
001043,001043.jpg,818,628,RGB
001044,001044.jpg,718,500,RGB
001045,001045.jpg,439,368,RGB
001046,001046.jpg,439,368,RGB
001047,001047.jpg,439,368,RGB
001048,001048.jpg,439,368,RGB
001049,001049.jpg,718,500,RGB
001050,001050.jpg,718,500,RGB
001051,001051.jpg,718,500,RGB
001052,001052.jpg,718,500,RGB
001053,001053.jpg,718,500,RGB
001054,001054.jpg,718,500,RGB
001055,001055.jpg,718,500,RGB
001056,001056.jpg,718,500,RGB
001057,001057.jpg,718,500,RGB
001058,001058.jpg,818,628,RGB
001059,001059.jpg,818,628,RGB
001060,001060.jpg,718,500,RGB
001061,001061.jpg,718,500,RGB
001062,001062.jpg,718,500,RGB
001063,001063.jpg,718,500,RGB
001064,001064.jpg,718,500,RGB
001065,001065.jpg,718,500,RGB
001066,001066.jpg,718,500,RGB
001067,001067.jpg,718,500,RGB
001068,001068.jpg,718,500,RGB
001069,001069.jpg,718,500,RGB
001070,001070.jpg,501,458,RGB
001071,001071.jpg,718,500,RGB
001072,001072.jpg,718,500,RGB
001073,001073.jpg,718,500,RGB
001074,001074.jpg,718,500,RGB
001075,001075.jpg,501,458,RGB
001076,001076.jpg,718,500,RGB
001077,001077.jpg,718,500,RGB
001078,001078.jpg,718,500,RGB
001079,001079.jpg,498,429,RGB
001080,001080.jpg,818,628,RGB
001081,001081.jpg,818,628,RGB
001082,001082.jpg,718,500,RGB
001083,001083.jpg,718,500,RGB
001084,001084.jpg,818,628,RGB
001085,001085.jpg,818,628,RGB
001086,001086.jpg,818,628,RGB
001087,001087.jpg,818,628,RGB
001088,001088.jpg,718,500,RGB
001089,001089.jpg,718,500,RGB
001090,001090.jpg,718,500,RGB
001091,001091.jpg,718,500,RGB
001092,001092.jpg,718,500,RGB
001093,001093.jpg,718,500,RGB
001094,001094.jpg,718,500,RGB
001095,001095.jpg,718,500,RGB
001096,001096.jpg,718,500,RGB
001097,001097.jpg,718,500,RGB
001098,001098.jpg,718,500,RGB
001099,001099.jpg,718,500,RGB
001100,001100.jpg,718,500,RGB
001101,001101.jpg,718,500,RGB
001102,001102.jpg,718,500,RGB
001103,001103.jpg,718,500,RGB
001104,001104.jpg,498,429,RGB
001105,001105.jpg,498,429,RGB
001106,001106.jpg,818,628,RGB
001107,001107.jpg,718,500,RGB
001108,001108.jpg,818,628,RGB
001109,001109.jpg,818,628,RGB
001110,001110.jpg,818,628,RGB
001111,001111.jpg,818,628,RGB
001112,001112.jpg,818,628,RGB
001113,001113.jpg,718,500,RGB
001114,001114.jpg,718,500,RGB
001115,001115.jpg,718,500,RGB
001116,001116.jpg,818,628,RGB
001117,001117.jpg,818,628,RGB
001118,001118.jpg,718,500,RGB
001119,001119.jpg,718,500,RGB
001120,001120.jpg,718,500,RGB
001121,001121.jpg,718,500,RGB
001122,001122.jpg,718,500,RGB
001123,001123.jpg,501,458,RGB
001124,001124.jpg,501,458,RGB
001125,001125.jpg,501,458,RGB
001126,001126.jpg,718,500,RGB
001127,001127.jpg,718,500,RGB
001128,001128.jpg,718,500,RGB
001129,001129.jpg,718,500,RGB
001130,001130.jpg,718,500,RGB
001131,001131.jpg,718,500,RGB
001132,001132.jpg,718,500,RGB
001133,001133.jpg,718,500,RGB
001134,001134.jpg,718,500,RGB
001135,001135.jpg,718,500,RGB
001136,001136.jpg,501,458,RGB
001137,001137.jpg,501,458,RGB
001138,001138.jpg,718,500,RGB
001139,001139.jpg,718,500,RGB
001140,001140.jpg,718,500,RGB
001141,001141.jpg,718,500,RGB
001142,001142.jpg,718,500,RGB
001143,001143.jpg,718,500,RGB
001144,001144.jpg,718,500,RGB
001145,001145.jpg,718,500,RGB
001146,001146.jpg,718,500,RGB
001147,001147.jpg,718,500,RGB
001148,001148.jpg,718,500,RGB
001149,001149.jpg,718,500,RGB
001150,001150.jpg,718,500,RGB
001151,001151.jpg,818,628,RGB
001152,001152.jpg,818,628,RGB
001153,001153.jpg,818,628,RGB
001154,001154.jpg,818,628,RGB
001155,001155.jpg,818,628,RGB
001156,001156.jpg,718,500,RGB
001157,001157.jpg,718,500,RGB
001158,001158.jpg,718,500,RGB
001159,001159.jpg,718,500,RGB
001160,001160.jpg,818,628,RGB
001161,001161.jpg,718,500,RGB
001162,001162.jpg,439,368,RGB
001163,001163.jpg,818,628,RGB
001164,001164.jpg,818,628,RGB
001165,001165.jpg,718,500,RGB
001166,001166.jpg,718,500,RGB
001167,001167.jpg,718,500,RGB
001168,001168.jpg,718,500,RGB
001169,001169.jpg,718,500,RGB
001170,001170.jpg,718,500,RGB
001171,001171.jpg,818,628,RGB
001172,001172.jpg,818,628,RGB
001173,001173.jpg,718,500,RGB
001174,001174.jpg,718,500,RGB
001175,001175.jpg,498,429,RGB
001176,001176.jpg,718,500,RGB
001177,001177.jpg,718,500,RGB
001178,001178.jpg,718,500,RGB
001179,001179.jpg,718,500,RGB
001180,001180.jpg,718,500,RGB
001181,001181.jpg,718,500,RGB
001182,001182.jpg,718,500,RGB
001183,001183.jpg,718,500,RGB
001184,001184.jpg,718,500,RGB
001185,001185.jpg,718,500,RGB
001186,001186.jpg,718,500,RGB
001187,001187.jpg,718,500,RGB
001188,001188.jpg,818,628,RGB
001189,001189.jpg,718,500,RGB
001190,001190.jpg,718,500,RGB
001191,001191.jpg,718,500,RGB
001192,001192.jpg,718,500,RGB
001193,001193.jpg,718,500,RGB
001194,001194.jpg,718,500,RGB
001195,001195.jpg,818,628,RGB
001196,001196.jpg,718,500,RGB
001197,001197.jpg,718,500,RGB
001198,001198.jpg,718,500,RGB
001199,001199.jpg,818,628,RGB
001200,001200.jpg,818,628,RGB
001201,001201.jpg,818,628,RGB
001202,001202.jpg,718,500,RGB
001203,001203.jpg,818,628,RGB
001204,001204.jpg,818,628,RGB
001205,001205.jpg,818,628,RGB
001206,001206.jpg,718,500,RGB
001207,001207.jpg,718,500,RGB
001208,001208.jpg,718,500,RGB
001209,001209.jpg,718,500,RGB
001210,001210.jpg,718,500,RGB
001211,001211.jpg,718,500,RGB
001212,001212.jpg,818,628,RGB
001213,001213.jpg,718,500,RGB
001214,001214.jpg,718,500,RGB
001215,001215.jpg,718,500,RGB
001216,001216.jpg,718,500,RGB
001217,001217.jpg,718,500,RGB
001218,001218.jpg,818,628,RGB
001219,001219.jpg,818,628,RGB
001220,001220.jpg,818,628,RGB
001221,001221.jpg,718,500,RGB
001222,001222.jpg,718,500,RGB
001223,001223.jpg,718,500,RGB
001224,001224.jpg,718,500,RGB
001225,001225.jpg,718,500,RGB
001226,001226.jpg,718,500,RGB
001227,001227.jpg,718,500,RGB
001228,001228.jpg,818,628,RGB
001229,001229.jpg,718,500,RGB
001230,001230.jpg,818,628,RGB
001231,001231.jpg,818,628,RGB
001232,001232.jpg,818,628,RGB
001233,001233.jpg,718,500,RGB
001234,001234.jpg,718,500,RGB
001235,001235.jpg,718,500,RGB
001236,001236.jpg,718,500,RGB
001237,001237.jpg,718,500,RGB
001238,001238.jpg,718,500,RGB
001239,001239.jpg,718,500,RGB
001240,001240.jpg,718,500,RGB
001241,001241.jpg,718,500,RGB
001242,001242.jpg,718,500,RGB
001243,001243.jpg,718,500,RGB
001244,001244.jpg,718,500,RGB
001245,001245.jpg,718,500,RGB
001246,001246.jpg,718,500,RGB
001247,001247.jpg,439,368,RGB
001248,001248.jpg,718,500,RGB
001249,001249.jpg,718,500,RGB
001250,001250.jpg,718,500,RGB
001251,001251.jpg,718,500,RGB
001252,001252.jpg,718,500,RGB
001253,001253.jpg,718,500,RGB
001254,001254.jpg,718,500,RGB
001255,001255.jpg,718,500,RGB
001256,001256.jpg,718,500,RGB
001257,001257.jpg,818,628,RGB
001258,001258.jpg,718,500,RGB
001259,001259.jpg,718,500,RGB
001260,001260.jpg,439,368,RGB
001261,001261.jpg,718,500,RGB
001262,001262.jpg,718,500,RGB
001263,001263.jpg,718,500,RGB
001264,001264.jpg,718,500,RGB
001265,001265.jpg,718,500,RGB
001266,001266.jpg,718,500,RGB
001267,001267.jpg,718,500,RGB
001268,001268.jpg,718,500,RGB
001269,001269.jpg,718,500,RGB
001270,001270.jpg,818,628,RGB
001271,001271.jpg,718,500,RGB
001272,001272.jpg,718,500,RGB
001273,001273.jpg,718,500,RGB
001274,001274.jpg,718,500,RGB
001275,001275.jpg,718,500,RGB
001276,001276.jpg,718,500,RGB
001277,001277.jpg,818,628,RGB
001278,001278.jpg,718,500,RGB
001279,001279.jpg,498,429,RGB
001280,001280.jpg,498,429,RGB
001281,001281.jpg,818,628,RGB
001282,001282.jpg,818,628,RGB
001283,001283.jpg,498,429,RGB
001284,001284.jpg,718,500,RGB
001285,001285.jpg,818,628,RGB
001286,001286.jpg,718,500,RGB
001287,001287.jpg,718,500,RGB
001288,001288.jpg,718,500,RGB
001289,001289.jpg,718,500,RGB
001290,001290.jpg,718,500,RGB
001291,001291.jpg,718,500,RGB
001292,001292.jpg,718,500,RGB
001293,001293.jpg,718,500,RGB
001294,001294.jpg,718,500,RGB
001295,001295.jpg,718,500,RGB
001296,001296.jpg,718,500,RGB
001297,001297.jpg,718,500,RGB
001298,001298.jpg,718,500,RGB
001299,001299.jpg,718,500,RGB
001300,001300.jpg,718,500,RGB
001301,001301.jpg,818,628,RGB
001302,001302.jpg,818,628,RGB
001303,001303.jpg,818,628,RGB
001304,001304.jpg,718,500,RGB
001305,001305.jpg,718,500,RGB
001306,001306.jpg,718,500,RGB
001307,001307.jpg,718,500,RGB
001308,001308.jpg,718,500,RGB
001309,001309.jpg,718,500,RGB
001310,001310.jpg,718,500,RGB
001311,001311.jpg,718,500,RGB
001312,001312.jpg,498,429,RGB
001313,001313.jpg,718,500,RGB
001314,001314.jpg,718,500,RGB
001315,001315.jpg,718,500,RGB
001316,001316.jpg,818,628,RGB
001317,001317.jpg,818,628,RGB
001318,001318.jpg,818,628,RGB
001319,001319.jpg,818,628,RGB
001320,001320.jpg,818,628,RGB
001321,001321.jpg,818,628,RGB
001322,001322.jpg,718,500,RGB
001323,001323.jpg,718,500,RGB
001324,001324.jpg,718,500,RGB
001325,001325.jpg,818,628,RGB
001326,001326.jpg,818,628,RGB
001327,001327.jpg,718,500,RGB
001328,001328.jpg,718,500,RGB
001329,001329.jpg,718,500,RGB
001330,001330.jpg,718,500,RGB
001331,001331.jpg,718,500,RGB
001332,001332.jpg,718,500,RGB
001333,001333.jpg,718,500,RGB
001334,001334.jpg,718,500,RGB
001335,001335.jpg,718,500,RGB
001336,001336.jpg,718,500,RGB
001337,001337.jpg,439,368,RGB
001338,001338.jpg,439,368,RGB
001339,001339.jpg,498,429,RGB
001340,001340.jpg,498,429,RGB
001341,001341.jpg,718,500,RGB
001342,001342.jpg,818,628,RGB
001343,001343.jpg,718,500,RGB
001344,001344.jpg,718,500,RGB
001345,001345.jpg,718,500,RGB
001346,001346.jpg,718,500,RGB
001347,001347.jpg,818,628,RGB
001348,001348.jpg,718,500,RGB
001349,001349.jpg,818,628,RGB
001350,001350.jpg,718,500,RGB
001351,001351.jpg,718,500,RGB
001352,001352.jpg,439,368,RGB
001353,001353.jpg,818,628,RGB
001354,001354.jpg,818,628,RGB
001355,001355.jpg,818,628,RGB
001356,001356.jpg,718,500,RGB
001357,001357.jpg,718,500,RGB
001358,001358.jpg,718,500,RGB
001359,001359.jpg,818,628,RGB
001360,001360.jpg,718,500,RGB
001361,001361.jpg,718,500,RGB
001362,001362.jpg,718,500,RGB
001363,001363.jpg,718,500,RGB
001364,001364.jpg,718,500,RGB
001365,001365.jpg,718,500,RGB
001366,001366.jpg,818,628,RGB
001367,001367.jpg,718,500,RGB
001368,001368.jpg,718,500,RGB
001369,001369.jpg,718,500,RGB
001370,001370.jpg,718,500,RGB
001371,001371.jpg,718,500,RGB
001372,001372.jpg,818,628,RGB
001373,001373.jpg,718,500,RGB
001374,001374.jpg,718,500,RGB
001375,001375.jpg,718,500,RGB
001376,001376.jpg,718,500,RGB
001377,001377.jpg,718,500,RGB
001378,001378.jpg,718,500,RGB
001379,001379.jpg,718,500,RGB
001380,001380.jpg,718,500,RGB
001381,001381.jpg,718,500,RGB
001382,001382.jpg,718,500,RGB
001383,001383.jpg,718,500,RGB
001384,001384.jpg,718,500,RGB
001385,001385.jpg,818,628,RGB
001386,001386.jpg,498,429,RGB
001387,001387.jpg,498,429,RGB
001388,001388.jpg,818,628,RGB
001389,001389.jpg,818,628,RGB
001390,001390.jpg,718,500,RGB
001391,001391.jpg,718,500,RGB
001392,001392.jpg,718,500,RGB
001393,001393.jpg,718,500,RGB
001394,001394.jpg,718,500,RGB
001395,001395.jpg,718,500,RGB
001396,001396.jpg,718,500,RGB
001397,001397.jpg,718,500,RGB
001398,001398.jpg,718,500,RGB
001399,001399.jpg,718,500,RGB
001400,001400.jpg,498,429,RGB
001401,001401.jpg,498,429,RGB
001402,001402.jpg,818,628,RGB
001403,001403.jpg,818,628,RGB
001404,001404.jpg,498,429,RGB
001405,001405.jpg,818,628,RGB
001406,001406.jpg,718,500,RGB
001407,001407.jpg,718,500,RGB
001408,001408.jpg,718,500,RGB
001409,001409.jpg,718,500,RGB
001410,001410.jpg,718,500,RGB
001411,001411.jpg,718,500,RGB
001412,001412.jpg,718,500,RGB
001413,001413.jpg,718,500,RGB
001414,001414.jpg,718,500,RGB
001415,001415.jpg,718,500,RGB
001416,001416.jpg,718,500,RGB
001417,001417.jpg,718,500,RGB
001418,001418.jpg,718,500,RGB
001419,001419.jpg,718,500,RGB
001420,001420.jpg,718,500,RGB
001421,001421.jpg,718,500,RGB
001422,001422.jpg,718,500,RGB
001423,001423.jpg,818,628,RGB
001424,001424.jpg,718,500,RGB
001425,001425.jpg,718,500,RGB
001426,001426.jpg,718,500,RGB
001427,001427.jpg,818,628,RGB
001428,001428.jpg,718,500,RGB
001429,001429.jpg,718,500,RGB
001430,001430.jpg,718,500,RGB
001431,001431.jpg,718,500,RGB
001432,001432.jpg,439,368,RGB
001433,001433.jpg,439,368,RGB
001434,001434.jpg,439,368,RGB
001435,001435.jpg,439,368,RGB
001436,001436.jpg,718,500,RGB
001437,001437.jpg,718,500,RGB
001438,001438.jpg,718,500,RGB
001439,001439.jpg,718,500,RGB
001440,001440.jpg,718,500,RGB
001441,001441.jpg,718,500,RGB
001442,001442.jpg,818,628,RGB
001443,001443.jpg,818,628,RGB
001444,001444.jpg,718,500,RGB
001445,001445.jpg,718,500,RGB
001446,001446.jpg,718,500,RGB
001447,001447.jpg,718,500,RGB
001448,001448.jpg,718,500,RGB
001449,001449.jpg,718,500,RGB
001450,001450.jpg,718,500,RGB
001451,001451.jpg,718,500,RGB
001452,001452.jpg,718,500,RGB
001453,001453.jpg,718,500,RGB
001454,001454.jpg,718,500,RGB
001455,001455.jpg,718,500,RGB
001456,001456.jpg,718,500,RGB
001457,001457.jpg,818,628,RGB
001458,001458.jpg,718,500,RGB
001459,001459.jpg,718,500,RGB
001460,001460.jpg,718,500,RGB
001461,001461.jpg,818,628,RGB
001462,001462.jpg,818,628,RGB
001463,001463.jpg,818,628,RGB
001464,001464.jpg,818,628,RGB
001465,001465.jpg,718,500,RGB
001466,001466.jpg,718,500,RGB
001467,001467.jpg,718,500,RGB
001468,001468.jpg,718,500,RGB
001469,001469.jpg,718,500,RGB
001470,001470.jpg,718,500,RGB
001471,001471.jpg,718,500,RGB
001472,001472.jpg,718,500,RGB
001473,001473.jpg,718,500,RGB
001474,001474.jpg,718,500,RGB
001475,001475.jpg,718,500,RGB
001476,001476.jpg,718,500,RGB
001477,001477.jpg,718,500,RGB
001478,001478.jpg,718,500,RGB
001479,001479.jpg,818,628,RGB
001480,001480.jpg,818,628,RGB
001481,001481.jpg,818,628,RGB
001482,001482.jpg,718,500,RGB
001483,001483.jpg,718,500,RGB
001484,001484.jpg,718,500,RGB
001485,001485.jpg,718,500,RGB
001486,001486.jpg,718,500,RGB
001487,001487.jpg,718,500,RGB
001488,001488.jpg,718,500,RGB
001489,001489.jpg,718,500,RGB
001490,001490.jpg,718,500,RGB
001491,001491.jpg,718,500,RGB
001492,001492.jpg,718,500,RGB
001493,001493.jpg,718,500,RGB
001494,001494.jpg,818,628,RGB
001495,001495.jpg,439,368,RGB
001496,001496.jpg,498,429,RGB
001497,001497.jpg,498,429,RGB
001498,001498.jpg,718,500,RGB
001499,001499.jpg,718,500,RGB
001500,001500.jpg,718,500,RGB
001501,001501.jpg,718,500,RGB
001502,001502.jpg,718,500,RGB
001503,001503.jpg,718,500,RGB
001504,001504.jpg,718,500,RGB
001505,001505.jpg,718,500,RGB
001506,001506.jpg,718,500,RGB
001507,001507.jpg,818,628,RGB
001508,001508.jpg,818,628,RGB
001509,001509.jpg,818,628,RGB
001510,001510.jpg,718,500,RGB
001511,001511.jpg,718,500,RGB
001512,001512.jpg,718,500,RGB
001513,001513.jpg,718,500,RGB
001514,001514.jpg,718,500,RGB
001515,001515.jpg,718,500,RGB
001516,001516.jpg,718,500,RGB
001517,001517.jpg,718,500,RGB
001518,001518.jpg,718,500,RGB
001519,001519.jpg,718,500,RGB
001520,001520.jpg,718,500,RGB
001521,001521.jpg,718,500,RGB
001522,001522.jpg,818,628,RGB
001523,001523.jpg,818,628,RGB
001524,001524.jpg,718,500,RGB
001525,001525.jpg,718,500,RGB
001526,001526.jpg,818,628,RGB
001527,001527.jpg,818,628,RGB
001528,001528.jpg,818,628,RGB
001529,001529.jpg,718,500,RGB
001530,001530.jpg,818,628,RGB
001531,001531.jpg,818,628,RGB
001532,001532.jpg,718,500,RGB
001533,001533.jpg,718,500,RGB
001534,001534.jpg,718,500,RGB
001535,001535.jpg,718,500,RGB
001536,001536.jpg,718,500,RGB
001537,001537.jpg,718,500,RGB
001538,001538.jpg,718,500,RGB
001539,001539.jpg,718,500,RGB
001540,001540.jpg,718,500,RGB
001541,001541.jpg,718,500,RGB
001542,001542.jpg,718,500,RGB
001543,001543.jpg,718,500,RGB
001544,001544.jpg,718,500,RGB
001545,001545.jpg,718,500,RGB
001546,001546.jpg,718,500,RGB
001547,001547.jpg,718,500,RGB
001548,001548.jpg,718,500,RGB
001549,001549.jpg,818,628,RGB
001550,001550.jpg,818,628,RGB
001551,001551.jpg,818,628,RGB
001552,001552.jpg,718,500,RGB
001553,001553.jpg,718,500,RGB
001554,001554.jpg,439,368,RGB
001555,001555.jpg,439,368,RGB
001556,001556.jpg,498,429,RGB
001557,001557.jpg,718,500,RGB
001558,001558.jpg,718,500,RGB
001559,001559.jpg,718,500,RGB
001560,001560.jpg,718,500,RGB
001561,001561.jpg,718,500,RGB
001562,001562.jpg,718,500,RGB
001563,001563.jpg,718,500,RGB
001564,001564.jpg,718,500,RGB
001565,001565.jpg,718,500,RGB
001566,001566.jpg,718,500,RGB
001567,001567.jpg,718,500,RGB
001568,001568.jpg,718,500,RGB
001569,001569.jpg,718,500,RGB
001570,001570.jpg,718,500,RGB
001571,001571.jpg,718,500,RGB
001572,001572.jpg,718,500,RGB
001573,001573.jpg,818,628,RGB
001574,001574.jpg,718,500,RGB
001575,001575.jpg,718,500,RGB
001576,001576.jpg,718,500,RGB
001577,001577.jpg,718,500,RGB
001578,001578.jpg,718,500,RGB
001579,001579.jpg,718,500,RGB
001580,001580.jpg,718,500,RGB
001581,001581.jpg,718,500,RGB
001582,001582.jpg,439,368,RGB
001583,001583.jpg,718,500,RGB
001584,001584.jpg,718,500,RGB
001585,001585.jpg,718,500,RGB
001586,001586.jpg,818,628,RGB
001587,001587.jpg,818,628,RGB
001588,001588.jpg,818,628,RGB
001589,001589.jpg,718,500,RGB
001590,001590.jpg,718,500,RGB
001591,001591.jpg,718,500,RGB
001592,001592.jpg,718,500,RGB
001593,001593.jpg,718,500,RGB
001594,001594.jpg,718,500,RGB
001595,001595.jpg,498,429,RGB
001596,001596.jpg,498,429,RGB
001597,001597.jpg,718,500,RGB
001598,001598.jpg,718,500,RGB
001599,001599.jpg,718,500,RGB
001600,001600.jpg,718,500,RGB
001601,001601.jpg,718,500,RGB
001602,001602.jpg,718,500,RGB
001603,001603.jpg,718,500,RGB
001604,001604.jpg,718,500,RGB
001605,001605.jpg,718,500,RGB
001606,001606.jpg,718,500,RGB
001607,001607.jpg,718,500,RGB
001608,001608.jpg,718,500,RGB
001609,001609.jpg,466,349,RGB
001610,001610.jpg,466,349,RGB
001611,001611.jpg,718,500,RGB
001612,001612.jpg,718,500,RGB
001613,001613.jpg,718,500,RGB
001614,001614.jpg,818,628,RGB
001615,001615.jpg,718,500,RGB
001616,001616.jpg,818,628,RGB
001617,001617.jpg,818,628,RGB
001618,001618.jpg,818,628,RGB
001619,001619.jpg,818,628,RGB
001620,001620.jpg,718,500,RGB
001621,001621.jpg,818,628,RGB
001622,001622.jpg,818,628,RGB
001623,001623.jpg,718,500,RGB
001624,001624.jpg,718,500,RGB
001625,001625.jpg,718,500,RGB
001626,001626.jpg,718,500,RGB
001627,001627.jpg,718,500,RGB
001628,001628.jpg,718,500,RGB
001629,001629.jpg,718,500,RGB
001630,001630.jpg,818,628,RGB
001631,001631.jpg,818,628,RGB
001632,001632.jpg,718,500,RGB
001633,001633.jpg,718,500,RGB
001634,001634.jpg,718,500,RGB
001635,001635.jpg,718,500,RGB
001636,001636.jpg,718,500,RGB
001637,001637.jpg,718,500,RGB
001638,001638.jpg,718,500,RGB
001639,001639.jpg,718,500,RGB
001640,001640.jpg,498,429,RGB
001641,001641.jpg,498,429,RGB
001642,001642.jpg,718,500,RGB
001643,001643.jpg,718,500,RGB
001644,001644.jpg,718,500,RGB
001645,001645.jpg,498,429,RGB
001646,001646.jpg,498,429,RGB
001647,001647.jpg,718,500,RGB
001648,001648.jpg,718,500,RGB
001649,001649.jpg,718,500,RGB
001650,001650.jpg,718,500,RGB
001651,001651.jpg,718,500,RGB
001652,001652.jpg,718,500,RGB
001653,001653.jpg,718,500,RGB
001654,001654.jpg,718,500,RGB
001655,001655.jpg,718,500,RGB
001656,001656.jpg,718,500,RGB
001657,001657.jpg,718,500,RGB
001658,001658.jpg,718,500,RGB
001659,001659.jpg,718,500,RGB
001660,001660.jpg,818,628,RGB
001661,001661.jpg,818,628,RGB
001662,001662.jpg,718,500,RGB
001663,001663.jpg,718,500,RGB
001664,001664.jpg,818,628,RGB
001665,001665.jpg,818,628,RGB
001666,001666.jpg,718,500,RGB
001667,001667.jpg,818,628,RGB
001668,001668.jpg,718,500,RGB
001669,001669.jpg,718,500,RGB
001670,001670.jpg,718,500,RGB
001671,001671.jpg,718,500,RGB
001672,001672.jpg,718,500,RGB
001673,001673.jpg,718,500,RGB
001674,001674.jpg,718,500,RGB
001675,001675.jpg,818,628,RGB
001676,001676.jpg,718,500,RGB
001677,001677.jpg,818,628,RGB
001678,001678.jpg,718,500,RGB
001679,001679.jpg,718,500,RGB
001680,001680.jpg,718,500,RGB
001681,001681.jpg,498,429,RGB
001682,001682.jpg,498,429,RGB
001683,001683.jpg,498,429,RGB
001684,001684.jpg,498,429,RGB
001685,001685.jpg,439,368,RGB
001686,001686.jpg,919,646,RGB
001687,001687.jpg,818,628,RGB
001688,001688.jpg,718,500,RGB
001689,001689.jpg,718,500,RGB
001690,001690.jpg,718,500,RGB
001691,001691.jpg,718,500,RGB
001692,001692.jpg,718,500,RGB
001693,001693.jpg,718,500,RGB
001694,001694.jpg,718,500,RGB
001695,001695.jpg,718,500,RGB
001696,001696.jpg,718,500,RGB
001697,001697.jpg,718,500,RGB
001698,001698.jpg,718,500,RGB
001699,001699.jpg,718,500,RGB
001700,001700.jpg,718,500,RGB
001701,001701.jpg,718,500,RGB
001702,001702.jpg,718,500,RGB
001703,001703.jpg,718,500,RGB
001704,001704.jpg,718,500,RGB
001705,001705.jpg,718,500,RGB
001706,001706.jpg,718,500,RGB
001707,001707.jpg,718,500,RGB
001708,001708.jpg,718,500,RGB
001709,001709.jpg,818,628,RGB
001710,001710.jpg,718,500,RGB
001711,001711.jpg,718,500,RGB
001712,001712.jpg,818,628,RGB
001713,001713.jpg,718,500,RGB
001714,001714.jpg,718,500,RGB
001715,001715.jpg,718,500,RGB
001716,001716.jpg,718,500,RGB
001717,001717.jpg,718,500,RGB
001718,001718.jpg,718,500,RGB
001719,001719.jpg,718,500,RGB
001720,001720.jpg,439,368,RGB
001721,001721.jpg,718,500,RGB
001722,001722.jpg,718,500,RGB
001723,001723.jpg,718,500,RGB
001724,001724.jpg,718,500,RGB
001725,001725.jpg,718,500,RGB
001726,001726.jpg,718,500,RGB
001727,001727.jpg,818,628,RGB
001728,001728.jpg,818,628,RGB
001729,001729.jpg,466,349,RGB
001730,001730.jpg,718,500,RGB
001731,001731.jpg,718,500,RGB
001732,001732.jpg,718,500,RGB
001733,001733.jpg,718,500,RGB
001734,001734.jpg,718,500,RGB
001735,001735.jpg,718,500,RGB
001736,001736.jpg,718,500,RGB
001737,001737.jpg,718,500,RGB
001738,001738.jpg,718,500,RGB
001739,001739.jpg,718,500,RGB
001740,001740.jpg,498,429,RGB
001741,001741.jpg,439,368,RGB
001742,001742.jpg,718,500,RGB
001743,001743.jpg,718,500,RGB
001744,001744.jpg,818,628,RGB
001745,001745.jpg,718,500,RGB
001746,001746.jpg,818,628,RGB
001747,001747.jpg,818,628,RGB
001748,001748.jpg,718,500,RGB
001749,001749.jpg,718,500,RGB
001750,001750.jpg,718,500,RGB
001751,001751.jpg,718,500,RGB
001752,001752.jpg,439,368,RGB
001753,001753.jpg,818,628,RGB
001754,001754.jpg,818,628,RGB
001755,001755.jpg,718,500,RGB
001756,001756.jpg,718,500,RGB
001757,001757.jpg,718,500,RGB
001758,001758.jpg,718,500,RGB
001759,001759.jpg,718,500,RGB
001760,001760.jpg,718,500,RGB
001761,001761.jpg,718,500,RGB
001762,001762.jpg,718,500,RGB
001763,001763.jpg,718,500,RGB
001764,001764.jpg,718,500,RGB
001765,001765.jpg,718,500,RGB
001766,001766.jpg,718,500,RGB
001767,001767.jpg,718,500,RGB
001768,001768.jpg,718,500,RGB
001769,001769.jpg,718,500,RGB
001770,001770.jpg,818,628,RGB
001771,001771.jpg,718,500,RGB
001772,001772.jpg,718,500,RGB
001773,001773.jpg,718,500,RGB
001774,001774.jpg,439,368,RGB
001775,001775.jpg,818,628,RGB
001776,001776.jpg,818,628,RGB
001777,001777.jpg,718,500,RGB
001778,001778.jpg,718,500,RGB
001779,001779.jpg,818,628,RGB
001780,001780.jpg,818,628,RGB
001781,001781.jpg,439,368,RGB
001782,001782.jpg,718,500,RGB
001783,001783.jpg,718,500,RGB
001784,001784.jpg,718,500,RGB
001785,001785.jpg,718,500,RGB
001786,001786.jpg,718,500,RGB
001787,001787.jpg,718,500,RGB
001788,001788.jpg,718,500,RGB
001789,001789.jpg,718,500,RGB
001790,001790.jpg,718,500,RGB
001791,001791.jpg,718,500,RGB
001792,001792.jpg,439,368,RGB
001793,001793.jpg,718,500,RGB
001794,001794.jpg,718,500,RGB
001795,001795.jpg,718,500,RGB
001796,001796.jpg,718,500,RGB
001797,001797.jpg,718,500,RGB
001798,001798.jpg,718,500,RGB
001799,001799.jpg,718,500,RGB
001800,001800.jpg,718,500,RGB
001801,001801.jpg,818,628,RGB
001802,001802.jpg,498,429,RGB
001803,001803.jpg,718,500,RGB
001804,001804.jpg,718,500,RGB
001805,001805.jpg,718,500,RGB
001806,001806.jpg,718,500,RGB
001807,001807.jpg,718,500,RGB
001808,001808.jpg,439,368,RGB
001809,001809.jpg,498,429,RGB
001810,001810.jpg,718,500,RGB
001811,001811.jpg,818,628,RGB
001812,001812.jpg,718,500,RGB
001813,001813.jpg,718,500,RGB
001814,001814.jpg,718,500,RGB
001815,001815.jpg,718,500,RGB
001816,001816.jpg,439,368,RGB
001817,001817.jpg,718,500,RGB
001818,001818.jpg,718,500,RGB
001819,001819.jpg,718,500,RGB
001820,001820.jpg,718,500,RGB
001821,001821.jpg,718,500,RGB
001822,001822.jpg,718,500,RGB
001823,001823.jpg,718,500,RGB
001824,001824.jpg,718,500,RGB
001825,001825.jpg,718,500,RGB
001826,001826.jpg,718,500,RGB
001827,001827.jpg,718,500,RGB
001828,001828.jpg,718,500,RGB
001829,001829.jpg,718,500,RGB
001830,001830.jpg,718,500,RGB
001831,001831.jpg,718,500,RGB
001832,001832.jpg,718,500,RGB
001833,001833.jpg,498,429,RGB
001834,001834.jpg,498,429,RGB
001835,001835.jpg,718,500,RGB
001836,001836.jpg,718,500,RGB
001837,001837.jpg,718,500,RGB
001838,001838.jpg,718,500,RGB
001839,001839.jpg,718,500,RGB
001840,001840.jpg,718,500,RGB
001841,001841.jpg,718,500,RGB
001842,001842.jpg,718,500,RGB
001843,001843.jpg,718,500,RGB
001844,001844.jpg,718,500,RGB
001845,001845.jpg,718,500,RGB
001846,001846.jpg,718,500,RGB
001847,001847.jpg,718,500,RGB
001848,001848.jpg,718,500,RGB
001849,001849.jpg,718,500,RGB
001850,001850.jpg,718,500,RGB
001851,001851.jpg,718,500,RGB
001852,001852.jpg,718,500,RGB
001853,001853.jpg,718,500,RGB
001854,001854.jpg,718,500,RGB
001855,001855.jpg,718,500,RGB
001856,001856.jpg,718,500,RGB
001857,001857.jpg,718,500,RGB
001858,001858.jpg,718,500,RGB
001859,001859.jpg,818,628,RGB
001860,001860.jpg,818,628,RGB
001861,001861.jpg,718,500,RGB
001862,001862.jpg,818,628,RGB
001863,001863.jpg,718,500,RGB
001864,001864.jpg,718,500,RGB
001865,001865.jpg,718,500,RGB
001866,001866.jpg,718,500,RGB
001867,001867.jpg,718,500,RGB
001868,001868.jpg,718,500,RGB
001869,001869.jpg,439,368,RGB
001870,001870.jpg,718,500,RGB
001871,001871.jpg,718,500,RGB
001872,001872.jpg,718,500,RGB
001873,001873.jpg,718,500,RGB
001874,001874.jpg,718,500,RGB
001875,001875.jpg,718,500,RGB
001876,001876.jpg,718,500,RGB
001877,001877.jpg,718,500,RGB
001878,001878.jpg,718,500,RGB
001879,001879.jpg,718,500,RGB
001880,001880.jpg,718,500,RGB
001881,001881.jpg,718,500,RGB
001882,001882.jpg,718,500,RGB
001883,001883.jpg,718,500,RGB
001884,001884.jpg,718,500,RGB
001885,001885.jpg,718,500,RGB
001886,001886.jpg,718,500,RGB
001887,001887.jpg,818,628,RGB
001888,001888.jpg,818,628,RGB
001889,001889.jpg,718,500,RGB
001890,001890.jpg,466,349,RGB
001891,001891.jpg,718,500,RGB
001892,001892.jpg,818,628,RGB
001893,001893.jpg,718,500,RGB
001894,001894.jpg,718,500,RGB
001895,001895.jpg,718,500,RGB
001896,001896.jpg,718,500,RGB
001897,001897.jpg,718,500,RGB
001898,001898.jpg,718,500,RGB
001899,001899.jpg,718,500,RGB
001900,001900.jpg,439,368,RGB
001901,001901.jpg,439,368,RGB
001902,001902.jpg,718,500,RGB
001903,001903.jpg,818,628,RGB
001904,001904.jpg,718,500,RGB
001905,001905.jpg,718,500,RGB
001906,001906.jpg,718,500,RGB
001907,001907.jpg,718,500,RGB
001908,001908.jpg,718,500,RGB
001909,001909.jpg,718,500,RGB
001910,001910.jpg,818,628,RGB
001911,001911.jpg,718,500,RGB
001912,001912.jpg,818,628,RGB
001913,001913.jpg,718,500,RGB
001914,001914.jpg,718,500,RGB
001915,001915.jpg,718,500,RGB
001916,001916.jpg,718,500,RGB
001917,001917.jpg,718,500,RGB
001918,001918.jpg,718,500,RGB
001919,001919.jpg,718,500,RGB
001920,001920.jpg,718,500,RGB
001921,001921.jpg,818,628,RGB
001922,001922.jpg,718,500,RGB
001923,001923.jpg,718,500,RGB
001924,001924.jpg,718,500,RGB
001925,001925.jpg,718,500,RGB
001926,001926.jpg,718,500,RGB
001927,001927.jpg,718,500,RGB
001928,001928.jpg,718,500,RGB
001929,001929.jpg,718,500,RGB
001930,001930.jpg,718,500,RGB
001931,001931.jpg,718,500,RGB
001932,001932.jpg,718,500,RGB
001933,001933.jpg,718,500,RGB
001934,001934.jpg,818,628,RGB
001935,001935.jpg,718,500,RGB
001936,001936.jpg,718,500,RGB
001937,001937.jpg,718,500,RGB
001938,001938.jpg,718,500,RGB
001939,001939.jpg,718,500,RGB
001940,001940.jpg,718,500,RGB
001941,001941.jpg,718,500,RGB
001942,001942.jpg,718,500,RGB
001943,001943.jpg,718,500,RGB
001944,001944.jpg,718,500,RGB
001945,001945.jpg,718,500,RGB
001946,001946.jpg,718,500,RGB
001947,001947.jpg,439,368,RGB
001948,001948.jpg,718,500,RGB
001949,001949.jpg,718,500,RGB
001950,001950.jpg,718,500,RGB
001951,001951.jpg,718,500,RGB
001952,001952.jpg,718,500,RGB
001953,001953.jpg,718,500,RGB
001954,001954.jpg,439,368,RGB
001955,001955.jpg,818,628,RGB
001956,001956.jpg,818,628,RGB
001957,001957.jpg,818,628,RGB
001958,001958.jpg,718,500,RGB
001959,001959.jpg,818,628,RGB
001960,001960.jpg,818,628,RGB
001961,001961.jpg,439,368,RGB
001962,001962.jpg,718,500,RGB
001963,001963.jpg,718,500,RGB
001964,001964.jpg,718,500,RGB
001965,001965.jpg,718,500,RGB
001966,001966.jpg,718,500,RGB
001967,001967.jpg,718,500,RGB
001968,001968.jpg,718,500,RGB
001969,001969.jpg,718,500,RGB
001970,001970.jpg,718,500,RGB
001971,001971.jpg,718,500,RGB
001972,001972.jpg,818,628,RGB
001973,001973.jpg,818,628,RGB
001974,001974.jpg,718,500,RGB
001975,001975.jpg,718,500,RGB
001976,001976.jpg,718,500,RGB
001977,001977.jpg,718,500,RGB
001978,001978.jpg,718,500,RGB
001979,001979.jpg,718,500,RGB
001980,001980.jpg,718,500,RGB
001981,001981.jpg,718,500,RGB
001982,001982.jpg,718,500,RGB
001983,001983.jpg,718,500,RGB
001984,001984.jpg,718,500,RGB
001985,001985.jpg,718,500,RGB
001986,001986.jpg,718,500,RGB
001987,001987.jpg,718,500,RGB
001988,001988.jpg,718,500,RGB
001989,001989.jpg,718,500,RGB
001990,001990.jpg,718,500,RGB
001991,001991.jpg,718,500,RGB
001992,001992.jpg,718,500,RGB
001993,001993.jpg,718,500,RGB
001994,001994.jpg,718,500,RGB
001995,001995.jpg,718,500,RGB
001996,001996.jpg,718,500,RGB
001997,001997.jpg,718,500,RGB
001998,001998.jpg,718,500,RGB
001999,001999.jpg,718,500,RGB
002000,002000.jpg,718,500,RGB
002001,002001.jpg,718,500,RGB
002002,002002.jpg,718,500,RGB
002003,002003.jpg,718,500,RGB
002004,002004.jpg,718,500,RGB
002005,002005.jpg,718,500,RGB
002006,002006.jpg,718,500,RGB
002007,002007.jpg,718,500,RGB
002008,002008.jpg,718,500,RGB
002009,002009.jpg,718,500,RGB
002010,002010.jpg,718,500,RGB
002011,002011.jpg,818,628,RGB
002012,002012.jpg,818,628,RGB
002013,002013.jpg,818,628,RGB
002014,002014.jpg,439,368,RGB
002015,002015.jpg,439,368,RGB
002016,002016.jpg,439,368,RGB
002017,002017.jpg,818,628,RGB
002018,002018.jpg,818,628,RGB
002019,002019.jpg,718,500,RGB
002020,002020.jpg,718,500,RGB
002021,002021.jpg,718,500,RGB
002022,002022.jpg,718,500,RGB
002023,002023.jpg,718,500,RGB
002024,002024.jpg,718,500,RGB
002025,002025.jpg,718,500,RGB
002026,002026.jpg,718,500,RGB
002027,002027.jpg,718,500,RGB
002028,002028.jpg,718,500,RGB
002029,002029.jpg,718,500,RGB
002030,002030.jpg,718,500,RGB
002031,002031.jpg,718,500,RGB
002032,002032.jpg,718,500,RGB
002033,002033.jpg,818,628,RGB
002034,002034.jpg,818,628,RGB
002035,002035.jpg,818,628,RGB
002036,002036.jpg,718,500,RGB
002037,002037.jpg,818,628,RGB
002038,002038.jpg,718,500,RGB
002039,002039.jpg,718,500,RGB
002040,002040.jpg,718,500,RGB
002041,002041.jpg,718,500,RGB
002042,002042.jpg,818,628,RGB
002043,002043.jpg,818,628,RGB
002044,002044.jpg,718,500,RGB
002045,002045.jpg,718,500,RGB
002046,002046.jpg,718,500,RGB
002047,002047.jpg,718,500,RGB
002048,002048.jpg,718,500,RGB
002049,002049.jpg,718,500,RGB
002050,002050.jpg,718,500,RGB
002051,002051.jpg,718,500,RGB
002052,002052.jpg,718,500,RGB
002053,002053.jpg,718,500,RGB
002054,002054.jpg,718,500,RGB
002055,002055.jpg,718,500,RGB
002056,002056.jpg,718,500,RGB
002057,002057.jpg,718,500,RGB
002058,002058.jpg,718,500,RGB
002059,002059.jpg,718,500,RGB
002060,002060.jpg,718,500,RGB
002061,002061.jpg,718,500,RGB
002062,002062.jpg,718,500,RGB
002063,002063.jpg,718,500,RGB
002064,002064.jpg,718,500,RGB
002065,002065.jpg,718,500,RGB
002066,002066.jpg,718,500,RGB
002067,002067.jpg,718,500,RGB
002068,002068.jpg,718,500,RGB
002069,002069.jpg,718,500,RGB
002070,002070.jpg,718,500,RGB
002071,002071.jpg,718,500,RGB
002072,002072.jpg,718,500,RGB
002073,002073.jpg,718,500,RGB
002074,002074.jpg,718,500,RGB
002075,002075.jpg,718,500,RGB
002076,002076.jpg,718,500,RGB
002077,002077.jpg,718,500,RGB
002078,002078.jpg,718,500,RGB
002079,002079.jpg,718,500,RGB
002080,002080.jpg,718,500,RGB
002081,002081.jpg,718,500,RGB
002082,002082.jpg,718,500,RGB
002083,002083.jpg,718,500,RGB
002084,002084.jpg,818,628,RGB
002085,002085.jpg,818,628,RGB
002086,002086.jpg,818,628,RGB
002087,002087.jpg,718,500,RGB
002088,002088.jpg,718,500,RGB
002089,002089.jpg,718,500,RGB
002090,002090.jpg,818,628,RGB
002091,002091.jpg,818,628,RGB
002092,002092.jpg,818,628,RGB
002093,002093.jpg,818,628,RGB
002094,002094.jpg,718,500,RGB
002095,002095.jpg,718,500,RGB
002096,002096.jpg,718,500,RGB
002097,002097.jpg,718,500,RGB
002098,002098.jpg,818,628,RGB
002099,002099.jpg,818,628,RGB
002100,002100.jpg,718,500,RGB
002101,002101.jpg,677,432,RGB
002102,002102.jpg,718,500,RGB
002103,002103.jpg,718,500,RGB
002104,002104.jpg,718,500,RGB
002105,002105.jpg,718,500,RGB
002106,002106.jpg,718,500,RGB
002107,002107.jpg,718,500,RGB
002108,002108.jpg,718,500,RGB
002109,002109.jpg,718,500,RGB
002110,002110.jpg,718,500,RGB
002111,002111.jpg,718,500,RGB
002112,002112.jpg,718,500,RGB
002113,002113.jpg,718,500,RGB
002114,002114.jpg,718,500,RGB
002115,002115.jpg,718,500,RGB
002116,002116.jpg,439,368,RGB
002117,002117.jpg,718,500,RGB
002118,002118.jpg,718,500,RGB
002119,002119.jpg,718,500,RGB
002120,002120.jpg,498,429,RGB
002121,002121.jpg,498,429,RGB
002122,002122.jpg,818,628,RGB
002123,002123.jpg,818,628,RGB
002124,002124.jpg,818,628,RGB
002125,002125.jpg,498,429,RGB
002126,002126.jpg,818,628,RGB
002127,002127.jpg,498,429,RGB
002128,002128.jpg,718,500,RGB
002129,002129.jpg,818,628,RGB
002130,002130.jpg,718,500,RGB
002131,002131.jpg,718,500,RGB
002132,002132.jpg,718,500,RGB
002133,002133.jpg,718,500,RGB
002134,002134.jpg,718,500,RGB
002135,002135.jpg,818,628,RGB
002136,002136.jpg,718,500,RGB
002137,002137.jpg,718,500,RGB
002138,002138.jpg,818,628,RGB
002139,002139.jpg,818,628,RGB
002140,002140.jpg,718,500,RGB
002141,002141.jpg,718,500,RGB
002142,002142.jpg,818,628,RGB
002143,002143.jpg,818,628,RGB
002144,002144.jpg,718,500,RGB
002145,002145.jpg,718,500,RGB
002146,002146.jpg,718,500,RGB
002147,002147.jpg,718,500,RGB
002148,002148.jpg,718,500,RGB
002149,002149.jpg,718,500,RGB
002150,002150.jpg,718,500,RGB
002151,002151.jpg,718,500,RGB
002152,002152.jpg,718,500,RGB
002153,002153.jpg,718,500,RGB
002154,002154.jpg,718,500,RGB
002155,002155.jpg,718,500,RGB
002156,002156.jpg,718,500,RGB
002157,002157.jpg,718,500,RGB
002158,002158.jpg,718,500,RGB
002159,002159.jpg,718,500,RGB
002160,002160.jpg,718,500,RGB
002161,002161.jpg,718,500,RGB
002162,002162.jpg,718,500,RGB
002163,002163.jpg,439,368,RGB
002164,002164.jpg,439,368,RGB
002165,002165.jpg,718,500,RGB
002166,002166.jpg,718,500,RGB
002167,002167.jpg,718,500,RGB
002168,002168.jpg,718,500,RGB
002169,002169.jpg,718,500,RGB
002170,002170.jpg,718,500,RGB
002171,002171.jpg,718,500,RGB
002172,002172.jpg,718,500,RGB
002173,002173.jpg,718,500,RGB
002174,002174.jpg,718,500,RGB
002175,002175.jpg,718,500,RGB
002176,002176.jpg,718,500,RGB
002177,002177.jpg,718,500,RGB
002178,002178.jpg,818,628,RGB
002179,002179.jpg,818,628,RGB
002180,002180.jpg,718,500,RGB
002181,002181.jpg,818,628,RGB
002182,002182.jpg,718,500,RGB
002183,002183.jpg,818,628,RGB
002184,002184.jpg,818,628,RGB
002185,002185.jpg,718,500,RGB
002186,002186.jpg,718,500,RGB
002187,002187.jpg,718,500,RGB
002188,002188.jpg,718,500,RGB
002189,002189.jpg,718,500,RGB
002190,002190.jpg,718,500,RGB
002191,002191.jpg,718,500,RGB
002192,002192.jpg,718,500,RGB
002193,002193.jpg,718,500,RGB
002194,002194.jpg,718,500,RGB
002195,002195.jpg,718,500,RGB
002196,002196.jpg,718,500,RGB
002197,002197.jpg,718,500,RGB
002198,002198.jpg,718,500,RGB
002199,002199.jpg,718,500,RGB
002200,002200.jpg,718,500,RGB
002201,002201.jpg,718,500,RGB
002202,002202.jpg,718,500,RGB
002203,002203.jpg,718,500,RGB
002204,002204.jpg,718,500,RGB
002205,002205.jpg,718,500,RGB
002206,002206.jpg,718,500,RGB
002207,002207.jpg,718,500,RGB
002208,002208.jpg,718,500,RGB
002209,002209.jpg,718,500,RGB
002210,002210.jpg,718,500,RGB
002211,002211.jpg,718,500,RGB
002212,002212.jpg,718,500,RGB
002213,002213.jpg,718,500,RGB
002214,002214.jpg,718,500,RGB
002215,002215.jpg,718,500,RGB
002216,002216.jpg,439,368,RGB
002217,002217.jpg,439,368,RGB
002218,002218.jpg,439,368,RGB
002219,002219.jpg,718,500,RGB
002220,002220.jpg,718,500,RGB
002221,002221.jpg,718,500,RGB
002222,002222.jpg,718,500,RGB
002223,002223.jpg,718,500,RGB
002224,002224.jpg,718,500,RGB
002225,002225.jpg,718,500,RGB
002226,002226.jpg,718,500,RGB
002227,002227.jpg,718,500,RGB
002228,002228.jpg,718,500,RGB
002229,002229.jpg,718,500,RGB
002230,002230.jpg,718,500,RGB
002231,002231.jpg,818,628,RGB
002232,002232.jpg,818,628,RGB
002233,002233.jpg,718,500,RGB
002234,002234.jpg,718,500,RGB
002235,002235.jpg,718,500,RGB
002236,002236.jpg,718,500,RGB
002237,002237.jpg,718,500,RGB
002238,002238.jpg,718,500,RGB
002239,002239.jpg,718,500,RGB
002240,002240.jpg,718,500,RGB
002241,002241.jpg,718,500,RGB
002242,002242.jpg,718,500,RGB
002243,002243.jpg,818,628,RGB
002244,002244.jpg,718,500,RGB
002245,002245.jpg,718,500,RGB
002246,002246.jpg,718,500,RGB
002247,002247.jpg,718,500,RGB
002248,002248.jpg,718,500,RGB
002249,002249.jpg,718,500,RGB
002250,002250.jpg,718,500,RGB
002251,002251.jpg,718,500,RGB
002252,002252.jpg,718,500,RGB
002253,002253.jpg,718,500,RGB
002254,002254.jpg,439,368,RGB
002255,002255.jpg,718,500,RGB
002256,002256.jpg,718,500,RGB
002257,002257.jpg,718,500,RGB
002258,002258.jpg,718,500,RGB
002259,002259.jpg,718,500,RGB
002260,002260.jpg,718,500,RGB
002261,002261.jpg,718,500,RGB
002262,002262.jpg,718,500,RGB
002263,002263.jpg,718,500,RGB
002264,002264.jpg,718,500,RGB
002265,002265.jpg,718,500,RGB
002266,002266.jpg,498,429,RGB
002267,002267.jpg,498,429,RGB
002268,002268.jpg,498,429,RGB
002269,002269.jpg,439,368,RGB
002270,002270.jpg,439,368,RGB
002271,002271.jpg,718,500,RGB
002272,002272.jpg,718,500,RGB
002273,002273.jpg,718,500,RGB
002274,002274.jpg,718,500,RGB
002275,002275.jpg,718,500,RGB
002276,002276.jpg,718,500,RGB
002277,002277.jpg,718,500,RGB
002278,002278.jpg,718,500,RGB
002279,002279.jpg,818,628,RGB
002280,002280.jpg,718,500,RGB
002281,002281.jpg,718,500,RGB
002282,002282.jpg,718,500,RGB
002283,002283.jpg,718,500,RGB
002284,002284.jpg,466,349,RGB
002285,002285.jpg,718,500,RGB
002286,002286.jpg,718,500,RGB
002287,002287.jpg,718,500,RGB
002288,002288.jpg,718,500,RGB
002289,002289.jpg,718,500,RGB
002290,002290.jpg,718,500,RGB
002291,002291.jpg,718,500,RGB
002292,002292.jpg,718,500,RGB
002293,002293.jpg,718,500,RGB
002294,002294.jpg,718,500,RGB
002295,002295.jpg,718,500,RGB
002296,002296.jpg,718,500,RGB
002297,002297.jpg,718,500,RGB
002298,002298.jpg,718,500,RGB
002299,002299.jpg,818,628,RGB
002300,002300.jpg,818,628,RGB
002301,002301.jpg,818,628,RGB
002302,002302.jpg,718,500,RGB
002303,002303.jpg,718,500,RGB
002304,002304.jpg,718,500,RGB
002305,002305.jpg,818,628,RGB
002306,002306.jpg,718,500,RGB
002307,002307.jpg,718,500,RGB
002308,002308.jpg,718,500,RGB
002309,002309.jpg,718,500,RGB
002310,002310.jpg,718,500,RGB
002311,002311.jpg,818,628,RGB
002312,002312.jpg,818,628,RGB
002313,002313.jpg,818,628,RGB
002314,002314.jpg,718,500,RGB
002315,002315.jpg,718,500,RGB
002316,002316.jpg,718,500,RGB
002317,002317.jpg,718,500,RGB
002318,002318.jpg,718,500,RGB
002319,002319.jpg,718,500,RGB
002320,002320.jpg,718,500,RGB
002321,002321.jpg,718,500,RGB
002322,002322.jpg,718,500,RGB
002323,002323.jpg,718,500,RGB
002324,002324.jpg,718,500,RGB
002325,002325.jpg,718,500,RGB
002326,002326.jpg,718,500,RGB
002327,002327.jpg,718,500,RGB
002328,002328.jpg,718,500,RGB
002329,002329.jpg,718,500,RGB
002330,002330.jpg,718,500,RGB
002331,002331.jpg,718,500,RGB
002332,002332.jpg,718,500,RGB
002333,002333.jpg,718,500,RGB
002334,002334.jpg,718,500,RGB
002335,002335.jpg,718,500,RGB
002336,002336.jpg,718,500,RGB
002337,002337.jpg,818,628,RGB
002338,002338.jpg,439,368,RGB
002339,002339.jpg,718,500,RGB
002340,002340.jpg,718,500,RGB
002341,002341.jpg,718,500,RGB
002342,002342.jpg,718,500,RGB
002343,002343.jpg,718,500,RGB
002344,002344.jpg,718,500,RGB
002345,002345.jpg,718,500,RGB
002346,002346.jpg,718,500,RGB
002347,002347.jpg,718,500,RGB
002348,002348.jpg,718,500,RGB
002349,002349.jpg,818,628,RGB
002350,002350.jpg,439,368,RGB
002351,002351.jpg,439,368,RGB
002352,002352.jpg,718,500,RGB
002353,002353.jpg,718,500,RGB
002354,002354.jpg,718,500,RGB
002355,002355.jpg,718,500,RGB
002356,002356.jpg,718,500,RGB
002357,002357.jpg,718,500,RGB
002358,002358.jpg,718,500,RGB
002359,002359.jpg,718,500,RGB
002360,002360.jpg,718,500,RGB
002361,002361.jpg,718,500,RGB
002362,002362.jpg,818,628,RGB
002363,002363.jpg,718,500,RGB
002364,002364.jpg,718,500,RGB
002365,002365.jpg,718,500,RGB
002366,002366.jpg,718,500,RGB
002367,002367.jpg,718,500,RGB
002368,002368.jpg,718,500,RGB
002369,002369.jpg,718,500,RGB
002370,002370.jpg,718,500,RGB
002371,002371.jpg,718,500,RGB
002372,002372.jpg,718,500,RGB
002373,002373.jpg,718,500,RGB
002374,002374.jpg,718,500,RGB
002375,002375.jpg,718,500,RGB
002376,002376.jpg,718,500,RGB
002377,002377.jpg,718,500,RGB
002378,002378.jpg,718,500,RGB
002379,002379.jpg,718,500,RGB
002380,002380.jpg,718,500,RGB
002381,002381.jpg,818,628,RGB
002382,002382.jpg,818,628,RGB
002383,002383.jpg,718,500,RGB
002384,002384.jpg,718,500,RGB
002385,002385.jpg,818,628,RGB
002386,002386.jpg,498,429,RGB
002387,002387.jpg,718,500,RGB
002388,002388.jpg,718,500,RGB
002389,002389.jpg,718,500,RGB
002390,002390.jpg,718,500,RGB
002391,002391.jpg,718,500,RGB
002392,002392.jpg,818,628,RGB
002393,002393.jpg,718,500,RGB
002394,002394.jpg,498,429,RGB
002395,002395.jpg,818,628,RGB
002396,002396.jpg,718,500,RGB
002397,002397.jpg,718,500,RGB
002398,002398.jpg,718,500,RGB
002399,002399.jpg,439,368,RGB
002400,002400.jpg,718,500,RGB
002401,002401.jpg,718,500,RGB
002402,002402.jpg,718,500,RGB
002403,002403.jpg,718,500,RGB
002404,002404.jpg,718,500,RGB
002405,002405.jpg,718,500,RGB
002406,002406.jpg,498,429,RGB
002407,002407.jpg,498,429,RGB
002408,002408.jpg,718,500,RGB
002409,002409.jpg,718,500,RGB
002410,002410.jpg,718,500,RGB
002411,002411.jpg,718,500,RGB
002412,002412.jpg,718,500,RGB
002413,002413.jpg,718,500,RGB
002414,002414.jpg,718,500,RGB
002415,002415.jpg,718,500,RGB
002416,002416.jpg,718,500,RGB
002417,002417.jpg,718,500,RGB
002418,002418.jpg,718,500,RGB
002419,002419.jpg,718,500,RGB
002420,002420.jpg,718,500,RGB
002421,002421.jpg,718,500,RGB
002422,002422.jpg,718,500,RGB
002423,002423.jpg,718,500,RGB
002424,002424.jpg,718,500,RGB
002425,002425.jpg,718,500,RGB
002426,002426.jpg,718,500,RGB
002427,002427.jpg,718,500,RGB
002428,002428.jpg,718,500,RGB
002429,002429.jpg,718,500,RGB
002430,002430.jpg,718,500,RGB
002431,002431.jpg,718,500,RGB
002432,002432.jpg,718,500,RGB
002433,002433.jpg,718,500,RGB
002434,002434.jpg,718,500,RGB
002435,002435.jpg,718,500,RGB
002436,002436.jpg,718,500,RGB
002437,002437.jpg,718,500,RGB
002438,002438.jpg,718,500,RGB
002439,002439.jpg,718,500,RGB
002440,002440.jpg,718,500,RGB
002441,002441.jpg,718,500,RGB
002442,002442.jpg,718,500,RGB
002443,002443.jpg,718,500,RGB
002444,002444.jpg,718,500,RGB
002445,002445.jpg,439,368,RGB
002446,002446.jpg,718,500,RGB
002447,002447.jpg,718,500,RGB
002448,002448.jpg,718,500,RGB
002449,002449.jpg,718,500,RGB
002450,002450.jpg,718,500,RGB
002451,002451.jpg,718,500,RGB
002452,002452.jpg,718,500,RGB
002453,002453.jpg,718,500,RGB
002454,002454.jpg,718,500,RGB
002455,002455.jpg,718,500,RGB
002456,002456.jpg,718,500,RGB
002457,002457.jpg,718,500,RGB
002458,002458.jpg,718,500,RGB
002459,002459.jpg,718,500,RGB
002460,002460.jpg,718,500,RGB
002461,002461.jpg,718,500,RGB
002462,002462.jpg,718,500,RGB
002463,002463.jpg,718,500,RGB
002464,002464.jpg,718,500,RGB
002465,002465.jpg,718,500,RGB
002466,002466.jpg,718,500,RGB
002467,002467.jpg,718,500,RGB
002468,002468.jpg,718,500,RGB
002469,002469.jpg,718,500,RGB
002470,002470.jpg,718,500,RGB
002471,002471.jpg,718,500,RGB
002472,002472.jpg,718,500,RGB
002473,002473.jpg,818,628,RGB
002474,002474.jpg,718,500,RGB
002475,002475.jpg,718,500,RGB
002476,002476.jpg,718,500,RGB
002477,002477.jpg,718,500,RGB
002478,002478.jpg,718,500,RGB
002479,002479.jpg,718,500,RGB
002480,002480.jpg,718,500,RGB
002481,002481.jpg,718,500,RGB
002482,002482.jpg,718,500,RGB
002483,002483.jpg,718,500,RGB
002484,002484.jpg,718,500,RGB
002485,002485.jpg,718,500,RGB
002486,002486.jpg,439,368,RGB
002487,002487.jpg,818,628,RGB
002488,002488.jpg,718,500,RGB
002489,002489.jpg,718,500,RGB
002490,002490.jpg,718,500,RGB
002491,002491.jpg,718,500,RGB
002492,002492.jpg,718,500,RGB
002493,002493.jpg,718,500,RGB
002494,002494.jpg,718,500,RGB
002495,002495.jpg,718,500,RGB
002496,002496.jpg,718,500,RGB
002497,002497.jpg,718,500,RGB
002498,002498.jpg,718,500,RGB
002499,002499.jpg,718,500,RGB
002500,002500.jpg,718,500,RGB
002501,002501.jpg,718,500,RGB
002502,002502.jpg,718,500,RGB
002503,002503.jpg,718,500,RGB
002504,002504.jpg,718,500,RGB
002505,002505.jpg,718,500,RGB
002506,002506.jpg,718,500,RGB
002507,002507.jpg,718,500,RGB
002508,002508.jpg,718,500,RGB
002509,002509.jpg,718,500,RGB
002510,002510.jpg,818,628,RGB
002511,002511.jpg,818,628,RGB
002512,002512.jpg,439,368,RGB
002513,002513.jpg,718,500,RGB
002514,002514.jpg,718,500,RGB
002515,002515.jpg,718,500,RGB
002516,002516.jpg,718,500,RGB
002517,002517.jpg,718,500,RGB
002518,002518.jpg,818,628,RGB
002519,002519.jpg,818,628,RGB
002520,002520.jpg,818,628,RGB
002521,002521.jpg,718,500,RGB
002522,002522.jpg,718,500,RGB
002523,002523.jpg,718,500,RGB
002524,002524.jpg,498,429,RGB
002525,002525.jpg,818,628,RGB
002526,002526.jpg,718,500,RGB
002527,002527.jpg,718,500,RGB
002528,002528.jpg,718,500,RGB
002529,002529.jpg,718,500,RGB
002530,002530.jpg,818,628,RGB
002531,002531.jpg,439,368,RGB
002532,002532.jpg,718,500,RGB
002533,002533.jpg,718,500,RGB
002534,002534.jpg,718,500,RGB
002535,002535.jpg,718,500,RGB
002536,002536.jpg,718,500,RGB
002537,002537.jpg,718,500,RGB
002538,002538.jpg,718,500,RGB
002539,002539.jpg,718,500,RGB
002540,002540.jpg,718,500,RGB
002541,002541.jpg,718,500,RGB
002542,002542.jpg,718,500,RGB
002543,002543.jpg,718,500,RGB
002544,002544.jpg,718,500,RGB
002545,002545.jpg,718,500,RGB
002546,002546.jpg,718,500,RGB
002547,002547.jpg,718,500,RGB
002548,002548.jpg,718,500,RGB
002549,002549.jpg,818,628,RGB
002550,002550.jpg,718,500,RGB
002551,002551.jpg,718,500,RGB
002552,002552.jpg,718,500,RGB
002553,002553.jpg,818,628,RGB
002554,002554.jpg,818,628,RGB
002555,002555.jpg,718,500,RGB
002556,002556.jpg,718,500,RGB
002557,002557.jpg,718,500,RGB
002558,002558.jpg,718,500,RGB
002559,002559.jpg,718,500,RGB
002560,002560.jpg,718,500,RGB
002561,002561.jpg,718,500,RGB
002562,002562.jpg,718,500,RGB
002563,002563.jpg,718,500,RGB
002564,002564.jpg,718,500,RGB
002565,002565.jpg,677,432,RGB
002566,002566.jpg,677,432,RGB
002567,002567.jpg,677,432,RGB
002568,002568.jpg,677,432,RGB
002569,002569.jpg,718,500,RGB
002570,002570.jpg,718,500,RGB
002571,002571.jpg,718,500,RGB
002572,002572.jpg,718,500,RGB
002573,002573.jpg,818,628,RGB
002574,002574.jpg,718,500,RGB
002575,002575.jpg,718,500,RGB
002576,002576.jpg,718,500,RGB
002577,002577.jpg,718,500,RGB
002578,002578.jpg,718,500,RGB
002579,002579.jpg,718,500,RGB
002580,002580.jpg,718,500,RGB
002581,002581.jpg,718,500,RGB
002582,002582.jpg,718,500,RGB
002583,002583.jpg,718,500,RGB
002584,002584.jpg,718,500,RGB
002585,002585.jpg,718,500,RGB
002586,002586.jpg,718,500,RGB
002587,002587.jpg,718,500,RGB
002588,002588.jpg,498,429,RGB
002589,002589.jpg,718,500,RGB
002590,002590.jpg,718,500,RGB
002591,002591.jpg,718,500,RGB
002592,002592.jpg,718,500,RGB
002593,002593.jpg,718,500,RGB
002594,002594.jpg,718,500,RGB
002595,002595.jpg,718,500,RGB
002596,002596.jpg,718,500,RGB
002597,002597.jpg,718,500,RGB
002598,002598.jpg,718,500,RGB
002599,002599.jpg,718,500,RGB
002600,002600.jpg,718,500,RGB
002601,002601.jpg,718,500,RGB
002602,002602.jpg,718,500,RGB
002603,002603.jpg,718,500,RGB
002604,002604.jpg,718,500,RGB
002605,002605.jpg,718,500,RGB
002606,002606.jpg,718,500,RGB
002607,002607.jpg,718,500,RGB
002608,002608.jpg,718,500,RGB
002609,002609.jpg,718,500,RGB
002610,002610.jpg,718,500,RGB
002611,002611.jpg,818,628,RGB
002612,002612.jpg,718,500,RGB
002613,002613.jpg,718,500,RGB
002614,002614.jpg,718,500,RGB
002615,002615.jpg,718,500,RGB
002616,002616.jpg,718,500,RGB
002617,002617.jpg,718,500,RGB
002618,002618.jpg,718,500,RGB
002619,002619.jpg,718,500,RGB
002620,002620.jpg,718,500,RGB
002621,002621.jpg,718,500,RGB
002622,002622.jpg,718,500,RGB
002623,002623.jpg,718,500,RGB
002624,002624.jpg,718,500,RGB
002625,002625.jpg,718,500,RGB
002626,002626.jpg,718,500,RGB
002627,002627.jpg,718,500,RGB
002628,002628.jpg,718,500,RGB
002629,002629.jpg,718,500,RGB
002630,002630.jpg,718,500,RGB
002631,002631.jpg,718,500,RGB
002632,002632.jpg,718,500,RGB
002633,002633.jpg,818,628,RGB
002634,002634.jpg,818,628,RGB
002635,002635.jpg,818,628,RGB
002636,002636.jpg,718,500,RGB
002637,002637.jpg,718,500,RGB
002638,002638.jpg,718,500,RGB
002639,002639.jpg,718,500,RGB
002640,002640.jpg,718,500,RGB
002641,002641.jpg,718,500,RGB
002642,002642.jpg,718,500,RGB
002643,002643.jpg,718,500,RGB
002644,002644.jpg,718,500,RGB
002645,002645.jpg,718,500,RGB
002646,002646.jpg,718,500,RGB
002647,002647.jpg,718,500,RGB
002648,002648.jpg,818,628,RGB
002649,002649.jpg,818,628,RGB
002650,002650.jpg,818,628,RGB
002651,002651.jpg,718,500,RGB
002652,002652.jpg,718,500,RGB
002653,002653.jpg,718,500,RGB
002654,002654.jpg,718,500,RGB
002655,002655.jpg,718,500,RGB
002656,002656.jpg,718,500,RGB
002657,002657.jpg,718,500,RGB
002658,002658.jpg,718,500,RGB
002659,002659.jpg,718,500,RGB
002660,002660.jpg,718,500,RGB
002661,002661.jpg,718,500,RGB
002662,002662.jpg,718,500,RGB
002663,002663.jpg,718,500,RGB
002664,002664.jpg,718,500,RGB
002665,002665.jpg,718,500,RGB
002666,002666.jpg,718,500,RGB
002667,002667.jpg,718,500,RGB
002668,002668.jpg,718,500,RGB
002669,002669.jpg,718,500,RGB
002670,002670.jpg,718,500,RGB
002671,002671.jpg,818,628,RGB
002672,002672.jpg,498,429,RGB
002673,002673.jpg,439,368,RGB
002674,002674.jpg,718,500,RGB
002675,002675.jpg,718,500,RGB
002676,002676.jpg,718,500,RGB
002677,002677.jpg,718,500,RGB
002678,002678.jpg,718,500,RGB
002679,002679.jpg,718,500,RGB
002680,002680.jpg,718,500,RGB
002681,002681.jpg,718,500,RGB
002682,002682.jpg,818,628,RGB
002683,002683.jpg,818,628,RGB
002684,002684.jpg,818,628,RGB
002685,002685.jpg,718,500,RGB
002686,002686.jpg,718,500,RGB
002687,002687.jpg,718,500,RGB
002688,002688.jpg,718,500,RGB
002689,002689.jpg,718,500,RGB
002690,002690.jpg,718,500,RGB
002691,002691.jpg,718,500,RGB
002692,002692.jpg,718,500,RGB
002693,002693.jpg,718,500,RGB
002694,002694.jpg,718,500,RGB
002695,002695.jpg,718,500,RGB
002696,002696.jpg,718,500,RGB
002697,002697.jpg,718,500,RGB
002698,002698.jpg,718,500,RGB
002699,002699.jpg,818,628,RGB
002700,002700.jpg,818,628,RGB
002701,002701.jpg,718,500,RGB
002702,002702.jpg,718,500,RGB
002703,002703.jpg,718,500,RGB
002704,002704.jpg,718,500,RGB
002705,002705.jpg,818,628,RGB
002706,002706.jpg,818,628,RGB
002707,002707.jpg,718,500,RGB
002708,002708.jpg,718,500,RGB
002709,002709.jpg,718,500,RGB
002710,002710.jpg,718,500,RGB
002711,002711.jpg,818,628,RGB
002712,002712.jpg,718,500,RGB
002713,002713.jpg,718,500,RGB
002714,002714.jpg,718,500,RGB
002715,002715.jpg,718,500,RGB
002716,002716.jpg,718,500,RGB
002717,002717.jpg,718,500,RGB
002718,002718.jpg,718,500,RGB
002719,002719.jpg,718,500,RGB
002720,002720.jpg,718,500,RGB
002721,002721.jpg,718,500,RGB
002722,002722.jpg,718,500,RGB
002723,002723.jpg,718,500,RGB
002724,002724.jpg,718,500,RGB
002725,002725.jpg,439,368,RGB
002726,002726.jpg,439,368,RGB
002727,002727.jpg,718,500,RGB
002728,002728.jpg,718,500,RGB
002729,002729.jpg,718,500,RGB
002730,002730.jpg,818,628,RGB
002731,002731.jpg,818,628,RGB
002732,002732.jpg,818,628,RGB
002733,002733.jpg,718,500,RGB
002734,002734.jpg,718,500,RGB
002735,002735.jpg,718,500,RGB
002736,002736.jpg,718,500,RGB
002737,002737.jpg,718,500,RGB
002738,002738.jpg,718,500,RGB
002739,002739.jpg,718,500,RGB
002740,002740.jpg,718,500,RGB
002741,002741.jpg,718,500,RGB
002742,002742.jpg,718,500,RGB
002743,002743.jpg,718,500,RGB
002744,002744.jpg,718,500,RGB
002745,002745.jpg,718,500,RGB
002746,002746.jpg,718,500,RGB
002747,002747.jpg,718,500,RGB
002748,002748.jpg,718,500,RGB
002749,002749.jpg,718,500,RGB
002750,002750.jpg,718,500,RGB
002751,002751.jpg,718,500,RGB
002752,002752.jpg,718,500,RGB
002753,002753.jpg,718,500,RGB
002754,002754.jpg,718,500,RGB
002755,002755.jpg,718,500,RGB
002756,002756.jpg,718,500,RGB
002757,002757.jpg,498,429,RGB
002758,002758.jpg,718,500,RGB
002759,002759.jpg,718,500,RGB
002760,002760.jpg,718,500,RGB
002761,002761.jpg,718,500,RGB
002762,002762.jpg,718,500,RGB
002763,002763.jpg,718,500,RGB
002764,002764.jpg,718,500,RGB
002765,002765.jpg,818,628,RGB
002766,002766.jpg,718,500,RGB
002767,002767.jpg,718,500,RGB
002768,002768.jpg,718,500,RGB
002769,002769.jpg,718,500,RGB
002770,002770.jpg,718,500,RGB
002771,002771.jpg,718,500,RGB
002772,002772.jpg,718,500,RGB
002773,002773.jpg,718,500,RGB
002774,002774.jpg,718,500,RGB
002775,002775.jpg,718,500,RGB
002776,002776.jpg,718,500,RGB
002777,002777.jpg,718,500,RGB
002778,002778.jpg,718,500,RGB
002779,002779.jpg,718,500,RGB
002780,002780.jpg,718,500,RGB
002781,002781.jpg,718,500,RGB
002782,002782.jpg,718,500,RGB
002783,002783.jpg,718,500,RGB
002784,002784.jpg,718,500,RGB
002785,002785.jpg,718,500,RGB
002786,002786.jpg,718,500,RGB
002787,002787.jpg,439,368,RGB
002788,002788.jpg,466,349,RGB
002789,002789.jpg,818,628,RGB
002790,002790.jpg,818,628,RGB
002791,002791.jpg,718,500,RGB
002792,002792.jpg,718,500,RGB
002793,002793.jpg,718,500,RGB
002794,002794.jpg,718,500,RGB
002795,002795.jpg,718,500,RGB
002796,002796.jpg,718,500,RGB
002797,002797.jpg,718,500,RGB
002798,002798.jpg,718,500,RGB
002799,002799.jpg,718,500,RGB
002800,002800.jpg,718,500,RGB
002801,002801.jpg,718,500,RGB
002802,002802.jpg,718,500,RGB
002803,002803.jpg,718,500,RGB
002804,002804.jpg,718,500,RGB
002805,002805.jpg,718,500,RGB
002806,002806.jpg,818,628,RGB
002807,002807.jpg,818,628,RGB
002808,002808.jpg,818,628,RGB
002809,002809.jpg,818,628,RGB
002810,002810.jpg,718,500,RGB
002811,002811.jpg,718,500,RGB
002812,002812.jpg,718,500,RGB
002813,002813.jpg,718,500,RGB
002814,002814.jpg,718,500,RGB
002815,002815.jpg,718,500,RGB
002816,002816.jpg,718,500,RGB
002817,002817.jpg,718,500,RGB
002818,002818.jpg,718,500,RGB
002819,002819.jpg,718,500,RGB
002820,002820.jpg,718,500,RGB
002821,002821.jpg,718,500,RGB
002822,002822.jpg,718,500,RGB
002823,002823.jpg,718,500,RGB
002824,002824.jpg,718,500,RGB
002825,002825.jpg,718,500,RGB
002826,002826.jpg,439,368,RGB
002827,002827.jpg,439,368,RGB
002828,002828.jpg,718,500,RGB
002829,002829.jpg,718,500,RGB
002830,002830.jpg,818,628,RGB
002831,002831.jpg,818,628,RGB
002832,002832.jpg,718,500,RGB
002833,002833.jpg,718,500,RGB
002834,002834.jpg,718,500,RGB
002835,002835.jpg,718,500,RGB
002836,002836.jpg,718,500,RGB
002837,002837.jpg,718,500,RGB
002838,002838.jpg,718,500,RGB
002839,002839.jpg,718,500,RGB
002840,002840.jpg,718,500,RGB
002841,002841.jpg,718,500,RGB
002842,002842.jpg,718,500,RGB
002843,002843.jpg,439,368,RGB
002844,002844.jpg,439,368,RGB
002845,002845.jpg,439,368,RGB
002846,002846.jpg,718,500,RGB
002847,002847.jpg,718,500,RGB
002848,002848.jpg,718,500,RGB
002849,002849.jpg,718,500,RGB
002850,002850.jpg,718,500,RGB
002851,002851.jpg,718,500,RGB
002852,002852.jpg,718,500,RGB
002853,002853.jpg,718,500,RGB
002854,002854.jpg,718,500,RGB
002855,002855.jpg,718,500,RGB
002856,002856.jpg,718,500,RGB
002857,002857.jpg,718,500,RGB
002858,002858.jpg,718,500,RGB
002859,002859.jpg,718,500,RGB
002860,002860.jpg,718,500,RGB
002861,002861.jpg,718,500,RGB
002862,002862.jpg,718,500,RGB
002863,002863.jpg,818,628,RGB
002864,002864.jpg,718,500,RGB
002865,002865.jpg,718,500,RGB
002866,002866.jpg,718,500,RGB
002867,002867.jpg,718,500,RGB
002868,002868.jpg,818,628,RGB
002869,002869.jpg,718,500,RGB
002870,002870.jpg,718,500,RGB
002871,002871.jpg,718,500,RGB
002872,002872.jpg,718,500,RGB
002873,002873.jpg,718,500,RGB
002874,002874.jpg,718,500,RGB
002875,002875.jpg,718,500,RGB
002876,002876.jpg,718,500,RGB
002877,002877.jpg,718,500,RGB
002878,002878.jpg,718,500,RGB
002879,002879.jpg,718,500,RGB
002880,002880.jpg,718,500,RGB
002881,002881.jpg,718,500,RGB
002882,002882.jpg,718,500,RGB
002883,002883.jpg,718,500,RGB
002884,002884.jpg,718,500,RGB
002885,002885.jpg,718,500,RGB
002886,002886.jpg,718,500,RGB
002887,002887.jpg,718,500,RGB
002888,002888.jpg,718,500,RGB
002889,002889.jpg,718,500,RGB
002890,002890.jpg,718,500,RGB
002891,002891.jpg,718,500,RGB
002892,002892.jpg,718,500,RGB
002893,002893.jpg,718,500,RGB
002894,002894.jpg,718,500,RGB
002895,002895.jpg,718,500,RGB
002896,002896.jpg,718,500,RGB
002897,002897.jpg,718,500,RGB
002898,002898.jpg,718,500,RGB
002899,002899.jpg,718,500,RGB
002900,002900.jpg,718,500,RGB
002901,002901.jpg,818,628,RGB
002902,002902.jpg,718,500,RGB
002903,002903.jpg,718,500,RGB
002904,002904.jpg,718,500,RGB
002905,002905.jpg,718,500,RGB
002906,002906.jpg,718,500,RGB
002907,002907.jpg,718,500,RGB
002908,002908.jpg,718,500,RGB
002909,002909.jpg,718,500,RGB
002910,002910.jpg,718,500,RGB
002911,002911.jpg,498,429,RGB
002912,002912.jpg,718,500,RGB
002913,002913.jpg,718,500,RGB
002914,002914.jpg,718,500,RGB
002915,002915.jpg,718,500,RGB
002916,002916.jpg,718,500,RGB
002917,002917.jpg,718,500,RGB
002918,002918.jpg,718,500,RGB
002919,002919.jpg,718,500,RGB
002920,002920.jpg,718,500,RGB
002921,002921.jpg,718,500,RGB
002922,002922.jpg,498,429,RGB
002923,002923.jpg,818,628,RGB
002924,002924.jpg,718,500,RGB
002925,002925.jpg,718,500,RGB
002926,002926.jpg,818,628,RGB
002927,002927.jpg,718,500,RGB
002928,002928.jpg,818,628,RGB
002929,002929.jpg,718,500,RGB
002930,002930.jpg,718,500,RGB
002931,002931.jpg,718,500,RGB
002932,002932.jpg,718,500,RGB
002933,002933.jpg,498,429,RGB
002934,002934.jpg,718,500,RGB
002935,002935.jpg,818,628,RGB
002936,002936.jpg,718,500,RGB
002937,002937.jpg,718,500,RGB
002938,002938.jpg,718,500,RGB
002939,002939.jpg,718,500,RGB
002940,002940.jpg,718,500,RGB
002941,002941.jpg,718,500,RGB
002942,002942.jpg,718,500,RGB
002943,002943.jpg,718,500,RGB
002944,002944.jpg,718,500,RGB
002945,002945.jpg,439,368,RGB
002946,002946.jpg,718,500,RGB
002947,002947.jpg,818,628,RGB
002948,002948.jpg,818,628,RGB
002949,002949.jpg,718,500,RGB
002950,002950.jpg,439,368,RGB
002951,002951.jpg,718,500,RGB
002952,002952.jpg,718,500,RGB
002953,002953.jpg,718,500,RGB
002954,002954.jpg,498,429,RGB
002955,002955.jpg,718,500,RGB
002956,002956.jpg,718,500,RGB
002957,002957.jpg,718,500,RGB
002958,002958.jpg,718,500,RGB
002959,002959.jpg,818,628,RGB
002960,002960.jpg,718,500,RGB
002961,002961.jpg,718,500,RGB
002962,002962.jpg,718,500,RGB
002963,002963.jpg,718,500,RGB
002964,002964.jpg,718,500,RGB
002965,002965.jpg,818,628,RGB
002966,002966.jpg,718,500,RGB
002967,002967.jpg,718,500,RGB
002968,002968.jpg,718,500,RGB
002969,002969.jpg,718,500,RGB
002970,002970.jpg,718,500,RGB
002971,002971.jpg,718,500,RGB
002972,002972.jpg,718,500,RGB
002973,002973.jpg,718,500,RGB
002974,002974.jpg,718,500,RGB
002975,002975.jpg,718,500,RGB
002976,002976.jpg,718,500,RGB
002977,002977.jpg,718,500,RGB
002978,002978.jpg,718,500,RGB
002979,002979.jpg,718,500,RGB
002980,002980.jpg,718,500,RGB
002981,002981.jpg,718,500,RGB
002982,002982.jpg,718,500,RGB
002983,002983.jpg,718,500,RGB
002984,002984.jpg,718,500,RGB
002985,002985.jpg,718,500,RGB
002986,002986.jpg,718,500,RGB
002987,002987.jpg,718,500,RGB
002988,002988.jpg,718,500,RGB
002989,002989.jpg,718,500,RGB
002990,002990.jpg,718,500,RGB
002991,002991.jpg,718,500,RGB
002992,002992.jpg,718,500,RGB
002993,002993.jpg,718,500,RGB
002994,002994.jpg,718,500,RGB
002995,002995.jpg,718,500,RGB
002996,002996.jpg,718,500,RGB
002997,002997.jpg,718,500,RGB
002998,002998.jpg,718,500,RGB
002999,002999.jpg,718,500,RGB
003000,003000.jpg,718,500,RGB
003001,003001.jpg,718,500,RGB
003002,003002.jpg,718,500,RGB
003003,003003.jpg,498,429,RGB
003004,003004.jpg,818,628,RGB
003005,003005.jpg,818,628,RGB
003006,003006.jpg,818,628,RGB
003007,003007.jpg,718,500,RGB
003008,003008.jpg,718,500,RGB
003009,003009.jpg,718,500,RGB
003010,003010.jpg,718,500,RGB
003011,003011.jpg,718,500,RGB
003012,003012.jpg,718,500,RGB
003013,003013.jpg,718,500,RGB
003014,003014.jpg,718,500,RGB
003015,003015.jpg,718,500,RGB
003016,003016.jpg,718,500,RGB
003017,003017.jpg,818,628,RGB
003018,003018.jpg,718,500,RGB
003019,003019.jpg,718,500,RGB
003020,003020.jpg,718,500,RGB
003021,003021.jpg,718,500,RGB
003022,003022.jpg,718,500,RGB
003023,003023.jpg,718,500,RGB
003024,003024.jpg,718,500,RGB
003025,003025.jpg,718,500,RGB
003026,003026.jpg,718,500,RGB
003027,003027.jpg,718,500,RGB
003028,003028.jpg,718,500,RGB
003029,003029.jpg,718,500,RGB
003030,003030.jpg,718,500,RGB
003031,003031.jpg,718,500,RGB
003032,003032.jpg,718,500,RGB
003033,003033.jpg,718,500,RGB
003034,003034.jpg,718,500,RGB
003035,003035.jpg,718,500,RGB
003036,003036.jpg,818,628,RGB
003037,003037.jpg,818,628,RGB
003038,003038.jpg,718,500,RGB
003039,003039.jpg,818,628,RGB
003040,003040.jpg,718,500,RGB
003041,003041.jpg,818,628,RGB
003042,003042.jpg,818,628,RGB
003043,003043.jpg,818,628,RGB
003044,003044.jpg,718,500,RGB
003045,003045.jpg,718,500,RGB
003046,003046.jpg,718,500,RGB
003047,003047.jpg,818,628,RGB
003048,003048.jpg,718,500,RGB
003049,003049.jpg,718,500,RGB
003050,003050.jpg,718,500,RGB
003051,003051.jpg,718,500,RGB
003052,003052.jpg,718,500,RGB
003053,003053.jpg,718,500,RGB
003054,003054.jpg,718,500,RGB
003055,003055.jpg,718,500,RGB
003056,003056.jpg,718,500,RGB
003057,003057.jpg,718,500,RGB
003058,003058.jpg,718,500,RGB
003059,003059.jpg,718,500,RGB
003060,003060.jpg,718,500,RGB
003061,003061.jpg,718,500,RGB
003062,003062.jpg,718,500,RGB
003063,003063.jpg,718,500,RGB
003064,003064.jpg,718,500,RGB
003065,003065.jpg,718,500,RGB
003066,003066.jpg,718,500,RGB
003067,003067.jpg,718,500,RGB
003068,003068.jpg,718,500,RGB
003069,003069.jpg,718,500,RGB
003070,003070.jpg,718,500,RGB
003071,003071.jpg,718,500,RGB
003072,003072.jpg,718,500,RGB
003073,003073.jpg,718,500,RGB
003074,003074.jpg,718,500,RGB
003075,003075.jpg,718,500,RGB
003076,003076.jpg,718,500,RGB
003077,003077.jpg,718,500,RGB
003078,003078.jpg,718,500,RGB
003079,003079.jpg,718,500,RGB
003080,003080.jpg,718,500,RGB
003081,003081.jpg,718,500,RGB
003082,003082.jpg,718,500,RGB
003083,003083.jpg,718,500,RGB
003084,003084.jpg,718,500,RGB
003085,003085.jpg,718,500,RGB
003086,003086.jpg,718,500,RGB
003087,003087.jpg,718,500,RGB
003088,003088.jpg,718,500,RGB
003089,003089.jpg,718,500,RGB
003090,003090.jpg,439,368,RGB
003091,003091.jpg,718,500,RGB
003092,003092.jpg,718,500,RGB
003093,003093.jpg,718,500,RGB
003094,003094.jpg,718,500,RGB
003095,003095.jpg,718,500,RGB
003096,003096.jpg,718,500,RGB
003097,003097.jpg,718,500,RGB
003098,003098.jpg,718,500,RGB
003099,003099.jpg,718,500,RGB
003100,003100.jpg,718,500,RGB
003101,003101.jpg,718,500,RGB
003102,003102.jpg,718,500,RGB
003103,003103.jpg,718,500,RGB
003104,003104.jpg,718,500,RGB
003105,003105.jpg,718,500,RGB
003106,003106.jpg,718,500,RGB
003107,003107.jpg,718,500,RGB
003108,003108.jpg,718,500,RGB
003109,003109.jpg,718,500,RGB
003110,003110.jpg,718,500,RGB
003111,003111.jpg,718,500,RGB
003112,003112.jpg,718,500,RGB
003113,003113.jpg,718,500,RGB
003114,003114.jpg,718,500,RGB
003115,003115.jpg,718,500,RGB
003116,003116.jpg,718,500,RGB
003117,003117.jpg,718,500,RGB
003118,003118.jpg,718,500,RGB
003119,003119.jpg,718,500,RGB
003120,003120.jpg,718,500,RGB
003121,003121.jpg,498,429,RGB
003122,003122.jpg,498,429,RGB
003123,003123.jpg,498,429,RGB
003124,003124.jpg,498,429,RGB
003125,003125.jpg,498,429,RGB
003126,003126.jpg,818,628,RGB
003127,003127.jpg,818,628,RGB
003128,003128.jpg,818,628,RGB
003129,003129.jpg,718,500,RGB
003130,003130.jpg,718,500,RGB
003131,003131.jpg,718,500,RGB
003132,003132.jpg,718,500,RGB
003133,003133.jpg,718,500,RGB
003134,003134.jpg,718,500,RGB
003135,003135.jpg,718,500,RGB
003136,003136.jpg,718,500,RGB
003137,003137.jpg,718,500,RGB
003138,003138.jpg,818,628,RGB
003139,003139.jpg,718,500,RGB
003140,003140.jpg,718,500,RGB
003141,003141.jpg,718,500,RGB
003142,003142.jpg,718,500,RGB
003143,003143.jpg,718,500,RGB
003144,003144.jpg,718,500,RGB
003145,003145.jpg,718,500,RGB
003146,003146.jpg,718,500,RGB
003147,003147.jpg,718,500,RGB
003148,003148.jpg,718,500,RGB
003149,003149.jpg,718,500,RGB
003150,003150.jpg,718,500,RGB
003151,003151.jpg,718,500,RGB
003152,003152.jpg,718,500,RGB
003153,003153.jpg,718,500,RGB
003154,003154.jpg,718,500,RGB
003155,003155.jpg,718,500,RGB
003156,003156.jpg,718,500,RGB
003157,003157.jpg,718,500,RGB
003158,003158.jpg,718,500,RGB
003159,003159.jpg,718,500,RGB
003160,003160.jpg,718,500,RGB
003161,003161.jpg,718,500,RGB
003162,003162.jpg,718,500,RGB
003163,003163.jpg,718,500,RGB
003164,003164.jpg,718,500,RGB
003165,003165.jpg,718,500,RGB
003166,003166.jpg,718,500,RGB
003167,003167.jpg,718,500,RGB
003168,003168.jpg,718,500,RGB
003169,003169.jpg,718,500,RGB
003170,003170.jpg,718,500,RGB
003171,003171.jpg,718,500,RGB
003172,003172.jpg,718,500,RGB
003173,003173.jpg,718,500,RGB
003174,003174.jpg,718,500,RGB
003175,003175.jpg,718,500,RGB
003176,003176.jpg,718,500,RGB
003177,003177.jpg,718,500,RGB
003178,003178.jpg,718,500,RGB
003179,003179.jpg,718,500,RGB
003180,003180.jpg,818,628,RGB
003181,003181.jpg,718,500,RGB
003182,003182.jpg,718,500,RGB
003183,003183.jpg,718,500,RGB
003184,003184.jpg,718,500,RGB
003185,003185.jpg,718,500,RGB
003186,003186.jpg,718,500,RGB
003187,003187.jpg,818,628,RGB
003188,003188.jpg,718,500,RGB
003189,003189.jpg,718,500,RGB
003190,003190.jpg,718,500,RGB
003191,003191.jpg,818,628,RGB
003192,003192.jpg,718,500,RGB
003193,003193.jpg,718,500,RGB
003194,003194.jpg,718,500,RGB
003195,003195.jpg,718,500,RGB
003196,003196.jpg,718,500,RGB
003197,003197.jpg,718,500,RGB
003198,003198.jpg,718,500,RGB
003199,003199.jpg,718,500,RGB
003200,003200.jpg,718,500,RGB
003201,003201.jpg,718,500,RGB
003202,003202.jpg,718,500,RGB
003203,003203.jpg,718,500,RGB
003204,003204.jpg,718,500,RGB
003205,003205.jpg,718,500,RGB
003206,003206.jpg,718,500,RGB
003207,003207.jpg,718,500,RGB
003208,003208.jpg,718,500,RGB
003209,003209.jpg,718,500,RGB
003210,003210.jpg,718,500,RGB
003211,003211.jpg,718,500,RGB
003212,003212.jpg,718,500,RGB
003213,003213.jpg,718,500,RGB
003214,003214.jpg,718,500,RGB
003215,003215.jpg,498,429,RGB
003216,003216.jpg,498,429,RGB
003217,003217.jpg,818,628,RGB
003218,003218.jpg,818,628,RGB
003219,003219.jpg,718,500,RGB
003220,003220.jpg,718,500,RGB
003221,003221.jpg,718,500,RGB
003222,003222.jpg,718,500,RGB
003223,003223.jpg,718,500,RGB
003224,003224.jpg,718,500,RGB
003225,003225.jpg,718,500,RGB
003226,003226.jpg,718,500,RGB
003227,003227.jpg,718,500,RGB
003228,003228.jpg,718,500,RGB
003229,003229.jpg,718,500,RGB
003230,003230.jpg,718,500,RGB
003231,003231.jpg,818,628,RGB
003232,003232.jpg,718,500,RGB
003233,003233.jpg,718,500,RGB
003234,003234.jpg,718,500,RGB
003235,003235.jpg,718,500,RGB
003236,003236.jpg,718,500,RGB
003237,003237.jpg,718,500,RGB
003238,003238.jpg,718,500,RGB
003239,003239.jpg,718,500,RGB
003240,003240.jpg,718,500,RGB
003241,003241.jpg,718,500,RGB
003242,003242.jpg,718,500,RGB
003243,003243.jpg,718,500,RGB
003244,003244.jpg,718,500,RGB
003245,003245.jpg,718,500,RGB
003246,003246.jpg,718,500,RGB
003247,003247.jpg,718,500,RGB
003248,003248.jpg,718,500,RGB
003249,003249.jpg,718,500,RGB
003250,003250.jpg,718,500,RGB
003251,003251.jpg,718,500,RGB
003252,003252.jpg,718,500,RGB
003253,003253.jpg,718,500,RGB
003254,003254.jpg,718,500,RGB
003255,003255.jpg,718,500,RGB
003256,003256.jpg,718,500,RGB
003257,003257.jpg,718,500,RGB
003258,003258.jpg,718,500,RGB
003259,003259.jpg,718,500,RGB
003260,003260.jpg,718,500,RGB
003261,003261.jpg,718,500,RGB
003262,003262.jpg,718,500,RGB
003263,003263.jpg,818,628,RGB
003264,003264.jpg,718,500,RGB
003265,003265.jpg,718,500,RGB
003266,003266.jpg,718,500,RGB
003267,003267.jpg,718,500,RGB
003268,003268.jpg,818,628,RGB
003269,003269.jpg,718,500,RGB
003270,003270.jpg,718,500,RGB
003271,003271.jpg,718,500,RGB
003272,003272.jpg,718,500,RGB
003273,003273.jpg,718,500,RGB
003274,003274.jpg,718,500,RGB
003275,003275.jpg,718,500,RGB
003276,003276.jpg,718,500,RGB
003277,003277.jpg,718,500,RGB
003278,003278.jpg,718,500,RGB
003279,003279.jpg,718,500,RGB
003280,003280.jpg,818,628,RGB
003281,003281.jpg,718,500,RGB
003282,003282.jpg,718,500,RGB
003283,003283.jpg,718,500,RGB
003284,003284.jpg,718,500,RGB
003285,003285.jpg,718,500,RGB
003286,003286.jpg,718,500,RGB
003287,003287.jpg,718,500,RGB
003288,003288.jpg,718,500,RGB
003289,003289.jpg,718,500,RGB
003290,003290.jpg,718,500,RGB
003291,003291.jpg,718,500,RGB
003292,003292.jpg,718,500,RGB
003293,003293.jpg,718,500,RGB
003294,003294.jpg,718,500,RGB
003295,003295.jpg,718,500,RGB
003296,003296.jpg,498,429,RGB
003297,003297.jpg,498,429,RGB
003298,003298.jpg,498,429,RGB
003299,003299.jpg,498,429,RGB
003300,003300.jpg,718,500,RGB
003301,003301.jpg,718,500,RGB
003302,003302.jpg,718,500,RGB
003303,003303.jpg,718,500,RGB
003304,003304.jpg,718,500,RGB
003305,003305.jpg,718,500,RGB
003306,003306.jpg,718,500,RGB
003307,003307.jpg,718,500,RGB
003308,003308.jpg,718,500,RGB
003309,003309.jpg,718,500,RGB
003310,003310.jpg,718,500,RGB
003311,003311.jpg,718,500,RGB
003312,003312.jpg,718,500,RGB
003313,003313.jpg,718,500,RGB
003314,003314.jpg,718,500,RGB
003315,003315.jpg,718,500,RGB
003316,003316.jpg,718,500,RGB
003317,003317.jpg,718,500,RGB
003318,003318.jpg,718,500,RGB
003319,003319.jpg,718,500,RGB
003320,003320.jpg,718,500,RGB
003321,003321.jpg,718,500,RGB
003322,003322.jpg,718,500,RGB
003323,003323.jpg,718,500,RGB
003324,003324.jpg,718,500,RGB
003325,003325.jpg,718,500,RGB
003326,003326.jpg,718,500,RGB
003327,003327.jpg,718,500,RGB
003328,003328.jpg,718,500,RGB
003329,003329.jpg,718,500,RGB
003330,003330.jpg,718,500,RGB
003331,003331.jpg,718,500,RGB
003332,003332.jpg,718,500,RGB
003333,003333.jpg,718,500,RGB
003334,003334.jpg,818,628,RGB
003335,003335.jpg,498,429,RGB
003336,003336.jpg,498,429,RGB
003337,003337.jpg,498,429,RGB
003338,003338.jpg,498,429,RGB
003339,003339.jpg,498,429,RGB
003340,003340.jpg,718,500,RGB
003341,003341.jpg,718,500,RGB
003342,003342.jpg,718,500,RGB
003343,003343.jpg,718,500,RGB
003344,003344.jpg,718,500,RGB
003345,003345.jpg,718,500,RGB
003346,003346.jpg,718,500,RGB
003347,003347.jpg,718,500,RGB
003348,003348.jpg,718,500,RGB
003349,003349.jpg,718,500,RGB
003350,003350.jpg,818,628,RGB
003351,003351.jpg,718,500,RGB
003352,003352.jpg,718,500,RGB
003353,003353.jpg,718,500,RGB
003354,003354.jpg,718,500,RGB
003355,003355.jpg,718,500,RGB
003356,003356.jpg,718,500,RGB
003357,003357.jpg,718,500,RGB
003358,003358.jpg,718,500,RGB
003359,003359.jpg,718,500,RGB
003360,003360.jpg,718,500,RGB
003361,003361.jpg,718,500,RGB
003362,003362.jpg,718,500,RGB
003363,003363.jpg,718,500,RGB
003364,003364.jpg,718,500,RGB
003365,003365.jpg,718,500,RGB
003366,003366.jpg,718,500,RGB
003367,003367.jpg,718,500,RGB
003368,003368.jpg,718,500,RGB
003369,003369.jpg,718,500,RGB
003370,003370.jpg,718,500,RGB
003371,003371.jpg,718,500,RGB
003372,003372.jpg,718,500,RGB
003373,003373.jpg,718,500,RGB
003374,003374.jpg,718,500,RGB
003375,003375.jpg,718,500,RGB
003376,003376.jpg,718,500,RGB
003377,003377.jpg,718,500,RGB
003378,003378.jpg,718,500,RGB
003379,003379.jpg,718,500,RGB
003380,003380.jpg,718,500,RGB
003381,003381.jpg,718,500,RGB
003382,003382.jpg,718,500,RGB
003383,003383.jpg,718,500,RGB
003384,003384.jpg,718,500,RGB
003385,003385.jpg,818,628,RGB
003386,003386.jpg,498,429,RGB
003387,003387.jpg,718,500,RGB
003388,003388.jpg,718,500,RGB
003389,003389.jpg,718,500,RGB
003390,003390.jpg,718,500,RGB
003391,003391.jpg,718,500,RGB
003392,003392.jpg,718,500,RGB
003393,003393.jpg,718,500,RGB
003394,003394.jpg,718,500,RGB
003395,003395.jpg,718,500,RGB
003396,003396.jpg,718,500,RGB
003397,003397.jpg,718,500,RGB
003398,003398.jpg,718,500,RGB
003399,003399.jpg,718,500,RGB
003400,003400.jpg,718,500,RGB
003401,003401.jpg,718,500,RGB
003402,003402.jpg,718,500,RGB
003403,003403.jpg,718,500,RGB
003404,003404.jpg,718,500,RGB
003405,003405.jpg,718,500,RGB
003406,003406.jpg,718,500,RGB
003407,003407.jpg,718,500,RGB
003408,003408.jpg,718,500,RGB
003409,003409.jpg,718,500,RGB
003410,003410.jpg,718,500,RGB
003411,003411.jpg,718,500,RGB
003412,003412.jpg,718,500,RGB
003413,003413.jpg,818,628,RGB
003414,003414.jpg,718,500,RGB
003415,003415.jpg,718,500,RGB
003416,003416.jpg,718,500,RGB
003417,003417.jpg,818,628,RGB
003418,003418.jpg,818,628,RGB
003419,003419.jpg,818,628,RGB
003420,003420.jpg,818,628,RGB
003421,003421.jpg,818,628,RGB
003422,003422.jpg,718,500,RGB
003423,003423.jpg,718,500,RGB
003424,003424.jpg,718,500,RGB
003425,003425.jpg,718,500,RGB
003426,003426.jpg,718,500,RGB
003427,003427.jpg,718,500,RGB
003428,003428.jpg,718,500,RGB
003429,003429.jpg,718,500,RGB
003430,003430.jpg,718,500,RGB
003431,003431.jpg,718,500,RGB
003432,003432.jpg,718,500,RGB
003433,003433.jpg,718,500,RGB
003434,003434.jpg,498,429,RGB
003435,003435.jpg,718,500,RGB
003436,003436.jpg,718,500,RGB
003437,003437.jpg,718,500,RGB
003438,003438.jpg,718,500,RGB
003439,003439.jpg,718,500,RGB
003440,003440.jpg,718,500,RGB
003441,003441.jpg,718,500,RGB
003442,003442.jpg,718,500,RGB
003443,003443.jpg,718,500,RGB
003444,003444.jpg,718,500,RGB
003445,003445.jpg,718,500,RGB
003446,003446.jpg,718,500,RGB
003447,003447.jpg,718,500,RGB
003448,003448.jpg,718,500,RGB
003449,003449.jpg,718,500,RGB
003450,003450.jpg,718,500,RGB
003451,003451.jpg,718,500,RGB
003452,003452.jpg,718,500,RGB
003453,003453.jpg,718,500,RGB
003454,003454.jpg,718,500,RGB
003455,003455.jpg,718,500,RGB
003456,003456.jpg,718,500,RGB
003457,003457.jpg,718,500,RGB
003458,003458.jpg,718,500,RGB
003459,003459.jpg,718,500,RGB
003460,003460.jpg,718,500,RGB
003461,003461.jpg,718,500,RGB
003462,003462.jpg,718,500,RGB
003463,003463.jpg,718,500,RGB
003464,003464.jpg,718,500,RGB
003465,003465.jpg,718,500,RGB
003466,003466.jpg,718,500,RGB
003467,003467.jpg,718,500,RGB
003468,003468.jpg,498,429,RGB
003469,003469.jpg,718,500,RGB
003470,003470.jpg,718,500,RGB
003471,003471.jpg,718,500,RGB
003472,003472.jpg,718,500,RGB
003473,003473.jpg,718,500,RGB
003474,003474.jpg,718,500,RGB
003475,003475.jpg,718,500,RGB
003476,003476.jpg,718,500,RGB
003477,003477.jpg,718,500,RGB
003478,003478.jpg,718,500,RGB
003479,003479.jpg,718,500,RGB
003480,003480.jpg,718,500,RGB
003481,003481.jpg,919,646,RGB
003482,003482.jpg,718,500,RGB
003483,003483.jpg,718,500,RGB
003484,003484.jpg,718,500,RGB
003485,003485.jpg,718,500,RGB
003486,003486.jpg,718,500,RGB
003487,003487.jpg,718,500,RGB
003488,003488.jpg,718,500,RGB
003489,003489.jpg,718,500,RGB
003490,003490.jpg,718,500,RGB
003491,003491.jpg,718,500,RGB
003492,003492.jpg,718,500,RGB
003493,003493.jpg,718,500,RGB
003494,003494.jpg,718,500,RGB
003495,003495.jpg,718,500,RGB
003496,003496.jpg,718,500,RGB
003497,003497.jpg,718,500,RGB
003498,003498.jpg,718,500,RGB
003499,003499.jpg,718,500,RGB
003500,003500.jpg,818,628,RGB
003501,003501.jpg,718,500,RGB
003502,003502.jpg,718,500,RGB
003503,003503.jpg,718,500,RGB
003504,003504.jpg,818,628,RGB
003505,003505.jpg,818,628,RGB
003506,003506.jpg,718,500,RGB
003507,003507.jpg,718,500,RGB
003508,003508.jpg,718,500,RGB
003509,003509.jpg,718,500,RGB
003510,003510.jpg,498,429,RGB
003511,003511.jpg,718,500,RGB
003512,003512.jpg,718,500,RGB
003513,003513.jpg,718,500,RGB
003514,003514.jpg,718,500,RGB
003515,003515.jpg,718,500,RGB
003516,003516.jpg,718,500,RGB
003517,003517.jpg,718,500,RGB
003518,003518.jpg,718,500,RGB
003519,003519.jpg,718,500,RGB
003520,003520.jpg,718,500,RGB
003521,003521.jpg,718,500,RGB
003522,003522.jpg,718,500,RGB
003523,003523.jpg,718,500,RGB
003524,003524.jpg,718,500,RGB
003525,003525.jpg,718,500,RGB
003526,003526.jpg,718,500,RGB
003527,003527.jpg,718,500,RGB
003528,003528.jpg,718,500,RGB
003529,003529.jpg,718,500,RGB
003530,003530.jpg,718,500,RGB
003531,003531.jpg,718,500,RGB
003532,003532.jpg,718,500,RGB
003533,003533.jpg,718,500,RGB
003534,003534.jpg,718,500,RGB
003535,003535.jpg,718,500,RGB
003536,003536.jpg,718,500,RGB
003537,003537.jpg,718,500,RGB
003538,003538.jpg,718,500,RGB
003539,003539.jpg,718,500,RGB
003540,003540.jpg,718,500,RGB
003541,003541.jpg,818,628,RGB
003542,003542.jpg,718,500,RGB
003543,003543.jpg,718,500,RGB
003544,003544.jpg,718,500,RGB
003545,003545.jpg,718,500,RGB
003546,003546.jpg,718,500,RGB
003547,003547.jpg,718,500,RGB
003548,003548.jpg,718,500,RGB
003549,003549.jpg,718,500,RGB
003550,003550.jpg,718,500,RGB
003551,003551.jpg,718,500,RGB
003552,003552.jpg,718,500,RGB
003553,003553.jpg,718,500,RGB
003554,003554.jpg,718,500,RGB
003555,003555.jpg,718,500,RGB
003556,003556.jpg,718,500,RGB
003557,003557.jpg,718,500,RGB
003558,003558.jpg,718,500,RGB
003559,003559.jpg,718,500,RGB
003560,003560.jpg,718,500,RGB
003561,003561.jpg,718,500,RGB
003562,003562.jpg,718,500,RGB
003563,003563.jpg,718,500,RGB
003564,003564.jpg,718,500,RGB
003565,003565.jpg,718,500,RGB
003566,003566.jpg,718,500,RGB
003567,003567.jpg,718,500,RGB
003568,003568.jpg,818,628,RGB
003569,003569.jpg,818,628,RGB
003570,003570.jpg,818,628,RGB
003571,003571.jpg,718,500,RGB
003572,003572.jpg,718,500,RGB
003573,003573.jpg,718,500,RGB
003574,003574.jpg,718,500,RGB
003575,003575.jpg,718,500,RGB
003576,003576.jpg,718,500,RGB
003577,003577.jpg,718,500,RGB
003578,003578.jpg,718,500,RGB
003579,003579.jpg,718,500,RGB
003580,003580.jpg,718,500,RGB
003581,003581.jpg,718,500,RGB
003582,003582.jpg,718,500,RGB
003583,003583.jpg,718,500,RGB
003584,003584.jpg,718,500,RGB
003585,003585.jpg,718,500,RGB
003586,003586.jpg,718,500,RGB
003587,003587.jpg,718,500,RGB
003588,003588.jpg,718,500,RGB
003589,003589.jpg,718,500,RGB
003590,003590.jpg,718,500,RGB
003591,003591.jpg,718,500,RGB
003592,003592.jpg,718,500,RGB
003593,003593.jpg,718,500,RGB
003594,003594.jpg,718,500,RGB
003595,003595.jpg,718,500,RGB
003596,003596.jpg,718,500,RGB
003597,003597.jpg,718,500,RGB
003598,003598.jpg,718,500,RGB
003599,003599.jpg,718,500,RGB
003600,003600.jpg,718,500,RGB
003601,003601.jpg,718,500,RGB
003602,003602.jpg,718,500,RGB
003603,003603.jpg,718,500,RGB
003604,003604.jpg,718,500,RGB
003605,003605.jpg,718,500,RGB
003606,003606.jpg,718,500,RGB
003607,003607.jpg,718,500,RGB
003608,003608.jpg,718,500,RGB
003609,003609.jpg,718,500,RGB
003610,003610.jpg,718,500,RGB
003611,003611.jpg,718,500,RGB
003612,003612.jpg,718,500,RGB
003613,003613.jpg,498,429,RGB
003614,003614.jpg,718,500,RGB
003615,003615.jpg,718,500,RGB
003616,003616.jpg,718,500,RGB
003617,003617.jpg,718,500,RGB
003618,003618.jpg,718,500,RGB
003619,003619.jpg,718,500,RGB
003620,003620.jpg,718,500,RGB
003621,003621.jpg,718,500,RGB
003622,003622.jpg,718,500,RGB
003623,003623.jpg,718,500,RGB
003624,003624.jpg,718,500,RGB
003625,003625.jpg,718,500,RGB
003626,003626.jpg,718,500,RGB
003627,003627.jpg,718,500,RGB
003628,003628.jpg,718,500,RGB
003629,003629.jpg,718,500,RGB
003630,003630.jpg,718,500,RGB
003631,003631.jpg,718,500,RGB
003632,003632.jpg,718,500,RGB
003633,003633.jpg,718,500,RGB
003634,003634.jpg,718,500,RGB
003635,003635.jpg,718,500,RGB
003636,003636.jpg,718,500,RGB
003637,003637.jpg,718,500,RGB
003638,003638.jpg,718,500,RGB
003639,003639.jpg,718,500,RGB
003640,003640.jpg,718,500,RGB
003641,003641.jpg,718,500,RGB
003642,003642.jpg,718,500,RGB
003643,003643.jpg,718,500,RGB
003644,003644.jpg,718,500,RGB
003645,003645.jpg,718,500,RGB
003646,003646.jpg,718,500,RGB
003647,003647.jpg,718,500,RGB
003648,003648.jpg,718,500,RGB
003649,003649.jpg,718,500,RGB
003650,003650.jpg,718,500,RGB
003651,003651.jpg,718,500,RGB
003652,003652.jpg,718,500,RGB
003653,003653.jpg,718,500,RGB
003654,003654.jpg,718,500,RGB
003655,003655.jpg,718,500,RGB
003656,003656.jpg,718,500,RGB
003657,003657.jpg,718,500,RGB
003658,003658.jpg,718,500,RGB
003659,003659.jpg,718,500,RGB
003660,003660.jpg,718,500,RGB
003661,003661.jpg,718,500,RGB
003662,003662.jpg,718,500,RGB
003663,003663.jpg,718,500,RGB
003664,003664.jpg,718,500,RGB
003665,003665.jpg,718,500,RGB
003666,003666.jpg,718,500,RGB
003667,003667.jpg,718,500,RGB
003668,003668.jpg,718,500,RGB
003669,003669.jpg,718,500,RGB
003670,003670.jpg,718,500,RGB
003671,003671.jpg,718,500,RGB
003672,003672.jpg,718,500,RGB
003673,003673.jpg,718,500,RGB
003674,003674.jpg,718,500,RGB
003675,003675.jpg,718,500,RGB
003676,003676.jpg,718,500,RGB
003677,003677.jpg,718,500,RGB
003678,003678.jpg,718,500,RGB
003679,003679.jpg,718,500,RGB
003680,003680.jpg,718,500,RGB
003681,003681.jpg,718,500,RGB
003682,003682.jpg,718,500,RGB
003683,003683.jpg,718,500,RGB
003684,003684.jpg,718,500,RGB
003685,003685.jpg,718,500,RGB
003686,003686.jpg,718,500,RGB
003687,003687.jpg,718,500,RGB
003688,003688.jpg,718,500,RGB
003689,003689.jpg,718,500,RGB
003690,003690.jpg,718,500,RGB
003691,003691.jpg,718,500,RGB
003692,003692.jpg,718,500,RGB
003693,003693.jpg,718,500,RGB
003694,003694.jpg,718,500,RGB
003695,003695.jpg,718,500,RGB
003696,003696.jpg,718,500,RGB
003697,003697.jpg,718,500,RGB
003698,003698.jpg,718,500,RGB
003699,003699.jpg,718,500,RGB
003700,003700.jpg,718,500,RGB
003701,003701.jpg,718,500,RGB
003702,003702.jpg,718,500,RGB
003703,003703.jpg,718,500,RGB
003704,003704.jpg,718,500,RGB
003705,003705.jpg,718,500,RGB
003706,003706.jpg,718,500,RGB
003707,003707.jpg,718,500,RGB
003708,003708.jpg,718,500,RGB
003709,003709.jpg,718,500,RGB
003710,003710.jpg,718,500,RGB
003711,003711.jpg,718,500,RGB
003712,003712.jpg,718,500,RGB
003713,003713.jpg,718,500,RGB
003714,003714.jpg,718,500,RGB
003715,003715.jpg,718,500,RGB
003716,003716.jpg,498,429,RGB
003717,003717.jpg,718,500,RGB
003718,003718.jpg,718,500,RGB
003719,003719.jpg,718,500,RGB
003720,003720.jpg,718,500,RGB
003721,003721.jpg,718,500,RGB
003722,003722.jpg,439,368,RGB
003723,003723.jpg,439,368,RGB
003724,003724.jpg,718,500,RGB
003725,003725.jpg,718,500,RGB
003726,003726.jpg,718,500,RGB
003727,003727.jpg,718,500,RGB
003728,003728.jpg,718,500,RGB
003729,003729.jpg,718,500,RGB
003730,003730.jpg,718,500,RGB
003731,003731.jpg,718,500,RGB
003732,003732.jpg,718,500,RGB
003733,003733.jpg,718,500,RGB
003734,003734.jpg,718,500,RGB
003735,003735.jpg,718,500,RGB
003736,003736.jpg,718,500,RGB
003737,003737.jpg,718,500,RGB
003738,003738.jpg,718,500,RGB
003739,003739.jpg,718,500,RGB
003740,003740.jpg,718,500,RGB
003741,003741.jpg,718,500,RGB
003742,003742.jpg,718,500,RGB
003743,003743.jpg,718,500,RGB
003744,003744.jpg,919,646,RGB
003745,003745.jpg,718,500,RGB
003746,003746.jpg,718,500,RGB
003747,003747.jpg,718,500,RGB
003748,003748.jpg,439,368,RGB
003749,003749.jpg,439,368,RGB
003750,003750.jpg,439,368,RGB
003751,003751.jpg,718,500,RGB
003752,003752.jpg,718,500,RGB
003753,003753.jpg,718,500,RGB
003754,003754.jpg,718,500,RGB
003755,003755.jpg,718,500,RGB
003756,003756.jpg,718,500,RGB
003757,003757.jpg,718,500,RGB
003758,003758.jpg,718,500,RGB
003759,003759.jpg,718,500,RGB
003760,003760.jpg,718,500,RGB
003761,003761.jpg,718,500,RGB
003762,003762.jpg,718,500,RGB
003763,003763.jpg,718,500,RGB
003764,003764.jpg,718,500,RGB
003765,003765.jpg,718,500,RGB
003766,003766.jpg,718,500,RGB
003767,003767.jpg,718,500,RGB
003768,003768.jpg,718,500,RGB
003769,003769.jpg,718,500,RGB
003770,003770.jpg,718,500,RGB
003771,003771.jpg,718,500,RGB
003772,003772.jpg,718,500,RGB
003773,003773.jpg,718,500,RGB
003774,003774.jpg,718,500,RGB
003775,003775.jpg,718,500,RGB
003776,003776.jpg,718,500,RGB
003777,003777.jpg,718,500,RGB
003778,003778.jpg,718,500,RGB
003779,003779.jpg,718,500,RGB
003780,003780.jpg,718,500,RGB
003781,003781.jpg,718,500,RGB
003782,003782.jpg,718,500,RGB
003783,003783.jpg,718,500,RGB
003784,003784.jpg,718,500,RGB
003785,003785.jpg,718,500,RGB
003786,003786.jpg,718,500,RGB
003787,003787.jpg,718,500,RGB
003788,003788.jpg,718,500,RGB
003789,003789.jpg,718,500,RGB
003790,003790.jpg,718,500,RGB
003791,003791.jpg,718,500,RGB
003792,003792.jpg,718,500,RGB
003793,003793.jpg,718,500,RGB
003794,003794.jpg,718,500,RGB
003795,003795.jpg,718,500,RGB
003796,003796.jpg,718,500,RGB
003797,003797.jpg,718,500,RGB
003798,003798.jpg,718,500,RGB
003799,003799.jpg,818,628,RGB
003800,003800.jpg,718,500,RGB
003801,003801.jpg,718,500,RGB
003802,003802.jpg,718,500,RGB
003803,003803.jpg,718,500,RGB
003804,003804.jpg,718,500,RGB
003805,003805.jpg,718,500,RGB
003806,003806.jpg,818,628,RGB
003807,003807.jpg,818,628,RGB
003808,003808.jpg,718,500,RGB
003809,003809.jpg,718,500,RGB
003810,003810.jpg,718,500,RGB
003811,003811.jpg,718,500,RGB
003812,003812.jpg,718,500,RGB
003813,003813.jpg,718,500,RGB
003814,003814.jpg,718,500,RGB
003815,003815.jpg,718,500,RGB
003816,003816.jpg,818,628,RGB
003817,003817.jpg,718,500,RGB
003818,003818.jpg,718,500,RGB
003819,003819.jpg,718,500,RGB
003820,003820.jpg,718,500,RGB
003821,003821.jpg,718,500,RGB
003822,003822.jpg,718,500,RGB
003823,003823.jpg,718,500,RGB
003824,003824.jpg,718,500,RGB
003825,003825.jpg,718,500,RGB
003826,003826.jpg,718,500,RGB
003827,003827.jpg,718,500,RGB
003828,003828.jpg,718,500,RGB
003829,003829.jpg,718,500,RGB
003830,003830.jpg,718,500,RGB
003831,003831.jpg,718,500,RGB
003832,003832.jpg,718,500,RGB
003833,003833.jpg,718,500,RGB
003834,003834.jpg,718,500,RGB
003835,003835.jpg,718,500,RGB
003836,003836.jpg,718,500,RGB
003837,003837.jpg,718,500,RGB
003838,003838.jpg,718,500,RGB
003839,003839.jpg,718,500,RGB
003840,003840.jpg,718,500,RGB
003841,003841.jpg,718,500,RGB
003842,003842.jpg,498,429,RGB
003843,003843.jpg,498,429,RGB
003844,003844.jpg,498,429,RGB
003845,003845.jpg,498,429,RGB
003846,003846.jpg,718,500,RGB
003847,003847.jpg,718,500,RGB
003848,003848.jpg,718,500,RGB
003849,003849.jpg,718,500,RGB
003850,003850.jpg,718,500,RGB
003851,003851.jpg,718,500,RGB
003852,003852.jpg,718,500,RGB
003853,003853.jpg,718,500,RGB
003854,003854.jpg,718,500,RGB
003855,003855.jpg,718,500,RGB
003856,003856.jpg,718,500,RGB
003857,003857.jpg,718,500,RGB
003858,003858.jpg,718,500,RGB
003859,003859.jpg,718,500,RGB
003860,003860.jpg,718,500,RGB
003861,003861.jpg,718,500,RGB
003862,003862.jpg,718,500,RGB
003863,003863.jpg,439,368,RGB
003864,003864.jpg,439,368,RGB
003865,003865.jpg,718,500,RGB
003866,003866.jpg,718,500,RGB
003867,003867.jpg,718,500,RGB
003868,003868.jpg,718,500,RGB
003869,003869.jpg,718,500,RGB
003870,003870.jpg,718,500,RGB
003871,003871.jpg,718,500,RGB
003872,003872.jpg,718,500,RGB
003873,003873.jpg,718,500,RGB
003874,003874.jpg,718,500,RGB
003875,003875.jpg,718,500,RGB
003876,003876.jpg,718,500,RGB
003877,003877.jpg,718,500,RGB
003878,003878.jpg,718,500,RGB
003879,003879.jpg,718,500,RGB
003880,003880.jpg,718,500,RGB
003881,003881.jpg,718,500,RGB
003882,003882.jpg,718,500,RGB
003883,003883.jpg,718,500,RGB
003884,003884.jpg,718,500,RGB
003885,003885.jpg,718,500,RGB
003886,003886.jpg,718,500,RGB
003887,003887.jpg,718,500,RGB
003888,003888.jpg,718,500,RGB
003889,003889.jpg,718,500,RGB
003890,003890.jpg,718,500,RGB
003891,003891.jpg,718,500,RGB
003892,003892.jpg,718,500,RGB
003893,003893.jpg,718,500,RGB
003894,003894.jpg,718,500,RGB
003895,003895.jpg,718,500,RGB
003896,003896.jpg,718,500,RGB
003897,003897.jpg,718,500,RGB
003898,003898.jpg,718,500,RGB
003899,003899.jpg,718,500,RGB
003900,003900.jpg,718,500,RGB
003901,003901.jpg,718,500,RGB
003902,003902.jpg,718,500,RGB
003903,003903.jpg,718,500,RGB
003904,003904.jpg,718,500,RGB
003905,003905.jpg,718,500,RGB
003906,003906.jpg,718,500,RGB
003907,003907.jpg,718,500,RGB
003908,003908.jpg,718,500,RGB
003909,003909.jpg,718,500,RGB
003910,003910.jpg,718,500,RGB
003911,003911.jpg,818,628,RGB
003912,003912.jpg,718,500,RGB
003913,003913.jpg,718,500,RGB
003914,003914.jpg,718,500,RGB
003915,003915.jpg,718,500,RGB
003916,003916.jpg,718,500,RGB
003917,003917.jpg,718,500,RGB
003918,003918.jpg,718,500,RGB
003919,003919.jpg,718,500,RGB
003920,003920.jpg,718,500,RGB
003921,003921.jpg,818,628,RGB
003922,003922.jpg,818,628,RGB
003923,003923.jpg,718,500,RGB
003924,003924.jpg,718,500,RGB
003925,003925.jpg,718,500,RGB
003926,003926.jpg,718,500,RGB
003927,003927.jpg,718,500,RGB
003928,003928.jpg,718,500,RGB
003929,003929.jpg,718,500,RGB
003930,003930.jpg,718,500,RGB
003931,003931.jpg,718,500,RGB
003932,003932.jpg,718,500,RGB
003933,003933.jpg,718,500,RGB
003934,003934.jpg,718,500,RGB
003935,003935.jpg,718,500,RGB
003936,003936.jpg,718,500,RGB
003937,003937.jpg,718,500,RGB
003938,003938.jpg,718,500,RGB
003939,003939.jpg,718,500,RGB
003940,003940.jpg,718,500,RGB
003941,003941.jpg,718,500,RGB
003942,003942.jpg,718,500,RGB
003943,003943.jpg,718,500,RGB
003944,003944.jpg,718,500,RGB
003945,003945.jpg,718,500,RGB
003946,003946.jpg,718,500,RGB
003947,003947.jpg,718,500,RGB
003948,003948.jpg,718,500,RGB
003949,003949.jpg,718,500,RGB
003950,003950.jpg,718,500,RGB
003951,003951.jpg,718,500,RGB
003952,003952.jpg,718,500,RGB
003953,003953.jpg,818,628,RGB
003954,003954.jpg,718,500,RGB
003955,003955.jpg,718,500,RGB
003956,003956.jpg,718,500,RGB
003957,003957.jpg,718,500,RGB
003958,003958.jpg,718,500,RGB
003959,003959.jpg,718,500,RGB
003960,003960.jpg,718,500,RGB
003961,003961.jpg,718,500,RGB
003962,003962.jpg,818,628,RGB
003963,003963.jpg,818,628,RGB
003964,003964.jpg,718,500,RGB
003965,003965.jpg,718,500,RGB
003966,003966.jpg,718,500,RGB
003967,003967.jpg,718,500,RGB
003968,003968.jpg,718,500,RGB
003969,003969.jpg,718,500,RGB
003970,003970.jpg,718,500,RGB
003971,003971.jpg,718,500,RGB
003972,003972.jpg,718,500,RGB
003973,003973.jpg,718,500,RGB
003974,003974.jpg,718,500,RGB
003975,003975.jpg,718,500,RGB
003976,003976.jpg,718,500,RGB
003977,003977.jpg,718,500,RGB
003978,003978.jpg,718,500,RGB
003979,003979.jpg,718,500,RGB
003980,003980.jpg,718,500,RGB
003981,003981.jpg,718,500,RGB
003982,003982.jpg,718,500,RGB
003983,003983.jpg,718,500,RGB
003984,003984.jpg,718,500,RGB
003985,003985.jpg,718,500,RGB
003986,003986.jpg,718,500,RGB
003987,003987.jpg,718,500,RGB
003988,003988.jpg,718,500,RGB
003989,003989.jpg,718,500,RGB
003990,003990.jpg,718,500,RGB
003991,003991.jpg,718,500,RGB
003992,003992.jpg,718,500,RGB
003993,003993.jpg,718,500,RGB
003994,003994.jpg,718,500,RGB
003995,003995.jpg,718,500,RGB
003996,003996.jpg,718,500,RGB
003997,003997.jpg,718,500,RGB
003998,003998.jpg,718,500,RGB
003999,003999.jpg,718,500,RGB
004000,004000.jpg,718,500,RGB
004001,004001.jpg,718,500,RGB
004002,004002.jpg,718,500,RGB
004003,004003.jpg,818,628,RGB
004004,004004.jpg,818,628,RGB
004005,004005.jpg,818,628,RGB
004006,004006.jpg,718,500,RGB
004007,004007.jpg,718,500,RGB
004008,004008.jpg,718,500,RGB
004009,004009.jpg,718,500,RGB
004010,004010.jpg,718,500,RGB
004011,004011.jpg,718,500,RGB
004012,004012.jpg,718,500,RGB
004013,004013.jpg,718,500,RGB
004014,004014.jpg,718,500,RGB
004015,004015.jpg,718,500,RGB
004016,004016.jpg,718,500,RGB
004017,004017.jpg,718,500,RGB
004018,004018.jpg,718,500,RGB
004019,004019.jpg,718,500,RGB
004020,004020.jpg,818,628,RGB
004021,004021.jpg,718,500,RGB
004022,004022.jpg,718,500,RGB
004023,004023.jpg,818,628,RGB
004024,004024.jpg,818,628,RGB
004025,004025.jpg,818,628,RGB
004026,004026.jpg,818,628,RGB
004027,004027.jpg,818,628,RGB
004028,004028.jpg,818,628,RGB
004029,004029.jpg,818,628,RGB
004030,004030.jpg,439,368,RGB
004031,004031.jpg,439,368,RGB
004032,004032.jpg,718,500,RGB
004033,004033.jpg,718,500,RGB
004034,004034.jpg,718,500,RGB
004035,004035.jpg,718,500,RGB
004036,004036.jpg,718,500,RGB
004037,004037.jpg,718,500,RGB
004038,004038.jpg,718,500,RGB
004039,004039.jpg,718,500,RGB
004040,004040.jpg,718,500,RGB
004041,004041.jpg,818,628,RGB
004042,004042.jpg,718,500,RGB
004043,004043.jpg,718,500,RGB
004044,004044.jpg,818,628,RGB
004045,004045.jpg,718,500,RGB
004046,004046.jpg,718,500,RGB
004047,004047.jpg,718,500,RGB
004048,004048.jpg,718,500,RGB
004049,004049.jpg,718,500,RGB
004050,004050.jpg,718,500,RGB
004051,004051.jpg,718,500,RGB
004052,004052.jpg,718,500,RGB
004053,004053.jpg,718,500,RGB
004054,004054.jpg,718,500,RGB
004055,004055.jpg,718,500,RGB
004056,004056.jpg,718,500,RGB
004057,004057.jpg,718,500,RGB
004058,004058.jpg,718,500,RGB
004059,004059.jpg,718,500,RGB
004060,004060.jpg,718,500,RGB
004061,004061.jpg,718,500,RGB
004062,004062.jpg,718,500,RGB
004063,004063.jpg,818,628,RGB
004064,004064.jpg,718,500,RGB
004065,004065.jpg,718,500,RGB
004066,004066.jpg,718,500,RGB
004067,004067.jpg,718,500,RGB
004068,004068.jpg,718,500,RGB
004069,004069.jpg,718,500,RGB
004070,004070.jpg,718,500,RGB
004071,004071.jpg,718,500,RGB
004072,004072.jpg,718,500,RGB
004073,004073.jpg,718,500,RGB
004074,004074.jpg,718,500,RGB
004075,004075.jpg,718,500,RGB
004076,004076.jpg,818,628,RGB
004077,004077.jpg,818,628,RGB
004078,004078.jpg,718,500,RGB
004079,004079.jpg,718,500,RGB
004080,004080.jpg,718,500,RGB
004081,004081.jpg,718,500,RGB
004082,004082.jpg,718,500,RGB
004083,004083.jpg,718,500,RGB
004084,004084.jpg,718,500,RGB
004085,004085.jpg,718,500,RGB
004086,004086.jpg,718,500,RGB
004087,004087.jpg,718,500,RGB
004088,004088.jpg,818,628,RGB
004089,004089.jpg,818,628,RGB
004090,004090.jpg,818,628,RGB
004091,004091.jpg,818,628,RGB
004092,004092.jpg,718,500,RGB
004093,004093.jpg,718,500,RGB
004094,004094.jpg,718,500,RGB
004095,004095.jpg,718,500,RGB
004096,004096.jpg,818,628,RGB
004097,004097.jpg,818,628,RGB
004098,004098.jpg,718,500,RGB
004099,004099.jpg,718,500,RGB
004100,004100.jpg,718,500,RGB
004101,004101.jpg,718,500,RGB
004102,004102.jpg,718,500,RGB
004103,004103.jpg,718,500,RGB
004104,004104.jpg,718,500,RGB
004105,004105.jpg,718,500,RGB
004106,004106.jpg,718,500,RGB
004107,004107.jpg,718,500,RGB
004108,004108.jpg,718,500,RGB
004109,004109.jpg,718,500,RGB
004110,004110.jpg,818,628,RGB
004111,004111.jpg,718,500,RGB
004112,004112.jpg,718,500,RGB
004113,004113.jpg,718,500,RGB
004114,004114.jpg,718,500,RGB
004115,004115.jpg,718,500,RGB
004116,004116.jpg,718,500,RGB
004117,004117.jpg,718,500,RGB
004118,004118.jpg,718,500,RGB
004119,004119.jpg,718,500,RGB
004120,004120.jpg,718,500,RGB
004121,004121.jpg,718,500,RGB
004122,004122.jpg,718,500,RGB
004123,004123.jpg,718,500,RGB
004124,004124.jpg,718,500,RGB
004125,004125.jpg,718,500,RGB
004126,004126.jpg,718,500,RGB
004127,004127.jpg,718,500,RGB
004128,004128.jpg,718,500,RGB
004129,004129.jpg,718,500,RGB
004130,004130.jpg,718,500,RGB
004131,004131.jpg,718,500,RGB
004132,004132.jpg,718,500,RGB
004133,004133.jpg,718,500,RGB
004134,004134.jpg,718,500,RGB
004135,004135.jpg,818,628,RGB
004136,004136.jpg,718,500,RGB
004137,004137.jpg,718,500,RGB
004138,004138.jpg,718,500,RGB
004139,004139.jpg,718,500,RGB
004140,004140.jpg,718,500,RGB
004141,004141.jpg,718,500,RGB
004142,004142.jpg,718,500,RGB
004143,004143.jpg,718,500,RGB
004144,004144.jpg,718,500,RGB
004145,004145.jpg,718,500,RGB
004146,004146.jpg,439,368,RGB
004147,004147.jpg,718,500,RGB
004148,004148.jpg,718,500,RGB
004149,004149.jpg,718,500,RGB
004150,004150.jpg,718,500,RGB
004151,004151.jpg,718,500,RGB
004152,004152.jpg,718,500,RGB
004153,004153.jpg,818,628,RGB
004154,004154.jpg,718,500,RGB
004155,004155.jpg,718,500,RGB
004156,004156.jpg,718,500,RGB
004157,004157.jpg,718,500,RGB
004158,004158.jpg,718,500,RGB
004159,004159.jpg,718,500,RGB
004160,004160.jpg,718,500,RGB
004161,004161.jpg,818,628,RGB
004162,004162.jpg,718,500,RGB
004163,004163.jpg,718,500,RGB
004164,004164.jpg,718,500,RGB
004165,004165.jpg,718,500,RGB
004166,004166.jpg,718,500,RGB
004167,004167.jpg,818,628,RGB
004168,004168.jpg,818,628,RGB
004169,004169.jpg,818,628,RGB
004170,004170.jpg,718,500,RGB
004171,004171.jpg,818,628,RGB
004172,004172.jpg,818,628,RGB
004173,004173.jpg,818,628,RGB
004174,004174.jpg,818,628,RGB
004175,004175.jpg,718,500,RGB
004176,004176.jpg,718,500,RGB
004177,004177.jpg,718,500,RGB
004178,004178.jpg,718,500,RGB
004179,004179.jpg,718,500,RGB
004180,004180.jpg,718,500,RGB
004181,004181.jpg,718,500,RGB
004182,004182.jpg,718,500,RGB
004183,004183.jpg,718,500,RGB
004184,004184.jpg,718,500,RGB
004185,004185.jpg,718,500,RGB
004186,004186.jpg,718,500,RGB
004187,004187.jpg,718,500,RGB
004188,004188.jpg,718,500,RGB
004189,004189.jpg,718,500,RGB
004190,004190.jpg,718,500,RGB
004191,004191.jpg,718,500,RGB
004192,004192.jpg,818,628,RGB
004193,004193.jpg,718,500,RGB
004194,004194.jpg,718,500,RGB
004195,004195.jpg,818,628,RGB
004196,004196.jpg,718,500,RGB
004197,004197.jpg,718,500,RGB
004198,004198.jpg,718,500,RGB
004199,004199.jpg,718,500,RGB
004200,004200.jpg,718,500,RGB
004201,004201.jpg,498,429,RGB
004202,004202.jpg,498,429,RGB
004203,004203.jpg,498,429,RGB
004204,004204.jpg,718,500,RGB
004205,004205.jpg,818,628,RGB
004206,004206.jpg,818,628,RGB
004207,004207.jpg,718,500,RGB
004208,004208.jpg,718,500,RGB
004209,004209.jpg,818,628,RGB
004210,004210.jpg,818,628,RGB
004211,004211.jpg,818,628,RGB
004212,004212.jpg,818,628,RGB
004213,004213.jpg,818,628,RGB
004214,004214.jpg,718,500,RGB
004215,004215.jpg,718,500,RGB
004216,004216.jpg,718,500,RGB
004217,004217.jpg,718,500,RGB
004218,004218.jpg,718,500,RGB
004219,004219.jpg,718,500,RGB
004220,004220.jpg,718,500,RGB
004221,004221.jpg,818,628,RGB
004222,004222.jpg,818,628,RGB
004223,004223.jpg,718,500,RGB
004224,004224.jpg,718,500,RGB
004225,004225.jpg,718,500,RGB
004226,004226.jpg,718,500,RGB
004227,004227.jpg,718,500,RGB
004228,004228.jpg,718,500,RGB
004229,004229.jpg,718,500,RGB
004230,004230.jpg,718,500,RGB
004231,004231.jpg,718,500,RGB
004232,004232.jpg,718,500,RGB
004233,004233.jpg,718,500,RGB
004234,004234.jpg,718,500,RGB
004235,004235.jpg,718,500,RGB
004236,004236.jpg,718,500,RGB
004237,004237.jpg,718,500,RGB
004238,004238.jpg,439,368,RGB
004239,004239.jpg,439,368,RGB
004240,004240.jpg,818,628,RGB
004241,004241.jpg,818,628,RGB
004242,004242.jpg,818,628,RGB
004243,004243.jpg,718,500,RGB
004244,004244.jpg,818,628,RGB
004245,004245.jpg,818,628,RGB
004246,004246.jpg,818,628,RGB
004247,004247.jpg,818,628,RGB
004248,004248.jpg,818,628,RGB
004249,004249.jpg,818,628,RGB
004250,004250.jpg,818,628,RGB
004251,004251.jpg,818,628,RGB
004252,004252.jpg,718,500,RGB
004253,004253.jpg,718,500,RGB
004254,004254.jpg,718,500,RGB
004255,004255.jpg,718,500,RGB
004256,004256.jpg,718,500,RGB
004257,004257.jpg,818,628,RGB
004258,004258.jpg,818,628,RGB
004259,004259.jpg,818,628,RGB
004260,004260.jpg,718,500,RGB
004261,004261.jpg,718,500,RGB
004262,004262.jpg,818,628,RGB
004263,004263.jpg,818,628,RGB
004264,004264.jpg,718,500,RGB
004265,004265.jpg,718,500,RGB
004266,004266.jpg,818,628,RGB
004267,004267.jpg,718,500,RGB
004268,004268.jpg,718,500,RGB
004269,004269.jpg,718,500,RGB
004270,004270.jpg,718,500,RGB
004271,004271.jpg,718,500,RGB
004272,004272.jpg,718,500,RGB
004273,004273.jpg,718,500,RGB
004274,004274.jpg,718,500,RGB
004275,004275.jpg,818,628,RGB
004276,004276.jpg,818,628,RGB
004277,004277.jpg,718,500,RGB
004278,004278.jpg,718,500,RGB
004279,004279.jpg,718,500,RGB
004280,004280.jpg,718,500,RGB
004281,004281.jpg,718,500,RGB
004282,004282.jpg,718,500,RGB
004283,004283.jpg,718,500,RGB
004284,004284.jpg,718,500,RGB
004285,004285.jpg,718,500,RGB
004286,004286.jpg,718,500,RGB
004287,004287.jpg,718,500,RGB
004288,004288.jpg,718,500,RGB
004289,004289.jpg,818,628,RGB
004290,004290.jpg,718,500,RGB
004291,004291.jpg,718,500,RGB
004292,004292.jpg,718,500,RGB
004293,004293.jpg,718,500,RGB
004294,004294.jpg,718,500,RGB
004295,004295.jpg,718,500,RGB
004296,004296.jpg,718,500,RGB
004297,004297.jpg,718,500,RGB
004298,004298.jpg,718,500,RGB
004299,004299.jpg,718,500,RGB
004300,004300.jpg,718,500,RGB
004301,004301.jpg,718,500,RGB
004302,004302.jpg,718,500,RGB
004303,004303.jpg,718,500,RGB
004304,004304.jpg,718,500,RGB
004305,004305.jpg,718,500,RGB
004306,004306.jpg,439,368,RGB
004307,004307.jpg,439,368,RGB
004308,004308.jpg,718,500,RGB
004309,004309.jpg,718,500,RGB
004310,004310.jpg,718,500,RGB
004311,004311.jpg,718,500,RGB
004312,004312.jpg,718,500,RGB
004313,004313.jpg,718,500,RGB
004314,004314.jpg,718,500,RGB
004315,004315.jpg,718,500,RGB
004316,004316.jpg,718,500,RGB
004317,004317.jpg,718,500,RGB
004318,004318.jpg,718,500,RGB
004319,004319.jpg,718,500,RGB
004320,004320.jpg,818,628,RGB
004321,004321.jpg,818,628,RGB
004322,004322.jpg,818,628,RGB
004323,004323.jpg,718,500,RGB
004324,004324.jpg,718,500,RGB
004325,004325.jpg,718,500,RGB
004326,004326.jpg,718,500,RGB
004327,004327.jpg,718,500,RGB
004328,004328.jpg,718,500,RGB
004329,004329.jpg,718,500,RGB
004330,004330.jpg,718,500,RGB
004331,004331.jpg,718,500,RGB
004332,004332.jpg,718,500,RGB
004333,004333.jpg,718,500,RGB
004334,004334.jpg,718,500,RGB
004335,004335.jpg,498,429,RGB
004336,004336.jpg,498,429,RGB
004337,004337.jpg,498,429,RGB
004338,004338.jpg,498,429,RGB
004339,004339.jpg,718,500,RGB
004340,004340.jpg,718,500,RGB
004341,004341.jpg,718,500,RGB
004342,004342.jpg,718,500,RGB
004343,004343.jpg,718,500,RGB
004344,004344.jpg,718,500,RGB
004345,004345.jpg,718,500,RGB
004346,004346.jpg,718,500,RGB
004347,004347.jpg,718,500,RGB
004348,004348.jpg,718,500,RGB
004349,004349.jpg,818,628,RGB
004350,004350.jpg,818,628,RGB
004351,004351.jpg,818,628,RGB
004352,004352.jpg,818,628,RGB
004353,004353.jpg,818,628,RGB
004354,004354.jpg,818,628,RGB
004355,004355.jpg,718,500,RGB
004356,004356.jpg,718,500,RGB
004357,004357.jpg,818,628,RGB
004358,004358.jpg,818,628,RGB
004359,004359.jpg,818,628,RGB
004360,004360.jpg,718,500,RGB
004361,004361.jpg,718,500,RGB
004362,004362.jpg,718,500,RGB
004363,004363.jpg,718,500,RGB
004364,004364.jpg,718,500,RGB
004365,004365.jpg,718,500,RGB
004366,004366.jpg,718,500,RGB
004367,004367.jpg,718,500,RGB
004368,004368.jpg,718,500,RGB
004369,004369.jpg,718,500,RGB
004370,004370.jpg,718,500,RGB
004371,004371.jpg,718,500,RGB
004372,004372.jpg,718,500,RGB
004373,004373.jpg,718,500,RGB
004374,004374.jpg,718,500,RGB
004375,004375.jpg,718,500,RGB
004376,004376.jpg,718,500,RGB
004377,004377.jpg,718,500,RGB
004378,004378.jpg,718,500,RGB
004379,004379.jpg,718,500,RGB
004380,004380.jpg,718,500,RGB
004381,004381.jpg,718,500,RGB
004382,004382.jpg,718,500,RGB
004383,004383.jpg,718,500,RGB
004384,004384.jpg,718,500,RGB
004385,004385.jpg,718,500,RGB
004386,004386.jpg,718,500,RGB
004387,004387.jpg,718,500,RGB
004388,004388.jpg,718,500,RGB
004389,004389.jpg,718,500,RGB
004390,004390.jpg,718,500,RGB
004391,004391.jpg,718,500,RGB
004392,004392.jpg,718,500,RGB
004393,004393.jpg,718,500,RGB
004394,004394.jpg,718,500,RGB
004395,004395.jpg,718,500,RGB
004396,004396.jpg,718,500,RGB
004397,004397.jpg,718,500,RGB
004398,004398.jpg,718,500,RGB
004399,004399.jpg,718,500,RGB
004400,004400.jpg,718,500,RGB
004401,004401.jpg,718,500,RGB
004402,004402.jpg,718,500,RGB
004403,004403.jpg,718,500,RGB
004404,004404.jpg,718,500,RGB
004405,004405.jpg,718,500,RGB
004406,004406.jpg,718,500,RGB
004407,004407.jpg,718,500,RGB
004408,004408.jpg,718,500,RGB
004409,004409.jpg,439,368,RGB
004410,004410.jpg,718,500,RGB
004411,004411.jpg,718,500,RGB
004412,004412.jpg,718,500,RGB
004413,004413.jpg,718,500,RGB
004414,004414.jpg,718,500,RGB
004415,004415.jpg,718,500,RGB
004416,004416.jpg,439,368,RGB
004417,004417.jpg,439,368,RGB
004418,004418.jpg,439,368,RGB
004419,004419.jpg,718,500,RGB
004420,004420.jpg,718,500,RGB
004421,004421.jpg,718,500,RGB
004422,004422.jpg,718,500,RGB
004423,004423.jpg,718,500,RGB
004424,004424.jpg,718,500,RGB
004425,004425.jpg,718,500,RGB
004426,004426.jpg,718,500,RGB
004427,004427.jpg,718,500,RGB
004428,004428.jpg,718,500,RGB
004429,004429.jpg,718,500,RGB
004430,004430.jpg,718,500,RGB
004431,004431.jpg,718,500,RGB
004432,004432.jpg,718,500,RGB
004433,004433.jpg,718,500,RGB
004434,004434.jpg,718,500,RGB
004435,004435.jpg,439,368,RGB
004436,004436.jpg,718,500,RGB
004437,004437.jpg,718,500,RGB
004438,004438.jpg,718,500,RGB
004439,004439.jpg,718,500,RGB
004440,004440.jpg,718,500,RGB
004441,004441.jpg,718,500,RGB
004442,004442.jpg,718,500,RGB
004443,004443.jpg,718,500,RGB
004444,004444.jpg,718,500,RGB
004445,004445.jpg,718,500,RGB
004446,004446.jpg,718,500,RGB
004447,004447.jpg,718,500,RGB
004448,004448.jpg,718,500,RGB
004449,004449.jpg,718,500,RGB
004450,004450.jpg,718,500,RGB
004451,004451.jpg,718,500,RGB
004452,004452.jpg,718,500,RGB
004453,004453.jpg,718,500,RGB
004454,004454.jpg,718,500,RGB
004455,004455.jpg,718,500,RGB
004456,004456.jpg,718,500,RGB
004457,004457.jpg,818,628,RGB
004458,004458.jpg,818,628,RGB
004459,004459.jpg,439,368,RGB
004460,004460.jpg,439,368,RGB
004461,004461.jpg,718,500,RGB
004462,004462.jpg,718,500,RGB
004463,004463.jpg,718,500,RGB
004464,004464.jpg,718,500,RGB
004465,004465.jpg,718,500,RGB
004466,004466.jpg,718,500,RGB
004467,004467.jpg,718,500,RGB
004468,004468.jpg,718,500,RGB
004469,004469.jpg,718,500,RGB
004470,004470.jpg,718,500,RGB
004471,004471.jpg,718,500,RGB
004472,004472.jpg,718,500,RGB
004473,004473.jpg,718,500,RGB
004474,004474.jpg,718,500,RGB
004475,004475.jpg,718,500,RGB
004476,004476.jpg,718,500,RGB
004477,004477.jpg,718,500,RGB
004478,004478.jpg,718,500,RGB
004479,004479.jpg,718,500,RGB
004480,004480.jpg,718,500,RGB
004481,004481.jpg,718,500,RGB
004482,004482.jpg,718,500,RGB
004483,004483.jpg,718,500,RGB
004484,004484.jpg,718,500,RGB
004485,004485.jpg,718,500,RGB
004486,004486.jpg,718,500,RGB
004487,004487.jpg,718,500,RGB
004488,004488.jpg,718,500,RGB
004489,004489.jpg,718,500,RGB
004490,004490.jpg,718,500,RGB
004491,004491.jpg,718,500,RGB
004492,004492.jpg,718,500,RGB
004493,004493.jpg,718,500,RGB
004494,004494.jpg,718,500,RGB
004495,004495.jpg,718,500,RGB
004496,004496.jpg,718,500,RGB
004497,004497.jpg,718,500,RGB
004498,004498.jpg,818,628,RGB
004499,004499.jpg,818,628,RGB
004500,004500.jpg,718,500,RGB
004501,004501.jpg,818,628,RGB
004502,004502.jpg,818,628,RGB
004503,004503.jpg,818,628,RGB
004504,004504.jpg,818,628,RGB
004505,004505.jpg,818,628,RGB
004506,004506.jpg,818,628,RGB
004507,004507.jpg,718,500,RGB
004508,004508.jpg,718,500,RGB
004509,004509.jpg,718,500,RGB
004510,004510.jpg,718,500,RGB
004511,004511.jpg,718,500,RGB
004512,004512.jpg,718,500,RGB
004513,004513.jpg,718,500,RGB
004514,004514.jpg,718,500,RGB
004515,004515.jpg,718,500,RGB
004516,004516.jpg,718,500,RGB
004517,004517.jpg,718,500,RGB
004518,004518.jpg,718,500,RGB
004519,004519.jpg,818,628,RGB
004520,004520.jpg,818,628,RGB
004521,004521.jpg,718,500,RGB
004522,004522.jpg,718,500,RGB
004523,004523.jpg,718,500,RGB
004524,004524.jpg,718,500,RGB
004525,004525.jpg,718,500,RGB
004526,004526.jpg,718,500,RGB
004527,004527.jpg,718,500,RGB
004528,004528.jpg,718,500,RGB
004529,004529.jpg,718,500,RGB
004530,004530.jpg,718,500,RGB
004531,004531.jpg,718,500,RGB
004532,004532.jpg,718,500,RGB
004533,004533.jpg,718,500,RGB
004534,004534.jpg,718,500,RGB
004535,004535.jpg,718,500,RGB
004536,004536.jpg,718,500,RGB
004537,004537.jpg,718,500,RGB
004538,004538.jpg,718,500,RGB
004539,004539.jpg,718,500,RGB
004540,004540.jpg,718,500,RGB
004541,004541.jpg,718,500,RGB
004542,004542.jpg,718,500,RGB
004543,004543.jpg,718,500,RGB
004544,004544.jpg,718,500,RGB
004545,004545.jpg,818,628,RGB
004546,004546.jpg,718,500,RGB
004547,004547.jpg,818,628,RGB
004548,004548.jpg,818,628,RGB
004549,004549.jpg,718,500,RGB
004550,004550.jpg,818,628,RGB
004551,004551.jpg,818,628,RGB
004552,004552.jpg,818,628,RGB
004553,004553.jpg,718,500,RGB
004554,004554.jpg,818,628,RGB
004555,004555.jpg,818,628,RGB
004556,004556.jpg,718,500,RGB
004557,004557.jpg,818,628,RGB
004558,004558.jpg,439,368,RGB
004559,004559.jpg,439,368,RGB
004560,004560.jpg,718,500,RGB
004561,004561.jpg,718,500,RGB
004562,004562.jpg,718,500,RGB
004563,004563.jpg,718,500,RGB
004564,004564.jpg,718,500,RGB
004565,004565.jpg,718,500,RGB
004566,004566.jpg,718,500,RGB
004567,004567.jpg,718,500,RGB
004568,004568.jpg,718,500,RGB
004569,004569.jpg,718,500,RGB
004570,004570.jpg,718,500,RGB
004571,004571.jpg,718,500,RGB
004572,004572.jpg,718,500,RGB
004573,004573.jpg,718,500,RGB
004574,004574.jpg,718,500,RGB
004575,004575.jpg,718,500,RGB
004576,004576.jpg,718,500,RGB
004577,004577.jpg,718,500,RGB
004578,004578.jpg,718,500,RGB
004579,004579.jpg,718,500,RGB
004580,004580.jpg,718,500,RGB
004581,004581.jpg,718,500,RGB
004582,004582.jpg,718,500,RGB
004583,004583.jpg,718,500,RGB
004584,004584.jpg,718,500,RGB
004585,004585.jpg,818,628,RGB
004586,004586.jpg,718,500,RGB
004587,004587.jpg,718,500,RGB
004588,004588.jpg,718,500,RGB
004589,004589.jpg,718,500,RGB
004590,004590.jpg,718,500,RGB
004591,004591.jpg,718,500,RGB
004592,004592.jpg,718,500,RGB
004593,004593.jpg,718,500,RGB
004594,004594.jpg,718,500,RGB
004595,004595.jpg,718,500,RGB
004596,004596.jpg,718,500,RGB
004597,004597.jpg,718,500,RGB
004598,004598.jpg,718,500,RGB
004599,004599.jpg,818,628,RGB
004600,004600.jpg,718,500,RGB
004601,004601.jpg,818,628,RGB
004602,004602.jpg,818,628,RGB
004603,004603.jpg,718,500,RGB
004604,004604.jpg,718,500,RGB
004605,004605.jpg,718,500,RGB
004606,004606.jpg,718,500,RGB
004607,004607.jpg,718,500,RGB
004608,004608.jpg,718,500,RGB
004609,004609.jpg,718,500,RGB
004610,004610.jpg,718,500,RGB
004611,004611.jpg,718,500,RGB
004612,004612.jpg,718,500,RGB
004613,004613.jpg,718,500,RGB
004614,004614.jpg,718,500,RGB
004615,004615.jpg,718,500,RGB
004616,004616.jpg,718,500,RGB
004617,004617.jpg,718,500,RGB
004618,004618.jpg,718,500,RGB
004619,004619.jpg,718,500,RGB
004620,004620.jpg,718,500,RGB
004621,004621.jpg,718,500,RGB
004622,004622.jpg,439,368,RGB
004623,004623.jpg,718,500,RGB
004624,004624.jpg,718,500,RGB
004625,004625.jpg,718,500,RGB
004626,004626.jpg,718,500,RGB
004627,004627.jpg,718,500,RGB
004628,004628.jpg,718,500,RGB
004629,004629.jpg,498,429,RGB
004630,004630.jpg,498,429,RGB
004631,004631.jpg,818,628,RGB
004632,004632.jpg,718,500,RGB
004633,004633.jpg,818,628,RGB
004634,004634.jpg,718,500,RGB
004635,004635.jpg,718,500,RGB
004636,004636.jpg,718,500,RGB
004637,004637.jpg,718,500,RGB
004638,004638.jpg,718,500,RGB
004639,004639.jpg,718,500,RGB
004640,004640.jpg,718,500,RGB
004641,004641.jpg,718,500,RGB
004642,004642.jpg,718,500,RGB
004643,004643.jpg,718,500,RGB
004644,004644.jpg,818,628,RGB
004645,004645.jpg,718,500,RGB
004646,004646.jpg,718,500,RGB
004647,004647.jpg,718,500,RGB
004648,004648.jpg,718,500,RGB
004649,004649.jpg,718,500,RGB
004650,004650.jpg,718,500,RGB
004651,004651.jpg,718,500,RGB
004652,004652.jpg,718,500,RGB
004653,004653.jpg,718,500,RGB
004654,004654.jpg,718,500,RGB
004655,004655.jpg,718,500,RGB
004656,004656.jpg,718,500,RGB
004657,004657.jpg,718,500,RGB
004658,004658.jpg,718,500,RGB
004659,004659.jpg,439,368,RGB
004660,004660.jpg,718,500,RGB
004661,004661.jpg,718,500,RGB
004662,004662.jpg,718,500,RGB
004663,004663.jpg,718,500,RGB
004664,004664.jpg,718,500,RGB
004665,004665.jpg,718,500,RGB
004666,004666.jpg,718,500,RGB
004667,004667.jpg,718,500,RGB
004668,004668.jpg,718,500,RGB
004669,004669.jpg,718,500,RGB
004670,004670.jpg,818,628,RGB
004671,004671.jpg,718,500,RGB
004672,004672.jpg,718,500,RGB
004673,004673.jpg,718,500,RGB
004674,004674.jpg,718,500,RGB
004675,004675.jpg,718,500,RGB
004676,004676.jpg,718,500,RGB
004677,004677.jpg,718,500,RGB
004678,004678.jpg,718,500,RGB
004679,004679.jpg,718,500,RGB
004680,004680.jpg,718,500,RGB
004681,004681.jpg,718,500,RGB
004682,004682.jpg,718,500,RGB
004683,004683.jpg,718,500,RGB
004684,004684.jpg,718,500,RGB
004685,004685.jpg,498,429,RGB
004686,004686.jpg,498,429,RGB
004687,004687.jpg,498,429,RGB
004688,004688.jpg,498,429,RGB
004689,004689.jpg,718,500,RGB
004690,004690.jpg,718,500,RGB
004691,004691.jpg,718,500,RGB
004692,004692.jpg,718,500,RGB
004693,004693.jpg,718,500,RGB
004694,004694.jpg,718,500,RGB
004695,004695.jpg,718,500,RGB
004696,004696.jpg,718,500,RGB
004697,004697.jpg,718,500,RGB
004698,004698.jpg,439,368,RGB
004699,004699.jpg,718,500,RGB
004700,004700.jpg,718,500,RGB
004701,004701.jpg,718,500,RGB
004702,004702.jpg,718,500,RGB
004703,004703.jpg,718,500,RGB
004704,004704.jpg,718,500,RGB
004705,004705.jpg,718,500,RGB
004706,004706.jpg,818,628,RGB
004707,004707.jpg,718,500,RGB
004708,004708.jpg,718,500,RGB
004709,004709.jpg,718,500,RGB
004710,004710.jpg,718,500,RGB
004711,004711.jpg,718,500,RGB
004712,004712.jpg,718,500,RGB
004713,004713.jpg,718,500,RGB
004714,004714.jpg,718,500,RGB
004715,004715.jpg,718,500,RGB
004716,004716.jpg,718,500,RGB
004717,004717.jpg,718,500,RGB
004718,004718.jpg,718,500,RGB
004719,004719.jpg,718,500,RGB
004720,004720.jpg,718,500,RGB
004721,004721.jpg,818,628,RGB
004722,004722.jpg,818,628,RGB
004723,004723.jpg,818,628,RGB
004724,004724.jpg,718,500,RGB
004725,004725.jpg,718,500,RGB
004726,004726.jpg,718,500,RGB
004727,004727.jpg,818,628,RGB
004728,004728.jpg,818,628,RGB
004729,004729.jpg,818,628,RGB
004730,004730.jpg,718,500,RGB
004731,004731.jpg,718,500,RGB
004732,004732.jpg,818,628,RGB
004733,004733.jpg,818,628,RGB
004734,004734.jpg,718,500,RGB
004735,004735.jpg,718,500,RGB
004736,004736.jpg,718,500,RGB
004737,004737.jpg,718,500,RGB
004738,004738.jpg,718,500,RGB
004739,004739.jpg,818,628,RGB
004740,004740.jpg,818,628,RGB
004741,004741.jpg,818,628,RGB
004742,004742.jpg,718,500,RGB
004743,004743.jpg,718,500,RGB
004744,004744.jpg,718,500,RGB
004745,004745.jpg,718,500,RGB
004746,004746.jpg,718,500,RGB
004747,004747.jpg,718,500,RGB
004748,004748.jpg,718,500,RGB
004749,004749.jpg,718,500,RGB
004750,004750.jpg,718,500,RGB
004751,004751.jpg,718,500,RGB
004752,004752.jpg,718,500,RGB
004753,004753.jpg,718,500,RGB
004754,004754.jpg,718,500,RGB
004755,004755.jpg,718,500,RGB
004756,004756.jpg,718,500,RGB
004757,004757.jpg,718,500,RGB
004758,004758.jpg,718,500,RGB
004759,004759.jpg,718,500,RGB
004760,004760.jpg,718,500,RGB
004761,004761.jpg,818,628,RGB
004762,004762.jpg,718,500,RGB
004763,004763.jpg,718,500,RGB
004764,004764.jpg,718,500,RGB
004765,004765.jpg,718,500,RGB
004766,004766.jpg,718,500,RGB
004767,004767.jpg,718,500,RGB
004768,004768.jpg,718,500,RGB
004769,004769.jpg,718,500,RGB
004770,004770.jpg,439,368,RGB
004771,004771.jpg,439,368,RGB
004772,004772.jpg,718,500,RGB
004773,004773.jpg,718,500,RGB
004774,004774.jpg,718,500,RGB
004775,004775.jpg,718,500,RGB
004776,004776.jpg,718,500,RGB
004777,004777.jpg,818,628,RGB
004778,004778.jpg,818,628,RGB
004779,004779.jpg,818,628,RGB
004780,004780.jpg,818,628,RGB
004781,004781.jpg,498,429,RGB
004782,004782.jpg,439,368,RGB
004783,004783.jpg,439,368,RGB
004784,004784.jpg,718,500,RGB
004785,004785.jpg,718,500,RGB
004786,004786.jpg,718,500,RGB
004787,004787.jpg,718,500,RGB
004788,004788.jpg,498,429,RGB
004789,004789.jpg,498,429,RGB
004790,004790.jpg,718,500,RGB
004791,004791.jpg,718,500,RGB
004792,004792.jpg,439,368,RGB
004793,004793.jpg,439,368,RGB
004794,004794.jpg,718,500,RGB
004795,004795.jpg,718,500,RGB
004796,004796.jpg,718,500,RGB
004797,004797.jpg,718,500,RGB
004798,004798.jpg,818,628,RGB
004799,004799.jpg,818,628,RGB
004800,004800.jpg,818,628,RGB
004801,004801.jpg,818,628,RGB
004802,004802.jpg,718,500,RGB
004803,004803.jpg,718,500,RGB
004804,004804.jpg,818,628,RGB
004805,004805.jpg,818,628,RGB
004806,004806.jpg,818,628,RGB
004807,004807.jpg,718,500,RGB
004808,004808.jpg,718,500,RGB
004809,004809.jpg,718,500,RGB
004810,004810.jpg,718,500,RGB
004811,004811.jpg,718,500,RGB
004812,004812.jpg,718,500,RGB
004813,004813.jpg,718,500,RGB
004814,004814.jpg,718,500,RGB
004815,004815.jpg,718,500,RGB
004816,004816.jpg,718,500,RGB
004817,004817.jpg,718,500,RGB
004818,004818.jpg,718,500,RGB
004819,004819.jpg,718,500,RGB
004820,004820.jpg,718,500,RGB
004821,004821.jpg,718,500,RGB
004822,004822.jpg,718,500,RGB
004823,004823.jpg,818,628,RGB
004824,004824.jpg,818,628,RGB
004825,004825.jpg,818,628,RGB
004826,004826.jpg,718,500,RGB
004827,004827.jpg,718,500,RGB
004828,004828.jpg,718,500,RGB
004829,004829.jpg,818,628,RGB
004830,004830.jpg,818,628,RGB
004831,004831.jpg,818,628,RGB
004832,004832.jpg,818,628,RGB
004833,004833.jpg,818,628,RGB
004834,004834.jpg,498,429,RGB
004835,004835.jpg,498,429,RGB
004836,004836.jpg,498,429,RGB
004837,004837.jpg,718,500,RGB
004838,004838.jpg,718,500,RGB
004839,004839.jpg,718,500,RGB
004840,004840.jpg,718,500,RGB
004841,004841.jpg,718,500,RGB
004842,004842.jpg,818,628,RGB
004843,004843.jpg,818,628,RGB
004844,004844.jpg,818,628,RGB
004845,004845.jpg,818,628,RGB
004846,004846.jpg,718,500,RGB
004847,004847.jpg,718,500,RGB
004848,004848.jpg,718,500,RGB
004849,004849.jpg,718,500,RGB
004850,004850.jpg,718,500,RGB
004851,004851.jpg,718,500,RGB
004852,004852.jpg,718,500,RGB
004853,004853.jpg,718,500,RGB
004854,004854.jpg,718,500,RGB
004855,004855.jpg,718,500,RGB
004856,004856.jpg,718,500,RGB
004857,004857.jpg,718,500,RGB
004858,004858.jpg,718,500,RGB
004859,004859.jpg,818,628,RGB
004860,004860.jpg,818,628,RGB
004861,004861.jpg,818,628,RGB
004862,004862.jpg,718,500,RGB
004863,004863.jpg,718,500,RGB
004864,004864.jpg,718,500,RGB
004865,004865.jpg,718,500,RGB
004866,004866.jpg,718,500,RGB
004867,004867.jpg,718,500,RGB
004868,004868.jpg,718,500,RGB
004869,004869.jpg,718,500,RGB
004870,004870.jpg,718,500,RGB
004871,004871.jpg,818,628,RGB
004872,004872.jpg,818,628,RGB
004873,004873.jpg,718,500,RGB
004874,004874.jpg,718,500,RGB
004875,004875.jpg,718,500,RGB
004876,004876.jpg,718,500,RGB
004877,004877.jpg,718,500,RGB
004878,004878.jpg,718,500,RGB
004879,004879.jpg,718,500,RGB
004880,004880.jpg,718,500,RGB
004881,004881.jpg,718,500,RGB
004882,004882.jpg,718,500,RGB
004883,004883.jpg,718,500,RGB
004884,004884.jpg,718,500,RGB
004885,004885.jpg,718,500,RGB
004886,004886.jpg,718,500,RGB
004887,004887.jpg,718,500,RGB
004888,004888.jpg,718,500,RGB
004889,004889.jpg,718,500,RGB
004890,004890.jpg,718,500,RGB
004891,004891.jpg,718,500,RGB
004892,004892.jpg,718,500,RGB
004893,004893.jpg,718,500,RGB
004894,004894.jpg,718,500,RGB
004895,004895.jpg,718,500,RGB
004896,004896.jpg,718,500,RGB
004897,004897.jpg,718,500,RGB
004898,004898.jpg,718,500,RGB
004899,004899.jpg,718,500,RGB
004900,004900.jpg,718,500,RGB
004901,004901.jpg,718,500,RGB
004902,004902.jpg,818,628,RGB
004903,004903.jpg,818,628,RGB
004904,004904.jpg,818,628,RGB
004905,004905.jpg,818,628,RGB
004906,004906.jpg,818,628,RGB
004907,004907.jpg,718,500,RGB
004908,004908.jpg,718,500,RGB
004909,004909.jpg,718,500,RGB
004910,004910.jpg,718,500,RGB
004911,004911.jpg,718,500,RGB
004912,004912.jpg,718,500,RGB
004913,004913.jpg,718,500,RGB
004914,004914.jpg,718,500,RGB
004915,004915.jpg,718,500,RGB
004916,004916.jpg,718,500,RGB
004917,004917.jpg,718,500,RGB
004918,004918.jpg,718,500,RGB
004919,004919.jpg,718,500,RGB
004920,004920.jpg,718,500,RGB
004921,004921.jpg,718,500,RGB
004922,004922.jpg,718,500,RGB
004923,004923.jpg,718,500,RGB
004924,004924.jpg,818,628,RGB
004925,004925.jpg,818,628,RGB
004926,004926.jpg,718,500,RGB
004927,004927.jpg,818,628,RGB
004928,004928.jpg,818,628,RGB
004929,004929.jpg,718,500,RGB
004930,004930.jpg,718,500,RGB
004931,004931.jpg,718,500,RGB
004932,004932.jpg,718,500,RGB
004933,004933.jpg,718,500,RGB
004934,004934.jpg,439,368,RGB
004935,004935.jpg,718,500,RGB
004936,004936.jpg,818,628,RGB
004937,004937.jpg,818,628,RGB
004938,004938.jpg,718,500,RGB
004939,004939.jpg,718,500,RGB
004940,004940.jpg,718,500,RGB
004941,004941.jpg,718,500,RGB
004942,004942.jpg,718,500,RGB
004943,004943.jpg,718,500,RGB
004944,004944.jpg,718,500,RGB
004945,004945.jpg,718,500,RGB
004946,004946.jpg,718,500,RGB
004947,004947.jpg,718,500,RGB
004948,004948.jpg,718,500,RGB
004949,004949.jpg,718,500,RGB
004950,004950.jpg,718,500,RGB
004951,004951.jpg,718,500,RGB
004952,004952.jpg,718,500,RGB
004953,004953.jpg,718,500,RGB
004954,004954.jpg,718,500,RGB
004955,004955.jpg,718,500,RGB
004956,004956.jpg,718,500,RGB
004957,004957.jpg,718,500,RGB
004958,004958.jpg,718,500,RGB
004959,004959.jpg,718,500,RGB
004960,004960.jpg,718,500,RGB
004961,004961.jpg,718,500,RGB
004962,004962.jpg,718,500,RGB
004963,004963.jpg,718,500,RGB
004964,004964.jpg,718,500,RGB
004965,004965.jpg,818,628,RGB
004966,004966.jpg,818,628,RGB
004967,004967.jpg,718,500,RGB
004968,004968.jpg,498,429,RGB
004969,004969.jpg,498,429,RGB
004970,004970.jpg,498,429,RGB
004971,004971.jpg,498,429,RGB
004972,004972.jpg,498,429,RGB
004973,004973.jpg,498,429,RGB
004974,004974.jpg,818,628,RGB
004975,004975.jpg,818,628,RGB
004976,004976.jpg,718,500,RGB
004977,004977.jpg,818,628,RGB
004978,004978.jpg,818,628,RGB
004979,004979.jpg,439,368,RGB
004980,004980.jpg,718,500,RGB
004981,004981.jpg,718,500,RGB
004982,004982.jpg,718,500,RGB
004983,004983.jpg,718,500,RGB
004984,004984.jpg,718,500,RGB
004985,004985.jpg,718,500,RGB
004986,004986.jpg,718,500,RGB
004987,004987.jpg,718,500,RGB
004988,004988.jpg,718,500,RGB
004989,004989.jpg,718,500,RGB
004990,004990.jpg,718,500,RGB
004991,004991.jpg,718,500,RGB
004992,004992.jpg,718,500,RGB
004993,004993.jpg,718,500,RGB
004994,004994.jpg,718,500,RGB
004995,004995.jpg,718,500,RGB
004996,004996.jpg,718,500,RGB
004997,004997.jpg,718,500,RGB
004998,004998.jpg,718,500,RGB
004999,004999.jpg,718,500,RGB
005000,005000.jpg,718,500,RGB
